{
  "sentences": [
    {
      "text": {
        "content": "EMO - Shih Tzu 3 years old Male For Adoption",
        "beginOffset": -1
      },
      "sentiment": {
        "magnitude": 0,
        "score": 0
      }
    }
  ],
  "tokens": [],
  "entities": [
    {
      "name": "EMO - Shih Tzu",
      "type": "ORGANIZATION",
      "metadata": {},
      "salience": 0.7514119,
      "mentions": [
        {
          "text": {
            "content": "EMO - Shih Tzu",
            "beginOffset": -1
          },
          "type": "PROPER"
        }
      ]
    },
    {
      "name": "Male For Adoption",
      "type": "PERSON",
      "metadata": {},
      "salience": 0.24858809,
      "mentions": [
        {
          "text": {
            "content": "Male For Adoption",
            "beginOffset": -1
          },
          "type": "PROPER"
        }
      ]
    }
  ],
  "documentSentiment": {
    "magnitude": 0,
    "score": 0
  },
  "language": "en",
  "categories": []
}
