{
  "sentences": [
    {
      "text": {
        "content": "Dlh male for adoption adoption fee rm for further info pls pm me at",
        "beginOffset": -1
      },
      "sentiment": {
        "magnitude": 0,
        "score": 0
      }
    }
  ],
  "tokens": [],
  "entities": [
    {
      "name": "male",
      "type": "PERSON",
      "metadata": {},
      "salience": 0.57345194,
      "mentions": [
        {
          "text": {
            "content": "male",
            "beginOffset": -1
          },
          "type": "COMMON"
        }
      ]
    },
    {
      "name": "rm",
      "type": "OTHER",
      "metadata": {},
      "salience": 0.18458125,
      "mentions": [
        {
          "text": {
            "content": "rm",
            "beginOffset": -1
          },
          "type": "COMMON"
        }
      ]
    },
    {
      "name": "adoption adoption fee",
      "type": "OTHER",
      "metadata": {},
      "salience": 0.18251401,
      "mentions": [
        {
          "text": {
            "content": "adoption adoption fee",
            "beginOffset": -1
          },
          "type": "COMMON"
        }
      ]
    },
    {
      "name": "info",
      "type": "OTHER",
      "metadata": {},
      "salience": 0.059452817,
      "mentions": [
        {
          "text": {
            "content": "info",
            "beginOffset": -1
          },
          "type": "COMMON"
        }
      ]
    }
  ],
  "documentSentiment": {
    "magnitude": 0,
    "score": 0
  },
  "language": "en",
  "categories": []
}
