{
  "sentences": [
    {
      "text": {
        "content": "Jin Jin is the only pup of 5 that could be caught.",
        "beginOffset": -1
      },
      "sentiment": {
        "magnitude": 0,
        "score": 0
      }
    },
    {
      "text": {
        "content": "one sibling was already ran over &amp; the rest were shuttling around the streets in Sri Damasara.",
        "beginOffset": -1
      },
      "sentiment": {
        "magnitude": 0.1,
        "score": -0.1
      }
    },
    {
      "text": {
        "content": "She came in dehydrated &amp; had to be hydrated with oral hydration fluid with a syringe.",
        "beginOffset": -1
      },
      "sentiment": {
        "magnitude": 0.4,
        "score": 0.4
      }
    },
    {
      "text": {
        "content": "Today, she is full of beans.",
        "beginOffset": -1
      },
      "sentiment": {
        "magnitude": 0,
        "score": 0
      }
    },
    {
      "text": {
        "content": "One true bred Malaysian Dog with slix short shining black hair.We are very proud to say we did restored her confidence &amp; she is trained to be independent.",
        "beginOffset": -1
      },
      "sentiment": {
        "magnitude": 0.9,
        "score": 0.9
      }
    },
    {
      "text": {
        "content": "Some bypassed her because she looks ordinary.",
        "beginOffset": -1
      },
      "sentiment": {
        "magnitude": 0.5,
        "score": -0.5
      }
    },
    {
      "text": {
        "content": "BUT, Auntie Elie &amp; her husband saw the confident independent little soul with slix shining hair &amp; love her instantly.",
        "beginOffset": -1
      },
      "sentiment": {
        "magnitude": 0.9,
        "score": 0.9
      }
    },
    {
      "text": {
        "content": "Tomorrow she is going to join 3 6 yrs old aunties who will all fuss over her with SF soace to run.",
        "beginOffset": -1
      },
      "sentiment": {
        "magnitude": 0.4,
        "score": -0.4
      }
    },
    {
      "text": {
        "content": "Jin JIn ,your day is made.",
        "beginOffset": -1
      },
      "sentiment": {
        "magnitude": 0,
        "score": 0
      }
    },
    {
      "text": {
        "content": "Pls call Jackie to visit her.",
        "beginOffset": -1
      },
      "sentiment": {
        "magnitude": 0,
        "score": 0
      }
    }
  ],
  "tokens": [],
  "entities": [
    {
      "name": "Jin Jin",
      "type": "OTHER",
      "metadata": {},
      "salience": 0.44848478,
      "mentions": [
        {
          "text": {
            "content": "Jin Jin",
            "beginOffset": -1
          },
          "type": "PROPER"
        },
        {
          "text": {
            "content": "pup",
            "beginOffset": -1
          },
          "type": "COMMON"
        }
      ]
    },
    {
      "name": "sibling",
      "type": "PERSON",
      "metadata": {},
      "salience": 0.3048382,
      "mentions": [
        {
          "text": {
            "content": "sibling",
            "beginOffset": -1
          },
          "type": "COMMON"
        }
      ]
    },
    {
      "name": "Auntie Elie",
      "type": "PERSON",
      "metadata": {},
      "salience": 0.09240239,
      "mentions": [
        {
          "text": {
            "content": "Auntie Elie",
            "beginOffset": -1
          },
          "type": "PROPER"
        }
      ]
    },
    {
      "name": "Jackie",
      "type": "PERSON",
      "metadata": {},
      "salience": 0.017738136,
      "mentions": [
        {
          "text": {
            "content": "Jackie",
            "beginOffset": -1
          },
          "type": "PROPER"
        }
      ]
    },
    {
      "name": "rest",
      "type": "PERSON",
      "metadata": {},
      "salience": 0.01631722,
      "mentions": [
        {
          "text": {
            "content": "rest",
            "beginOffset": -1
          },
          "type": "COMMON"
        }
      ]
    },
    {
      "name": "streets",
      "type": "LOCATION",
      "metadata": {},
      "salience": 0.013922094,
      "mentions": [
        {
          "text": {
            "content": "streets",
            "beginOffset": -1
          },
          "type": "COMMON"
        }
      ]
    },
    {
      "name": "hair.",
      "type": "OTHER",
      "metadata": {},
      "salience": 0.010719293,
      "mentions": [
        {
          "text": {
            "content": "hair.",
            "beginOffset": -1
          },
          "type": "COMMON"
        }
      ]
    },
    {
      "name": "Dog",
      "type": "OTHER",
      "metadata": {},
      "salience": 0.009420976,
      "mentions": [
        {
          "text": {
            "content": "Dog",
            "beginOffset": -1
          },
          "type": "COMMON"
        }
      ]
    },
    {
      "name": "syringe",
      "type": "CONSUMER_GOOD",
      "metadata": {},
      "salience": 0.009364684,
      "mentions": [
        {
          "text": {
            "content": "syringe",
            "beginOffset": -1
          },
          "type": "COMMON"
        }
      ]
    },
    {
      "name": "hydration fluid",
      "type": "OTHER",
      "metadata": {},
      "salience": 0.009364684,
      "mentions": [
        {
          "text": {
            "content": "hydration fluid",
            "beginOffset": -1
          },
          "type": "COMMON"
        }
      ]
    },
    {
      "name": "beans",
      "type": "OTHER",
      "metadata": {},
      "salience": 0.009331735,
      "mentions": [
        {
          "text": {
            "content": "beans",
            "beginOffset": -1
          },
          "type": "COMMON"
        }
      ]
    },
    {
      "name": "Some",
      "type": "PERSON",
      "metadata": {},
      "salience": 0.008627248,
      "mentions": [
        {
          "text": {
            "content": "Some",
            "beginOffset": -1
          },
          "type": "COMMON"
        }
      ]
    },
    {
      "name": "Sri Damasara",
      "type": "LOCATION",
      "metadata": {
        "wikipedia_url": "https://en.wikipedia.org/wiki/Bandar_Sri_Damansara",
        "mid": "/m/0czg9y"
      },
      "salience": 0.008250945,
      "mentions": [
        {
          "text": {
            "content": "Sri Damasara",
            "beginOffset": -1
          },
          "type": "PROPER"
        }
      ]
    },
    {
      "name": "confidence",
      "type": "OTHER",
      "metadata": {},
      "salience": 0.00719387,
      "mentions": [
        {
          "text": {
            "content": "confidence",
            "beginOffset": -1
          },
          "type": "COMMON"
        }
      ]
    },
    {
      "name": "fuss",
      "type": "OTHER",
      "metadata": {},
      "salience": 0.0064837914,
      "mentions": [
        {
          "text": {
            "content": "fuss",
            "beginOffset": -1
          },
          "type": "COMMON"
        }
      ]
    },
    {
      "name": "aunties",
      "type": "PERSON",
      "metadata": {},
      "salience": 0.0062143826,
      "mentions": [
        {
          "text": {
            "content": "aunties",
            "beginOffset": -1
          },
          "type": "COMMON"
        }
      ]
    },
    {
      "name": "Malaysian",
      "type": "LOCATION",
      "metadata": {
        "mid": "/m/09pmkv",
        "wikipedia_url": "https://en.wikipedia.org/wiki/Malaysia"
      },
      "salience": 0.0055774166,
      "mentions": [
        {
          "text": {
            "content": "Malaysian",
            "beginOffset": -1
          },
          "type": "PROPER"
        }
      ]
    },
    {
      "name": "Jin JIn",
      "type": "OTHER",
      "metadata": {},
      "salience": 0.0041145207,
      "mentions": [
        {
          "text": {
            "content": "Jin JIn",
            "beginOffset": -1
          },
          "type": "PROPER"
        }
      ]
    },
    {
      "name": "hair",
      "type": "OTHER",
      "metadata": {},
      "salience": 0.003245815,
      "mentions": [
        {
          "text": {
            "content": "hair",
            "beginOffset": -1
          },
          "type": "COMMON"
        }
      ]
    },
    {
      "name": "husband",
      "type": "PERSON",
      "metadata": {},
      "salience": 0.0028511875,
      "mentions": [
        {
          "text": {
            "content": "husband",
            "beginOffset": -1
          },
          "type": "COMMON"
        }
      ]
    },
    {
      "name": "soul",
      "type": "OTHER",
      "metadata": {},
      "salience": 0.0028511875,
      "mentions": [
        {
          "text": {
            "content": "soul",
            "beginOffset": -1
          },
          "type": "COMMON"
        }
      ]
    },
    {
      "name": "SF soace",
      "type": "OTHER",
      "metadata": {},
      "salience": 0.0026854223,
      "mentions": [
        {
          "text": {
            "content": "SF soace",
            "beginOffset": -1
          },
          "type": "PROPER"
        }
      ]
    }
  ],
  "documentSentiment": {
    "magnitude": 3.5,
    "score": 0.1
  },
  "language": "en",
  "categories": []
}
