{
  "sentences": [
    {
      "text": {
        "content": "For those are interested,pls call me female semi flat 2 month old Hyper aktif andno fungus thnks for view",
        "beginOffset": -1
      },
      "sentiment": {
        "magnitude": 0.3,
        "score": 0.3
      }
    }
  ],
  "tokens": [],
  "entities": [
    {
      "name": "fungus thnks",
      "type": "OTHER",
      "metadata": {},
      "salience": 0.4483406,
      "mentions": [
        {
          "text": {
            "content": "fungus thnks",
            "beginOffset": -1
          },
          "type": "COMMON"
        }
      ]
    },
    {
      "name": "view",
      "type": "OTHER",
      "metadata": {},
      "salience": 0.27395195,
      "mentions": [
        {
          "text": {
            "content": "view",
            "beginOffset": -1
          },
          "type": "COMMON"
        }
      ]
    },
    {
      "name": "aktif",
      "type": "OTHER",
      "metadata": {},
      "salience": 0.17395404,
      "mentions": [
        {
          "text": {
            "content": "aktif",
            "beginOffset": -1
          },
          "type": "COMMON"
        }
      ]
    },
    {
      "name": "Hyper",
      "type": "OTHER",
      "metadata": {},
      "salience": 0.1037534,
      "mentions": [
        {
          "text": {
            "content": "Hyper",
            "beginOffset": -1
          },
          "type": "PROPER"
        }
      ]
    }
  ],
  "documentSentiment": {
    "magnitude": 0.3,
    "score": 0.3
  },
  "language": "en",
  "categories": []
}
