{
  "sentences": [
    {
      "text": {
        "content": "Tammy is a full black female dog and has been spayed.",
        "beginOffset": -1
      },
      "sentiment": {
        "magnitude": 0,
        "score": 0
      }
    },
    {
      "text": {
        "content": "She is a very calm and a playful dog.",
        "beginOffset": -1
      },
      "sentiment": {
        "magnitude": 0.8,
        "score": 0.8
      }
    },
    {
      "text": {
        "content": "Anyone interested to give her a good home, kindly contact me at /.",
        "beginOffset": -1
      },
      "sentiment": {
        "magnitude": 0.7,
        "score": 0.7
      }
    },
    {
      "text": {
        "content": "Free transportation can be arranged if you are from KL, Selangor, NS, Melaka or JB.",
        "beginOffset": -1
      },
      "sentiment": {
        "magnitude": 0.4,
        "score": 0.4
      }
    },
    {
      "text": {
        "content": "p/s: No tying up or caging or letting her out without leash.",
        "beginOffset": -1
      },
      "sentiment": {
        "magnitude": 0.4,
        "score": -0.4
      }
    },
    {
      "text": {
        "content": "Thank you..",
        "beginOffset": -1
      },
      "sentiment": {
        "magnitude": 0.1,
        "score": 0.1
      }
    }
  ],
  "tokens": [],
  "entities": [
    {
      "name": "Tammy",
      "type": "PERSON",
      "metadata": {},
      "salience": 0.601177,
      "mentions": [
        {
          "text": {
            "content": "Tammy",
            "beginOffset": -1
          },
          "type": "PROPER"
        }
      ]
    },
    {
      "name": "dog",
      "type": "OTHER",
      "metadata": {},
      "salience": 0.22169718,
      "mentions": [
        {
          "text": {
            "content": "dog",
            "beginOffset": -1
          },
          "type": "COMMON"
        }
      ]
    },
    {
      "name": "Anyone",
      "type": "PERSON",
      "metadata": {},
      "salience": 0.052706327,
      "mentions": [
        {
          "text": {
            "content": "Anyone",
            "beginOffset": -1
          },
          "type": "COMMON"
        }
      ]
    },
    {
      "name": "dog",
      "type": "OTHER",
      "metadata": {},
      "salience": 0.02367452,
      "mentions": [
        {
          "text": {
            "content": "dog",
            "beginOffset": -1
          },
          "type": "COMMON"
        }
      ]
    },
    {
      "name": "transportation",
      "type": "OTHER",
      "metadata": {},
      "salience": 0.019191952,
      "mentions": [
        {
          "text": {
            "content": "transportation",
            "beginOffset": -1
          },
          "type": "COMMON"
        }
      ]
    },
    {
      "name": "home",
      "type": "LOCATION",
      "metadata": {},
      "salience": 0.01603777,
      "mentions": [
        {
          "text": {
            "content": "home",
            "beginOffset": -1
          },
          "type": "COMMON"
        }
      ]
    },
    {
      "name": "p/s",
      "type": "OTHER",
      "metadata": {},
      "salience": 0.014453745,
      "mentions": [
        {
          "text": {
            "content": "p/s",
            "beginOffset": -1
          },
          "type": "COMMON"
        }
      ]
    },
    {
      "name": "caging",
      "type": "OTHER",
      "metadata": {},
      "salience": 0.014453745,
      "mentions": [
        {
          "text": {
            "content": "caging",
            "beginOffset": -1
          },
          "type": "COMMON"
        }
      ]
    },
    {
      "name": "KL",
      "type": "LOCATION",
      "metadata": {},
      "salience": 0.011384088,
      "mentions": [
        {
          "text": {
            "content": "KL",
            "beginOffset": -1
          },
          "type": "PROPER"
        }
      ]
    },
    {
      "name": "leash",
      "type": "OTHER",
      "metadata": {},
      "salience": 0.010135325,
      "mentions": [
        {
          "text": {
            "content": "leash",
            "beginOffset": -1
          },
          "type": "COMMON"
        }
      ]
    },
    {
      "name": "Selangor",
      "type": "LOCATION",
      "metadata": {
        "mid": "/m/01jc9d",
        "wikipedia_url": "https://en.wikipedia.org/wiki/Selangor"
      },
      "salience": 0.003772088,
      "mentions": [
        {
          "text": {
            "content": "Selangor",
            "beginOffset": -1
          },
          "type": "PROPER"
        }
      ]
    },
    {
      "name": "NS",
      "type": "ORGANIZATION",
      "metadata": {},
      "salience": 0.003772088,
      "mentions": [
        {
          "text": {
            "content": "NS",
            "beginOffset": -1
          },
          "type": "PROPER"
        }
      ]
    },
    {
      "name": "Melaka",
      "type": "LOCATION",
      "metadata": {
        "mid": "/m/0dhf5",
        "wikipedia_url": "https://en.wikipedia.org/wiki/Malacca"
      },
      "salience": 0.003772088,
      "mentions": [
        {
          "text": {
            "content": "Melaka",
            "beginOffset": -1
          },
          "type": "PROPER"
        }
      ]
    },
    {
      "name": "JB",
      "type": "PERSON",
      "metadata": {
        "mid": "/m/09g8tdm",
        "wikipedia_url": "https://en.wikipedia.org/wiki/J._B._Pritzker"
      },
      "salience": 0.003772088,
      "mentions": [
        {
          "text": {
            "content": "JB",
            "beginOffset": -1
          },
          "type": "PROPER"
        }
      ]
    }
  ],
  "documentSentiment": {
    "magnitude": 2.7,
    "score": 0.3
  },
  "language": "en",
  "categories": []
}
