{
  "sentences": [
    {
      "text": {
        "content": "DOB: July I have cute floppy ears, squarish-round muzzle, I look like a mini mastiff!",
        "beginOffset": -1
      },
      "sentiment": {
        "magnitude": 0.5,
        "score": 0.5
      }
    },
    {
      "text": {
        "content": "I am gentle and I would like some love from humans.",
        "beginOffset": -1
      },
      "sentiment": {
        "magnitude": 0.8,
        "score": 0.8
      }
    },
    {
      "text": {
        "content": "Please visit Paws, PJ for adoption.",
        "beginOffset": -1
      },
      "sentiment": {
        "magnitude": 0,
        "score": 0
      }
    },
    {
      "text": {
        "content": "More info @ Fb page : Adoption Page - PAWS PJ There are a lot more at the shelter, do drop by to visit / volunteer/donate.",
        "beginOffset": -1
      },
      "sentiment": {
        "magnitude": 0.2,
        "score": 0.2
      }
    }
  ],
  "tokens": [],
  "entities": [
    {
      "name": "ears",
      "type": "OTHER",
      "metadata": {},
      "salience": 0.27732924,
      "mentions": [
        {
          "text": {
            "content": "ears",
            "beginOffset": -1
          },
          "type": "COMMON"
        }
      ]
    },
    {
      "name": "DOB",
      "type": "LOCATION",
      "metadata": {},
      "salience": 0.17102435,
      "mentions": [
        {
          "text": {
            "content": "DOB",
            "beginOffset": -1
          },
          "type": "PROPER"
        }
      ]
    },
    {
      "name": "muzzle",
      "type": "OTHER",
      "metadata": {},
      "salience": 0.11127154,
      "mentions": [
        {
          "text": {
            "content": "muzzle",
            "beginOffset": -1
          },
          "type": "COMMON"
        }
      ]
    },
    {
      "name": "mini mastiff",
      "type": "OTHER",
      "metadata": {},
      "salience": 0.075768284,
      "mentions": [
        {
          "text": {
            "content": "mini mastiff",
            "beginOffset": -1
          },
          "type": "COMMON"
        }
      ]
    },
    {
      "name": "@ Fb",
      "type": "OTHER",
      "metadata": {},
      "salience": 0.06709776,
      "mentions": [
        {
          "text": {
            "content": "page",
            "beginOffset": -1
          },
          "type": "COMMON"
        },
        {
          "text": {
            "content": "@ Fb",
            "beginOffset": -1
          },
          "type": "PROPER"
        }
      ]
    },
    {
      "name": "love",
      "type": "OTHER",
      "metadata": {},
      "salience": 0.040969677,
      "mentions": [
        {
          "text": {
            "content": "love",
            "beginOffset": -1
          },
          "type": "COMMON"
        }
      ]
    },
    {
      "name": "adoption",
      "type": "OTHER",
      "metadata": {},
      "salience": 0.03861232,
      "mentions": [
        {
          "text": {
            "content": "adoption",
            "beginOffset": -1
          },
          "type": "COMMON"
        }
      ]
    },
    {
      "name": "humans",
      "type": "PERSON",
      "metadata": {},
      "salience": 0.03716366,
      "mentions": [
        {
          "text": {
            "content": "humans",
            "beginOffset": -1
          },
          "type": "COMMON"
        }
      ]
    },
    {
      "name": "info",
      "type": "OTHER",
      "metadata": {},
      "salience": 0.033018433,
      "mentions": [
        {
          "text": {
            "content": "info",
            "beginOffset": -1
          },
          "type": "COMMON"
        }
      ]
    },
    {
      "name": "Paws",
      "type": "OTHER",
      "metadata": {},
      "salience": 0.03225855,
      "mentions": [
        {
          "text": {
            "content": "Paws",
            "beginOffset": -1
          },
          "type": "PROPER"
        }
      ]
    },
    {
      "name": "Adoption Page",
      "type": "OTHER",
      "metadata": {},
      "salience": 0.028630154,
      "mentions": [
        {
          "text": {
            "content": "PAWS",
            "beginOffset": -1
          },
          "type": "COMMON"
        },
        {
          "text": {
            "content": "Adoption Page",
            "beginOffset": -1
          },
          "type": "PROPER"
        }
      ]
    },
    {
      "name": "shelter",
      "type": "LOCATION",
      "metadata": {},
      "salience": 0.025544716,
      "mentions": [
        {
          "text": {
            "content": "shelter",
            "beginOffset": -1
          },
          "type": "COMMON"
        }
      ]
    },
    {
      "name": "donate",
      "type": "OTHER",
      "metadata": {},
      "salience": 0.023162544,
      "mentions": [
        {
          "text": {
            "content": "donate",
            "beginOffset": -1
          },
          "type": "COMMON"
        }
      ]
    },
    {
      "name": "PJ There",
      "type": "PERSON",
      "metadata": {},
      "salience": 0.02024001,
      "mentions": [
        {
          "text": {
            "content": "PJ",
            "beginOffset": -1
          },
          "type": "PROPER"
        },
        {
          "text": {
            "content": "PJ There",
            "beginOffset": -1
          },
          "type": "PROPER"
        }
      ]
    },
    {
      "name": "volunteer",
      "type": "OTHER",
      "metadata": {},
      "salience": 0.017908765,
      "mentions": [
        {
          "text": {
            "content": "volunteer",
            "beginOffset": -1
          },
          "type": "COMMON"
        }
      ]
    }
  ],
  "documentSentiment": {
    "magnitude": 1.6,
    "score": 0.4
  },
  "language": "en",
  "categories": []
}
