{
  "sentences": [
    {
      "text": {
        "content": "she's so manja from any of my cat at home.",
        "beginOffset": -1
      },
      "sentiment": {
        "magnitude": 0.1,
        "score": 0.1
      }
    },
    {
      "text": {
        "content": "actually my fren give her to me but she was sick at that time.",
        "beginOffset": -1
      },
      "sentiment": {
        "magnitude": 0.2,
        "score": -0.2
      }
    },
    {
      "text": {
        "content": "i bought her to see Dr Vet and she's healthy now.",
        "beginOffset": -1
      },
      "sentiment": {
        "magnitude": 0,
        "score": 0
      }
    },
    {
      "text": {
        "content": "Rm70 is for the medication cost.",
        "beginOffset": -1
      },
      "sentiment": {
        "magnitude": 0,
        "score": 0
      }
    },
    {
      "text": {
        "content": "i have too many cat now and hope to find a good family for her..im still studying so i dont have enough budget to raise her..just give me a message if u interested to adopt her..",
        "beginOffset": -1
      },
      "sentiment": {
        "magnitude": 0.5,
        "score": 0.5
      }
    }
  ],
  "tokens": [],
  "entities": [
    {
      "name": "cat",
      "type": "OTHER",
      "metadata": {},
      "salience": 0.2387557,
      "mentions": [
        {
          "text": {
            "content": "cat",
            "beginOffset": -1
          },
          "type": "COMMON"
        }
      ]
    },
    {
      "name": "any",
      "type": "OTHER",
      "metadata": {},
      "salience": 0.21136114,
      "mentions": [
        {
          "text": {
            "content": "any",
            "beginOffset": -1
          },
          "type": "COMMON"
        }
      ]
    },
    {
      "name": "home",
      "type": "LOCATION",
      "metadata": {},
      "salience": 0.21136114,
      "mentions": [
        {
          "text": {
            "content": "home",
            "beginOffset": -1
          },
          "type": "COMMON"
        }
      ]
    },
    {
      "name": "family",
      "type": "PERSON",
      "metadata": {},
      "salience": 0.10111007,
      "mentions": [
        {
          "text": {
            "content": "family",
            "beginOffset": -1
          },
          "type": "COMMON"
        }
      ]
    },
    {
      "name": "fren",
      "type": "OTHER",
      "metadata": {},
      "salience": 0.06612064,
      "mentions": [
        {
          "text": {
            "content": "fren",
            "beginOffset": -1
          },
          "type": "COMMON"
        }
      ]
    },
    {
      "name": "Vet",
      "type": "PERSON",
      "metadata": {
        "wikipedia_url": "https://en.wikipedia.org/wiki/Veterinary_physician",
        "mid": "/m/01hbsc"
      },
      "salience": 0.06405605,
      "mentions": [
        {
          "text": {
            "content": "Vet",
            "beginOffset": -1
          },
          "type": "PROPER"
        },
        {
          "text": {
            "content": "Dr",
            "beginOffset": -1
          },
          "type": "COMMON"
        }
      ]
    },
    {
      "name": "cat",
      "type": "OTHER",
      "metadata": {},
      "salience": 0.02808251,
      "mentions": [
        {
          "text": {
            "content": "cat",
            "beginOffset": -1
          },
          "type": "COMMON"
        }
      ]
    },
    {
      "name": "medication cost",
      "type": "OTHER",
      "metadata": {},
      "salience": 0.025057891,
      "mentions": [
        {
          "text": {
            "content": "medication cost",
            "beginOffset": -1
          },
          "type": "COMMON"
        }
      ]
    },
    {
      "name": "Rm70",
      "type": "OTHER",
      "metadata": {},
      "salience": 0.019439314,
      "mentions": [
        {
          "text": {
            "content": "Rm70",
            "beginOffset": -1
          },
          "type": "PROPER"
        }
      ]
    },
    {
      "name": "budget",
      "type": "OTHER",
      "metadata": {},
      "salience": 0.018626325,
      "mentions": [
        {
          "text": {
            "content": "budget",
            "beginOffset": -1
          },
          "type": "COMMON"
        }
      ]
    },
    {
      "name": "message",
      "type": "OTHER",
      "metadata": {},
      "salience": 0.010084678,
      "mentions": [
        {
          "text": {
            "content": "message",
            "beginOffset": -1
          },
          "type": "COMMON"
        }
      ]
    },
    {
      "name": "im",
      "type": "OTHER",
      "metadata": {},
      "salience": 0.005944548,
      "mentions": [
        {
          "text": {
            "content": "im",
            "beginOffset": -1
          },
          "type": "COMMON"
        }
      ]
    }
  ],
  "documentSentiment": {
    "magnitude": 1.1,
    "score": 0
  },
  "language": "en",
  "categories": []
}
