{
  "sentences": [
    {
      "text": {
        "content": "LOOKING FOR A FOREVER HOME FOR HIM",
        "beginOffset": -1
      },
      "sentiment": {
        "magnitude": 0.4,
        "score": 0.4
      }
    }
  ],
  "tokens": [],
  "entities": [
    {
      "name": "FOREVER",
      "type": "OTHER",
      "metadata": {},
      "salience": 0.37779677,
      "mentions": [
        {
          "text": {
            "content": "FOREVER",
            "beginOffset": -1
          },
          "type": "COMMON"
        }
      ]
    },
    {
      "name": "HOME",
      "type": "OTHER",
      "metadata": {},
      "salience": 0.35031164,
      "mentions": [
        {
          "text": {
            "content": "HOME",
            "beginOffset": -1
          },
          "type": "COMMON"
        }
      ]
    },
    {
      "name": "HIM",
      "type": "OTHER",
      "metadata": {},
      "salience": 0.27189156,
      "mentions": [
        {
          "text": {
            "content": "HIM",
            "beginOffset": -1
          },
          "type": "COMMON"
        }
      ]
    }
  ],
  "documentSentiment": {
    "magnitude": 0.4,
    "score": 0.4
  },
  "language": "en",
  "categories": []
}
