{
  "sentences": [
    {
      "text": {
        "content": "Trenny (MKA registed) was adopted in Jun from Mr. Shankar my old school mate.",
        "beginOffset": -1
      },
      "sentiment": {
        "magnitude": 0,
        "score": 0
      }
    },
    {
      "text": {
        "content": "She bited and damaged the new imported Luxus car (front and rear bumper sensors) on the 1st night.",
        "beginOffset": -1
      },
      "sentiment": {
        "magnitude": 0.2,
        "score": 0.2
      }
    },
    {
      "text": {
        "content": "All her bad movement was captured on CCTV ha!",
        "beginOffset": -1
      },
      "sentiment": {
        "magnitude": 0.6,
        "score": -0.6
      }
    },
    {
      "text": {
        "content": "ha!",
        "beginOffset": -1
      },
      "sentiment": {
        "magnitude": 0.1,
        "score": 0.1
      }
    },
    {
      "text": {
        "content": "ha!",
        "beginOffset": -1
      },
      "sentiment": {
        "magnitude": 0.1,
        "score": 0.1
      }
    },
    {
      "text": {
        "content": "My dear friend Shankar have to paid RM+ for the bumpers and Electronic Sensors Board not including Custom TAX have to direct part order from Japan and waited for 3 weeks long to reached Malaysia.",
        "beginOffset": -1
      },
      "sentiment": {
        "magnitude": 0,
        "score": 0
      }
    },
    {
      "text": {
        "content": "Ha!",
        "beginOffset": -1
      },
      "sentiment": {
        "magnitude": 0.1,
        "score": 0.1
      }
    },
    {
      "text": {
        "content": "Ha!",
        "beginOffset": -1
      },
      "sentiment": {
        "magnitude": 0.1,
        "score": 0.1
      }
    },
    {
      "text": {
        "content": "Ha!",
        "beginOffset": -1
      },
      "sentiment": {
        "magnitude": 0.1,
        "score": 0.1
      }
    },
    {
      "text": {
        "content": "WHAT A GOOD LAUGH",
        "beginOffset": -1
      },
      "sentiment": {
        "magnitude": 0.7,
        "score": 0.7
      }
    }
  ],
  "tokens": [],
  "entities": [
    {
      "name": "Trenny",
      "type": "PERSON",
      "metadata": {},
      "salience": 0.4085617,
      "mentions": [
        {
          "text": {
            "content": "Trenny",
            "beginOffset": -1
          },
          "type": "PROPER"
        }
      ]
    },
    {
      "name": "Shankar",
      "type": "PERSON",
      "metadata": {},
      "salience": 0.18707497,
      "mentions": [
        {
          "text": {
            "content": "Shankar",
            "beginOffset": -1
          },
          "type": "PROPER"
        },
        {
          "text": {
            "content": "Mr.",
            "beginOffset": -1
          },
          "type": "COMMON"
        },
        {
          "text": {
            "content": "Shankar",
            "beginOffset": -1
          },
          "type": "PROPER"
        }
      ]
    },
    {
      "name": "MKA registed",
      "type": "OTHER",
      "metadata": {},
      "salience": 0.08595926,
      "mentions": [
        {
          "text": {
            "content": "MKA registed",
            "beginOffset": -1
          },
          "type": "PROPER"
        }
      ]
    },
    {
      "name": "Jun",
      "type": "LOCATION",
      "metadata": {},
      "salience": 0.08595926,
      "mentions": [
        {
          "text": {
            "content": "Jun",
            "beginOffset": -1
          },
          "type": "PROPER"
        }
      ]
    },
    {
      "name": "old school mate",
      "type": "PERSON",
      "metadata": {},
      "salience": 0.055747915,
      "mentions": [
        {
          "text": {
            "content": "old school mate",
            "beginOffset": -1
          },
          "type": "COMMON"
        }
      ]
    },
    {
      "name": "bumper sensors",
      "type": "OTHER",
      "metadata": {},
      "salience": 0.020837815,
      "mentions": [
        {
          "text": {
            "content": "bumper sensors",
            "beginOffset": -1
          },
          "type": "COMMON"
        }
      ]
    },
    {
      "name": "movement",
      "type": "OTHER",
      "metadata": {},
      "salience": 0.018454123,
      "mentions": [
        {
          "text": {
            "content": "movement",
            "beginOffset": -1
          },
          "type": "COMMON"
        }
      ]
    },
    {
      "name": "car",
      "type": "CONSUMER_GOOD",
      "metadata": {},
      "salience": 0.01832055,
      "mentions": [
        {
          "text": {
            "content": "car",
            "beginOffset": -1
          },
          "type": "COMMON"
        }
      ]
    },
    {
      "name": "front",
      "type": "OTHER",
      "metadata": {},
      "salience": 0.01832055,
      "mentions": [
        {
          "text": {
            "content": "front",
            "beginOffset": -1
          },
          "type": "COMMON"
        }
      ]
    },
    {
      "name": "friend",
      "type": "PERSON",
      "metadata": {},
      "salience": 0.016192805,
      "mentions": [
        {
          "text": {
            "content": "friend",
            "beginOffset": -1
          },
          "type": "COMMON"
        }
      ]
    },
    {
      "name": "Luxus",
      "type": "OTHER",
      "metadata": {
        "mid": "/m/04n7g",
        "wikipedia_url": "https://en.wikipedia.org/wiki/Lexus"
      },
      "salience": 0.0160669,
      "mentions": [
        {
          "text": {
            "content": "Luxus",
            "beginOffset": -1
          },
          "type": "PROPER"
        }
      ]
    },
    {
      "name": "part order",
      "type": "OTHER",
      "metadata": {},
      "salience": 0.012676571,
      "mentions": [
        {
          "text": {
            "content": "part order",
            "beginOffset": -1
          },
          "type": "COMMON"
        }
      ]
    },
    {
      "name": "CCTV",
      "type": "ORGANIZATION",
      "metadata": {},
      "salience": 0.0109371655,
      "mentions": [
        {
          "text": {
            "content": "CCTV",
            "beginOffset": -1
          },
          "type": "PROPER"
        }
      ]
    },
    {
      "name": "RM+",
      "type": "OTHER",
      "metadata": {},
      "salience": 0.009952612,
      "mentions": [
        {
          "text": {
            "content": "RM+",
            "beginOffset": -1
          },
          "type": "PROPER"
        }
      ]
    },
    {
      "name": "LAUGH",
      "type": "OTHER",
      "metadata": {},
      "salience": 0.008828036,
      "mentions": [
        {
          "text": {
            "content": "LAUGH",
            "beginOffset": -1
          },
          "type": "COMMON"
        }
      ]
    },
    {
      "name": "Japan",
      "type": "LOCATION",
      "metadata": {
        "mid": "/m/03_3d",
        "wikipedia_url": "https://en.wikipedia.org/wiki/Japan"
      },
      "salience": 0.0075051943,
      "mentions": [
        {
          "text": {
            "content": "Japan",
            "beginOffset": -1
          },
          "type": "PROPER"
        }
      ]
    },
    {
      "name": "bumpers",
      "type": "OTHER",
      "metadata": {},
      "salience": 0.006341333,
      "mentions": [
        {
          "text": {
            "content": "bumpers",
            "beginOffset": -1
          },
          "type": "COMMON"
        }
      ]
    },
    {
      "name": "Malaysia",
      "type": "LOCATION",
      "metadata": {
        "mid": "/m/09pmkv",
        "wikipedia_url": "https://en.wikipedia.org/wiki/Malaysia"
      },
      "salience": 0.0052559404,
      "mentions": [
        {
          "text": {
            "content": "Malaysia",
            "beginOffset": -1
          },
          "type": "PROPER"
        }
      ]
    },
    {
      "name": "TAX",
      "type": "OTHER",
      "metadata": {},
      "salience": 0.0037131757,
      "mentions": [
        {
          "text": {
            "content": "TAX",
            "beginOffset": -1
          },
          "type": "COMMON"
        }
      ]
    },
    {
      "name": "Electronic Sensors Board",
      "type": "ORGANIZATION",
      "metadata": {},
      "salience": 0.0032940987,
      "mentions": [
        {
          "text": {
            "content": "Electronic Sensors Board",
            "beginOffset": -1
          },
          "type": "PROPER"
        }
      ]
    }
  ],
  "documentSentiment": {
    "magnitude": 2.3,
    "score": 0
  },
  "language": "en",
  "categories": []
}
