{
  "sentences": [
    {
      "text": {
        "content": "This beautiful torbie (and white) girl for adoption Beautiful, sweet personality.",
        "beginOffset": -1
      },
      "sentiment": {
        "magnitude": 0.9,
        "score": 0.9
      }
    },
    {
      "text": {
        "content": "Will literally beg for some lovin' &amp; attention Loves hugs and headbutting About 1+ years &amp; spayed. (1 cloudy eye)",
        "beginOffset": -1
      },
      "sentiment": {
        "magnitude": 0.9,
        "score": 0.9
      }
    }
  ],
  "tokens": [],
  "entities": [
    {
      "name": "torbie",
      "type": "PERSON",
      "metadata": {},
      "salience": 0.3669884,
      "mentions": [
        {
          "text": {
            "content": "torbie",
            "beginOffset": -1
          },
          "type": "COMMON"
        }
      ]
    },
    {
      "name": "girl",
      "type": "PERSON",
      "metadata": {},
      "salience": 0.15528065,
      "mentions": [
        {
          "text": {
            "content": "girl",
            "beginOffset": -1
          },
          "type": "COMMON"
        }
      ]
    },
    {
      "name": "adoption",
      "type": "OTHER",
      "metadata": {},
      "salience": 0.15528065,
      "mentions": [
        {
          "text": {
            "content": "adoption",
            "beginOffset": -1
          },
          "type": "COMMON"
        }
      ]
    },
    {
      "name": "personality",
      "type": "OTHER",
      "metadata": {},
      "salience": 0.10723485,
      "mentions": [
        {
          "text": {
            "content": "personality",
            "beginOffset": -1
          },
          "type": "COMMON"
        }
      ]
    },
    {
      "name": "Beautiful",
      "type": "CONSUMER_GOOD",
      "metadata": {},
      "salience": 0.07333335,
      "mentions": [
        {
          "text": {
            "content": "Beautiful",
            "beginOffset": -1
          },
          "type": "PROPER"
        }
      ]
    },
    {
      "name": "lovin",
      "type": "OTHER",
      "metadata": {},
      "salience": 0.049109556,
      "mentions": [
        {
          "text": {
            "content": "lovin",
            "beginOffset": -1
          },
          "type": "COMMON"
        }
      ]
    },
    {
      "name": "attention",
      "type": "OTHER",
      "metadata": {},
      "salience": 0.049109556,
      "mentions": [
        {
          "text": {
            "content": "attention",
            "beginOffset": -1
          },
          "type": "COMMON"
        }
      ]
    },
    {
      "name": "eye",
      "type": "OTHER",
      "metadata": {},
      "salience": 0.02616563,
      "mentions": [
        {
          "text": {
            "content": "eye",
            "beginOffset": -1
          },
          "type": "COMMON"
        }
      ]
    },
    {
      "name": "hugs",
      "type": "OTHER",
      "metadata": {},
      "salience": 0.017497355,
      "mentions": [
        {
          "text": {
            "content": "hugs",
            "beginOffset": -1
          },
          "type": "COMMON"
        }
      ]
    }
  ],
  "documentSentiment": {
    "magnitude": 1.9,
    "score": 0.9
  },
  "language": "en",
  "categories": []
}
