{
  "sentences": [
    {
      "text": {
        "content": "It's season 3, that time of the year where the poor coolie mom living in the vacant house with the two males gives birth again.",
        "beginOffset": -1
      },
      "sentiment": {
        "magnitude": 0.4,
        "score": -0.4
      }
    },
    {
      "text": {
        "content": "Meet Jack the Peanut, one of two surviving pups available for adoption.",
        "beginOffset": -1
      },
      "sentiment": {
        "magnitude": 0.4,
        "score": 0.4
      }
    },
    {
      "text": {
        "content": "Born on 3rd-April-, there were initially about 5-6 pups but the rest mysteriously disappeared over the first 2 weeks.",
        "beginOffset": -1
      },
      "sentiment": {
        "magnitude": 0.8,
        "score": -0.8
      }
    },
    {
      "text": {
        "content": "Nicknamed peanut because of how tiny it actually was when born into the world.",
        "beginOffset": -1
      },
      "sentiment": {
        "magnitude": 0.3,
        "score": -0.3
      }
    },
    {
      "text": {
        "content": "It's still rather tiny when compared to his sister.",
        "beginOffset": -1
      },
      "sentiment": {
        "magnitude": 0.4,
        "score": -0.4
      }
    },
    {
      "text": {
        "content": "Jack has a slight case of skin problem on the right hind leg &amp; a couple of tiny patches on the body.",
        "beginOffset": -1
      },
      "sentiment": {
        "magnitude": 0.1,
        "score": -0.1
      }
    },
    {
      "text": {
        "content": "Probably due to falling into the dirty drains one too many times.",
        "beginOffset": -1
      },
      "sentiment": {
        "magnitude": 0.8,
        "score": -0.8
      }
    },
    {
      "text": {
        "content": "We have been applying Arnica Compound Gel on the affected area and it seems to be doing wonders.",
        "beginOffset": -1
      },
      "sentiment": {
        "magnitude": 0.7,
        "score": 0.7
      }
    },
    {
      "text": {
        "content": "The fur seems to be growing back nicely.",
        "beginOffset": -1
      },
      "sentiment": {
        "magnitude": 0.7,
        "score": 0.7
      }
    },
    {
      "text": {
        "content": "Jack the Peanut &amp; Jill the Walnut had their first bath last week and are still looking fluffy. 3 new pics have been updated to the profile (26-5-13).",
        "beginOffset": -1
      },
      "sentiment": {
        "magnitude": 0,
        "score": 0
      }
    },
    {
      "text": {
        "content": "Just noticed that Jack has a unique chest 'emblem'... the Union Jack.",
        "beginOffset": -1
      },
      "sentiment": {
        "magnitude": 0.4,
        "score": 0.4
      }
    },
    {
      "text": {
        "content": "To those curious on how the parents look like, take a sneak peek at",
        "beginOffset": -1
      },
      "sentiment": {
        "magnitude": 0.4,
        "score": 0.4
      }
    }
  ],
  "tokens": [],
  "entities": [
    {
      "name": "season",
      "type": "WORK_OF_ART",
      "metadata": {},
      "salience": 0.42029643,
      "mentions": [
        {
          "text": {
            "content": "season",
            "beginOffset": -1
          },
          "type": "COMMON"
        }
      ]
    },
    {
      "name": "coolie mom",
      "type": "PERSON",
      "metadata": {},
      "salience": 0.11628598,
      "mentions": [
        {
          "text": {
            "content": "coolie mom",
            "beginOffset": -1
          },
          "type": "COMMON"
        }
      ]
    },
    {
      "name": "house",
      "type": "LOCATION",
      "metadata": {},
      "salience": 0.07179774,
      "mentions": [
        {
          "text": {
            "content": "house",
            "beginOffset": -1
          },
          "type": "COMMON"
        }
      ]
    },
    {
      "name": "males",
      "type": "PERSON",
      "metadata": {},
      "salience": 0.07179774,
      "mentions": [
        {
          "text": {
            "content": "males",
            "beginOffset": -1
          },
          "type": "COMMON"
        }
      ]
    },
    {
      "name": "birth",
      "type": "OTHER",
      "metadata": {},
      "salience": 0.055215165,
      "mentions": [
        {
          "text": {
            "content": "birth",
            "beginOffset": -1
          },
          "type": "COMMON"
        }
      ]
    },
    {
      "name": "Jack the Peanut",
      "type": "OTHER",
      "metadata": {},
      "salience": 0.037157714,
      "mentions": [
        {
          "text": {
            "content": "Jack the Peanut",
            "beginOffset": -1
          },
          "type": "PROPER"
        },
        {
          "text": {
            "content": "one",
            "beginOffset": -1
          },
          "type": "COMMON"
        }
      ]
    },
    {
      "name": "Jack",
      "type": "PERSON",
      "metadata": {},
      "salience": 0.01529811,
      "mentions": [
        {
          "text": {
            "content": "Jack",
            "beginOffset": -1
          },
          "type": "PROPER"
        },
        {
          "text": {
            "content": "Jack",
            "beginOffset": -1
          },
          "type": "PROPER"
        }
      ]
    },
    {
      "name": "pups",
      "type": "PERSON",
      "metadata": {},
      "salience": 0.015234844,
      "mentions": [
        {
          "text": {
            "content": "pups",
            "beginOffset": -1
          },
          "type": "COMMON"
        }
      ]
    },
    {
      "name": "pups",
      "type": "PERSON",
      "metadata": {},
      "salience": 0.015159506,
      "mentions": [
        {
          "text": {
            "content": "pups",
            "beginOffset": -1
          },
          "type": "COMMON"
        }
      ]
    },
    {
      "name": "adoption",
      "type": "OTHER",
      "metadata": {},
      "salience": 0.01339171,
      "mentions": [
        {
          "text": {
            "content": "adoption",
            "beginOffset": -1
          },
          "type": "COMMON"
        }
      ]
    },
    {
      "name": "peanut",
      "type": "OTHER",
      "metadata": {},
      "salience": 0.01118975,
      "mentions": [
        {
          "text": {
            "content": "peanut",
            "beginOffset": -1
          },
          "type": "COMMON"
        }
      ]
    },
    {
      "name": "times",
      "type": "OTHER",
      "metadata": {},
      "salience": 0.009420903,
      "mentions": [
        {
          "text": {
            "content": "times",
            "beginOffset": -1
          },
          "type": "COMMON"
        }
      ]
    },
    {
      "name": "sister",
      "type": "PERSON",
      "metadata": {},
      "salience": 0.009057766,
      "mentions": [
        {
          "text": {
            "content": "sister",
            "beginOffset": -1
          },
          "type": "COMMON"
        }
      ]
    },
    {
      "name": "patches",
      "type": "OTHER",
      "metadata": {},
      "salience": 0.009037537,
      "mentions": [
        {
          "text": {
            "content": "patches",
            "beginOffset": -1
          },
          "type": "COMMON"
        }
      ]
    },
    {
      "name": "couple",
      "type": "PERSON",
      "metadata": {},
      "salience": 0.009037537,
      "mentions": [
        {
          "text": {
            "content": "couple",
            "beginOffset": -1
          },
          "type": "COMMON"
        }
      ]
    },
    {
      "name": "leg",
      "type": "OTHER",
      "metadata": {},
      "salience": 0.009037537,
      "mentions": [
        {
          "text": {
            "content": "leg",
            "beginOffset": -1
          },
          "type": "COMMON"
        }
      ]
    },
    {
      "name": "case",
      "type": "OTHER",
      "metadata": {},
      "salience": 0.009037537,
      "mentions": [
        {
          "text": {
            "content": "case",
            "beginOffset": -1
          },
          "type": "COMMON"
        }
      ]
    },
    {
      "name": "skin problem",
      "type": "OTHER",
      "metadata": {},
      "salience": 0.009037537,
      "mentions": [
        {
          "text": {
            "content": "skin problem",
            "beginOffset": -1
          },
          "type": "COMMON"
        }
      ]
    },
    {
      "name": "rest",
      "type": "OTHER",
      "metadata": {},
      "salience": 0.009003591,
      "mentions": [
        {
          "text": {
            "content": "rest",
            "beginOffset": -1
          },
          "type": "COMMON"
        }
      ]
    },
    {
      "name": "world",
      "type": "LOCATION",
      "metadata": {},
      "salience": 0.008971881,
      "mentions": [
        {
          "text": {
            "content": "world",
            "beginOffset": -1
          },
          "type": "COMMON"
        }
      ]
    },
    {
      "name": "body",
      "type": "OTHER",
      "metadata": {},
      "salience": 0.008293944,
      "mentions": [
        {
          "text": {
            "content": "body",
            "beginOffset": -1
          },
          "type": "COMMON"
        }
      ]
    },
    {
      "name": "drains",
      "type": "OTHER",
      "metadata": {},
      "salience": 0.008278275,
      "mentions": [
        {
          "text": {
            "content": "drains",
            "beginOffset": -1
          },
          "type": "COMMON"
        }
      ]
    },
    {
      "name": "area",
      "type": "LOCATION",
      "metadata": {},
      "salience": 0.008264724,
      "mentions": [
        {
          "text": {
            "content": "area",
            "beginOffset": -1
          },
          "type": "COMMON"
        }
      ]
    },
    {
      "name": "profile",
      "type": "OTHER",
      "metadata": {},
      "salience": 0.0062148347,
      "mentions": [
        {
          "text": {
            "content": "profile",
            "beginOffset": -1
          },
          "type": "COMMON"
        }
      ]
    },
    {
      "name": "pics",
      "type": "WORK_OF_ART",
      "metadata": {},
      "salience": 0.0062148347,
      "mentions": [
        {
          "text": {
            "content": "pics",
            "beginOffset": -1
          },
          "type": "COMMON"
        }
      ]
    },
    {
      "name": "sneak peek",
      "type": "OTHER",
      "metadata": {},
      "salience": 0.0049707894,
      "mentions": [
        {
          "text": {
            "content": "sneak peek",
            "beginOffset": -1
          },
          "type": "COMMON"
        }
      ]
    },
    {
      "name": "Arnica Compound Gel",
      "type": "OTHER",
      "metadata": {},
      "salience": 0.0048901294,
      "mentions": [
        {
          "text": {
            "content": "Arnica Compound Gel",
            "beginOffset": -1
          },
          "type": "PROPER"
        }
      ]
    },
    {
      "name": "emblem",
      "type": "OTHER",
      "metadata": {},
      "salience": 0.0043468773,
      "mentions": [
        {
          "text": {
            "content": "emblem",
            "beginOffset": -1
          },
          "type": "COMMON"
        }
      ]
    },
    {
      "name": "chest",
      "type": "OTHER",
      "metadata": {},
      "salience": 0.0043468773,
      "mentions": [
        {
          "text": {
            "content": "chest",
            "beginOffset": -1
          },
          "type": "COMMON"
        }
      ]
    },
    {
      "name": "parents",
      "type": "PERSON",
      "metadata": {},
      "salience": 0.004236781,
      "mentions": [
        {
          "text": {
            "content": "parents",
            "beginOffset": -1
          },
          "type": "COMMON"
        }
      ]
    },
    {
      "name": "Union Jack",
      "type": "ORGANIZATION",
      "metadata": {},
      "salience": 0.003445005,
      "mentions": [
        {
          "text": {
            "content": "Union Jack",
            "beginOffset": -1
          },
          "type": "PROPER"
        }
      ]
    },
    {
      "name": "fur",
      "type": "OTHER",
      "metadata": {},
      "salience": 0.002798932,
      "mentions": [
        {
          "text": {
            "content": "fur",
            "beginOffset": -1
          },
          "type": "COMMON"
        }
      ]
    },
    {
      "name": "wonders",
      "type": "OTHER",
      "metadata": {},
      "salience": 0.0027348704,
      "mentions": [
        {
          "text": {
            "content": "wonders",
            "beginOffset": -1
          },
          "type": "COMMON"
        }
      ]
    },
    {
      "name": "bath",
      "type": "OTHER",
      "metadata": {},
      "salience": 0.0027273733,
      "mentions": [
        {
          "text": {
            "content": "bath",
            "beginOffset": -1
          },
          "type": "COMMON"
        }
      ]
    },
    {
      "name": "Peanut & Jill",
      "type": "CONSUMER_GOOD",
      "metadata": {},
      "salience": 0.0020122398,
      "mentions": [
        {
          "text": {
            "content": "Peanut &amp; Jill",
            "beginOffset": -1
          },
          "type": "PROPER"
        }
      ]
    },
    {
      "name": "Walnut",
      "type": "LOCATION",
      "metadata": {},
      "salience": 0.0017569963,
      "mentions": [
        {
          "text": {
            "content": "Walnut",
            "beginOffset": -1
          },
          "type": "PROPER"
        }
      ]
    }
  ],
  "documentSentiment": {
    "magnitude": 5.9,
    "score": 0
  },
  "language": "en",
  "categories": []
}
