{
  "sentences": [
    {
      "text": {
        "content": "Charlie and Duke are so smart and lovable.",
        "beginOffset": -1
      },
      "sentiment": {
        "magnitude": 0.9,
        "score": 0.9
      }
    },
    {
      "text": {
        "content": "They are already showing signs of human attachment since they were rescued from the drain hole by my family on Mon, 23 Feb.",
        "beginOffset": -1
      },
      "sentiment": {
        "magnitude": 0.5,
        "score": -0.5
      }
    },
    {
      "text": {
        "content": "Both are inseparable too.",
        "beginOffset": -1
      },
      "sentiment": {
        "magnitude": 0,
        "score": 0
      }
    },
    {
      "text": {
        "content": "At such a tender age, I don't even have to train them to poo in the grass area.",
        "beginOffset": -1
      },
      "sentiment": {
        "magnitude": 0.7,
        "score": -0.7
      }
    },
    {
      "text": {
        "content": "That's how intelligent they are.",
        "beginOffset": -1
      },
      "sentiment": {
        "magnitude": 0.4,
        "score": 0.4
      }
    },
    {
      "text": {
        "content": "Today, Duke wanted to come into my house and I just had to say, NO, and he stopped.",
        "beginOffset": -1
      },
      "sentiment": {
        "magnitude": 0.4,
        "score": -0.4
      }
    },
    {
      "text": {
        "content": "They have been with me for only 3 days!",
        "beginOffset": -1
      },
      "sentiment": {
        "magnitude": 0.1,
        "score": -0.1
      }
    },
    {
      "text": {
        "content": "Please help me to foster or adopt them urgently.",
        "beginOffset": -1
      },
      "sentiment": {
        "magnitude": 0,
        "score": 0
      }
    }
  ],
  "tokens": [],
  "entities": [
    {
      "name": "Duke",
      "type": "ORGANIZATION",
      "metadata": {},
      "salience": 0.6838538,
      "mentions": [
        {
          "text": {
            "content": "Duke",
            "beginOffset": -1
          },
          "type": "PROPER"
        },
        {
          "text": {
            "content": "Duke",
            "beginOffset": -1
          },
          "type": "PROPER"
        }
      ]
    },
    {
      "name": "signs",
      "type": "OTHER",
      "metadata": {},
      "salience": 0.09868388,
      "mentions": [
        {
          "text": {
            "content": "signs",
            "beginOffset": -1
          },
          "type": "COMMON"
        }
      ]
    },
    {
      "name": "Charlie",
      "type": "PERSON",
      "metadata": {},
      "salience": 0.07774434,
      "mentions": [
        {
          "text": {
            "content": "Charlie",
            "beginOffset": -1
          },
          "type": "PROPER"
        }
      ]
    },
    {
      "name": "human attachment",
      "type": "EVENT",
      "metadata": {},
      "salience": 0.025093967,
      "mentions": [
        {
          "text": {
            "content": "human attachment",
            "beginOffset": -1
          },
          "type": "COMMON"
        }
      ]
    },
    {
      "name": "drain hole",
      "type": "OTHER",
      "metadata": {},
      "salience": 0.025093967,
      "mentions": [
        {
          "text": {
            "content": "drain hole",
            "beginOffset": -1
          },
          "type": "COMMON"
        }
      ]
    },
    {
      "name": "family",
      "type": "PERSON",
      "metadata": {},
      "salience": 0.025093967,
      "mentions": [
        {
          "text": {
            "content": "family",
            "beginOffset": -1
          },
          "type": "COMMON"
        }
      ]
    },
    {
      "name": "tender age",
      "type": "OTHER",
      "metadata": {},
      "salience": 0.017051274,
      "mentions": [
        {
          "text": {
            "content": "tender age",
            "beginOffset": -1
          },
          "type": "COMMON"
        }
      ]
    },
    {
      "name": "Both",
      "type": "OTHER",
      "metadata": {},
      "salience": 0.016495537,
      "mentions": [
        {
          "text": {
            "content": "Both",
            "beginOffset": -1
          },
          "type": "COMMON"
        }
      ]
    },
    {
      "name": "grass area",
      "type": "LOCATION",
      "metadata": {},
      "salience": 0.015653448,
      "mentions": [
        {
          "text": {
            "content": "grass area",
            "beginOffset": -1
          },
          "type": "COMMON"
        }
      ]
    },
    {
      "name": "Mon",
      "type": "PERSON",
      "metadata": {},
      "salience": 0.010069045,
      "mentions": [
        {
          "text": {
            "content": "Mon",
            "beginOffset": -1
          },
          "type": "PROPER"
        }
      ]
    },
    {
      "name": "house",
      "type": "LOCATION",
      "metadata": {},
      "salience": 0.0051667923,
      "mentions": [
        {
          "text": {
            "content": "house",
            "beginOffset": -1
          },
          "type": "COMMON"
        }
      ]
    }
  ],
  "documentSentiment": {
    "magnitude": 3.3,
    "score": 0
  },
  "language": "en",
  "categories": []
}
