{
  "sentences": [
    {
      "text": {
        "content": "They were found wandering around an Indian temple.",
        "beginOffset": -1
      },
      "sentiment": {
        "magnitude": 0.4,
        "score": 0.4
      }
    },
    {
      "text": {
        "content": "Healthy and adorable.",
        "beginOffset": -1
      },
      "sentiment": {
        "magnitude": 0.9,
        "score": 0.9
      }
    },
    {
      "text": {
        "content": "I think they deserve a good home.",
        "beginOffset": -1
      },
      "sentiment": {
        "magnitude": 0.7,
        "score": 0.7
      }
    },
    {
      "text": {
        "content": "No tying or caging for long hours except for precautionary purposes Commitment to spay her is compulsory Interested adopters pls call Amy @",
        "beginOffset": -1
      },
      "sentiment": {
        "magnitude": 0.3,
        "score": -0.3
      }
    }
  ],
  "tokens": [],
  "entities": [
    {
      "name": "temple",
      "type": "OTHER",
      "metadata": {},
      "salience": 0.34926048,
      "mentions": [
        {
          "text": {
            "content": "temple",
            "beginOffset": -1
          },
          "type": "COMMON"
        }
      ]
    },
    {
      "name": "Indian",
      "type": "LOCATION",
      "metadata": {},
      "salience": 0.21109377,
      "mentions": [
        {
          "text": {
            "content": "Indian",
            "beginOffset": -1
          },
          "type": "PROPER"
        }
      ]
    },
    {
      "name": "tying",
      "type": "OTHER",
      "metadata": {},
      "salience": 0.1410655,
      "mentions": [
        {
          "text": {
            "content": "tying",
            "beginOffset": -1
          },
          "type": "COMMON"
        }
      ]
    },
    {
      "name": "home",
      "type": "LOCATION",
      "metadata": {},
      "salience": 0.11812104,
      "mentions": [
        {
          "text": {
            "content": "home",
            "beginOffset": -1
          },
          "type": "COMMON"
        }
      ]
    },
    {
      "name": "adopters",
      "type": "PERSON",
      "metadata": {},
      "salience": 0.07333002,
      "mentions": [
        {
          "text": {
            "content": "adopters",
            "beginOffset": -1
          },
          "type": "COMMON"
        }
      ]
    },
    {
      "name": "Commitment",
      "type": "OTHER",
      "metadata": {},
      "salience": 0.036106504,
      "mentions": [
        {
          "text": {
            "content": "Commitment",
            "beginOffset": -1
          },
          "type": "COMMON"
        }
      ]
    },
    {
      "name": "purposes",
      "type": "OTHER",
      "metadata": {},
      "salience": 0.036106504,
      "mentions": [
        {
          "text": {
            "content": "purposes",
            "beginOffset": -1
          },
          "type": "COMMON"
        }
      ]
    },
    {
      "name": "Amy @",
      "type": "PERSON",
      "metadata": {},
      "salience": 0.034916192,
      "mentions": [
        {
          "text": {
            "content": "Amy @",
            "beginOffset": -1
          },
          "type": "PROPER"
        }
      ]
    }
  ],
  "documentSentiment": {
    "magnitude": 2.4,
    "score": 0.4
  },
  "language": "en",
  "categories": []
}
