{
  "sentences": [
    {
      "text": {
        "content": "There are four gorgeous kittens of both sexes.",
        "beginOffset": -1
      },
      "sentiment": {
        "magnitude": 0.8,
        "score": 0.8
      }
    },
    {
      "text": {
        "content": "I rescued the mother when she was already pregnant and she had the babies at my house in April.",
        "beginOffset": -1
      },
      "sentiment": {
        "magnitude": 0,
        "score": 0
      }
    },
    {
      "text": {
        "content": "The four youngsters are now ready to go to a home of their own.",
        "beginOffset": -1
      },
      "sentiment": {
        "magnitude": 0.6,
        "score": 0.6
      }
    },
    {
      "text": {
        "content": "The adoption fee is to pay for their vaccinations.",
        "beginOffset": -1
      },
      "sentiment": {
        "magnitude": 0.2,
        "score": -0.2
      }
    },
    {
      "text": {
        "content": "If you want to adopt one or more of these kittens, please send me an e-mail and tell me a bit about yourself.",
        "beginOffset": -1
      },
      "sentiment": {
        "magnitude": 0.1,
        "score": -0.1
      }
    },
    {
      "text": {
        "content": "I WILL ONLY LET THE KITTENS GO TO SOMEONE WHO HAS KEPT A CAT BEFORE AND IS AWARE OF THE RESPONSIBILITIES AND COSTS THAT COME WITH BEING A PET OWNER.",
        "beginOffset": -1
      },
      "sentiment": {
        "magnitude": 0.8,
        "score": -0.8
      }
    },
    {
      "text": {
        "content": "I am German and unfortunately, do not speak Bahasa Malaysia - all applications must be written in English (or German).",
        "beginOffset": -1
      },
      "sentiment": {
        "magnitude": 0.1,
        "score": -0.1
      }
    }
  ],
  "tokens": [],
  "entities": [
    {
      "name": "mother",
      "type": "PERSON",
      "metadata": {},
      "salience": 0.2827035,
      "mentions": [
        {
          "text": {
            "content": "mother",
            "beginOffset": -1
          },
          "type": "COMMON"
        }
      ]
    },
    {
      "name": "youngsters",
      "type": "PERSON",
      "metadata": {},
      "salience": 0.22084582,
      "mentions": [
        {
          "text": {
            "content": "youngsters",
            "beginOffset": -1
          },
          "type": "COMMON"
        }
      ]
    },
    {
      "name": "kittens",
      "type": "PERSON",
      "metadata": {},
      "salience": 0.12270392,
      "mentions": [
        {
          "text": {
            "content": "kittens",
            "beginOffset": -1
          },
          "type": "COMMON"
        }
      ]
    },
    {
      "name": "sexes",
      "type": "OTHER",
      "metadata": {},
      "salience": 0.101665735,
      "mentions": [
        {
          "text": {
            "content": "sexes",
            "beginOffset": -1
          },
          "type": "COMMON"
        }
      ]
    },
    {
      "name": "kittens",
      "type": "PERSON",
      "metadata": {},
      "salience": 0.06531488,
      "mentions": [
        {
          "text": {
            "content": "kittens",
            "beginOffset": -1
          },
          "type": "COMMON"
        },
        {
          "text": {
            "content": "KITTENS",
            "beginOffset": -1
          },
          "type": "COMMON"
        }
      ]
    },
    {
      "name": "RESPONSIBILITIES",
      "type": "OTHER",
      "metadata": {},
      "salience": 0.040631842,
      "mentions": [
        {
          "text": {
            "content": "RESPONSIBILITIES",
            "beginOffset": -1
          },
          "type": "COMMON"
        }
      ]
    },
    {
      "name": "babies",
      "type": "PERSON",
      "metadata": {},
      "salience": 0.019084014,
      "mentions": [
        {
          "text": {
            "content": "babies",
            "beginOffset": -1
          },
          "type": "COMMON"
        }
      ]
    },
    {
      "name": "house",
      "type": "LOCATION",
      "metadata": {},
      "salience": 0.019084014,
      "mentions": [
        {
          "text": {
            "content": "house",
            "beginOffset": -1
          },
          "type": "COMMON"
        }
      ]
    },
    {
      "name": "adoption fee",
      "type": "OTHER",
      "metadata": {},
      "salience": 0.015370904,
      "mentions": [
        {
          "text": {
            "content": "adoption fee",
            "beginOffset": -1
          },
          "type": "COMMON"
        }
      ]
    },
    {
      "name": "vaccinations",
      "type": "OTHER",
      "metadata": {},
      "salience": 0.012949361,
      "mentions": [
        {
          "text": {
            "content": "vaccinations",
            "beginOffset": -1
          },
          "type": "COMMON"
        }
      ]
    },
    {
      "name": "more",
      "type": "OTHER",
      "metadata": {},
      "salience": 0.012914008,
      "mentions": [
        {
          "text": {
            "content": "more",
            "beginOffset": -1
          },
          "type": "COMMON"
        }
      ]
    },
    {
      "name": "home",
      "type": "LOCATION",
      "metadata": {},
      "salience": 0.012836845,
      "mentions": [
        {
          "text": {
            "content": "home",
            "beginOffset": -1
          },
          "type": "COMMON"
        }
      ]
    },
    {
      "name": "e-mail",
      "type": "OTHER",
      "metadata": {},
      "salience": 0.011852446,
      "mentions": [
        {
          "text": {
            "content": "e-mail",
            "beginOffset": -1
          },
          "type": "COMMON"
        }
      ]
    },
    {
      "name": "SOMEONE",
      "type": "PERSON",
      "metadata": {},
      "salience": 0.009050617,
      "mentions": [
        {
          "text": {
            "content": "SOMEONE",
            "beginOffset": -1
          },
          "type": "COMMON"
        }
      ]
    },
    {
      "name": "applications",
      "type": "OTHER",
      "metadata": {},
      "salience": 0.009012296,
      "mentions": [
        {
          "text": {
            "content": "applications",
            "beginOffset": -1
          },
          "type": "COMMON"
        }
      ]
    },
    {
      "name": "COSTS",
      "type": "OTHER",
      "metadata": {},
      "salience": 0.008919232,
      "mentions": [
        {
          "text": {
            "content": "COSTS",
            "beginOffset": -1
          },
          "type": "COMMON"
        }
      ]
    },
    {
      "name": "PET OWNER",
      "type": "PERSON",
      "metadata": {},
      "salience": 0.008919232,
      "mentions": [
        {
          "text": {
            "content": "PET OWNER",
            "beginOffset": -1
          },
          "type": "COMMON"
        }
      ]
    },
    {
      "name": "bit",
      "type": "OTHER",
      "metadata": {},
      "salience": 0.008830178,
      "mentions": [
        {
          "text": {
            "content": "bit",
            "beginOffset": -1
          },
          "type": "COMMON"
        }
      ]
    },
    {
      "name": "German",
      "type": "LOCATION",
      "metadata": {
        "mid": "/m/04306rv",
        "wikipedia_url": "https://en.wikipedia.org/wiki/German_language"
      },
      "salience": 0.006021138,
      "mentions": [
        {
          "text": {
            "content": "German",
            "beginOffset": -1
          },
          "type": "PROPER"
        },
        {
          "text": {
            "content": "German",
            "beginOffset": -1
          },
          "type": "PROPER"
        }
      ]
    },
    {
      "name": "CAT",
      "type": "OTHER",
      "metadata": {},
      "salience": 0.0039157434,
      "mentions": [
        {
          "text": {
            "content": "CAT",
            "beginOffset": -1
          },
          "type": "COMMON"
        }
      ]
    },
    {
      "name": "Bahasa Malaysia",
      "type": "ORGANIZATION",
      "metadata": {},
      "salience": 0.0036871517,
      "mentions": [
        {
          "text": {
            "content": "Bahasa Malaysia",
            "beginOffset": -1
          },
          "type": "PROPER"
        }
      ]
    },
    {
      "name": "English",
      "type": "OTHER",
      "metadata": {
        "mid": "/m/02h40lc",
        "wikipedia_url": "https://en.wikipedia.org/wiki/English_language"
      },
      "salience": 0.0036871517,
      "mentions": [
        {
          "text": {
            "content": "English",
            "beginOffset": -1
          },
          "type": "PROPER"
        }
      ]
    }
  ],
  "documentSentiment": {
    "magnitude": 2.9,
    "score": 0
  },
  "language": "en",
  "categories": []
}
