{
  "sentences": [
    {
      "text": {
        "content": "pity dog found near ss2 sea park area, i thk is abandoned or lost, most probably abandoned coz it is wandering infront my house for many many days, skinnier day by day...very clever dog as it will follow my instruction...cant take in tis dog due to many reason, pls kindly help as thr is no stray dog near this area, it is ver likely will be executed by dbkl soon, pls call",
        "beginOffset": -1
      },
      "sentiment": {
        "magnitude": 0.4,
        "score": -0.4
      }
    }
  ],
  "tokens": [],
  "entities": [
    {
      "name": "dog",
      "type": "OTHER",
      "metadata": {},
      "salience": 0.3421486,
      "mentions": [
        {
          "text": {
            "content": "dog",
            "beginOffset": -1
          },
          "type": "COMMON"
        },
        {
          "text": {
            "content": "ver",
            "beginOffset": -1
          },
          "type": "COMMON"
        }
      ]
    },
    {
      "name": "pity dog",
      "type": "PERSON",
      "metadata": {},
      "salience": 0.24753043,
      "mentions": [
        {
          "text": {
            "content": "pity dog",
            "beginOffset": -1
          },
          "type": "COMMON"
        }
      ]
    },
    {
      "name": "ss2 sea park area",
      "type": "LOCATION",
      "metadata": {},
      "salience": 0.15748122,
      "mentions": [
        {
          "text": {
            "content": "ss2 sea park area",
            "beginOffset": -1
          },
          "type": "COMMON"
        }
      ]
    },
    {
      "name": "dog",
      "type": "OTHER",
      "metadata": {},
      "salience": 0.054085113,
      "mentions": [
        {
          "text": {
            "content": "dog",
            "beginOffset": -1
          },
          "type": "COMMON"
        }
      ]
    },
    {
      "name": "dog",
      "type": "OTHER",
      "metadata": {},
      "salience": 0.051573277,
      "mentions": [
        {
          "text": {
            "content": "dog",
            "beginOffset": -1
          },
          "type": "COMMON"
        }
      ]
    },
    {
      "name": "house",
      "type": "LOCATION",
      "metadata": {},
      "salience": 0.038329866,
      "mentions": [
        {
          "text": {
            "content": "house",
            "beginOffset": -1
          },
          "type": "COMMON"
        }
      ]
    },
    {
      "name": "instruction",
      "type": "OTHER",
      "metadata": {},
      "salience": 0.03523691,
      "mentions": [
        {
          "text": {
            "content": "instruction",
            "beginOffset": -1
          },
          "type": "COMMON"
        }
      ]
    },
    {
      "name": "area",
      "type": "LOCATION",
      "metadata": {},
      "salience": 0.030692536,
      "mentions": [
        {
          "text": {
            "content": "area",
            "beginOffset": -1
          },
          "type": "COMMON"
        }
      ]
    },
    {
      "name": "dbkl",
      "type": "ORGANIZATION",
      "metadata": {},
      "salience": 0.019006386,
      "mentions": [
        {
          "text": {
            "content": "dbkl",
            "beginOffset": -1
          },
          "type": "COMMON"
        }
      ]
    },
    {
      "name": "reason",
      "type": "OTHER",
      "metadata": {},
      "salience": 0.011957827,
      "mentions": [
        {
          "text": {
            "content": "reason",
            "beginOffset": -1
          },
          "type": "COMMON"
        }
      ]
    },
    {
      "name": "thr",
      "type": "OTHER",
      "metadata": {},
      "salience": 0.011957827,
      "mentions": [
        {
          "text": {
            "content": "thr",
            "beginOffset": -1
          },
          "type": "COMMON"
        }
      ]
    }
  ],
  "documentSentiment": {
    "magnitude": 0.4,
    "score": -0.4
  },
  "language": "en",
  "categories": []
}
