{
  "sentences": [
    {
      "text": {
        "content": "The puppy Borned outside our house front gate.",
        "beginOffset": -1
      },
      "sentiment": {
        "magnitude": 0,
        "score": 0
      }
    },
    {
      "text": {
        "content": "We hope someone can come to adopt them.",
        "beginOffset": -1
      },
      "sentiment": {
        "magnitude": 0.2,
        "score": 0.2
      }
    },
    {
      "text": {
        "content": "They are cute and healthy.",
        "beginOffset": -1
      },
      "sentiment": {
        "magnitude": 0.7,
        "score": 0.7
      }
    },
    {
      "text": {
        "content": "I don’t want they die on the street.",
        "beginOffset": -1
      },
      "sentiment": {
        "magnitude": 0.2,
        "score": -0.2
      }
    },
    {
      "text": {
        "content": "Thanks",
        "beginOffset": -1
      },
      "sentiment": {
        "magnitude": 0.2,
        "score": 0.2
      }
    }
  ],
  "tokens": [],
  "entities": [
    {
      "name": "puppy",
      "type": "OTHER",
      "metadata": {},
      "salience": 0.36295238,
      "mentions": [
        {
          "text": {
            "content": "puppy",
            "beginOffset": -1
          },
          "type": "COMMON"
        }
      ]
    },
    {
      "name": "Borned",
      "type": "OTHER",
      "metadata": {},
      "salience": 0.22595865,
      "mentions": [
        {
          "text": {
            "content": "Borned",
            "beginOffset": -1
          },
          "type": "PROPER"
        }
      ]
    },
    {
      "name": "gate",
      "type": "LOCATION",
      "metadata": {},
      "salience": 0.14872427,
      "mentions": [
        {
          "text": {
            "content": "gate",
            "beginOffset": -1
          },
          "type": "COMMON"
        }
      ]
    },
    {
      "name": "house",
      "type": "LOCATION",
      "metadata": {},
      "salience": 0.14872427,
      "mentions": [
        {
          "text": {
            "content": "house",
            "beginOffset": -1
          },
          "type": "COMMON"
        }
      ]
    },
    {
      "name": "someone",
      "type": "PERSON",
      "metadata": {},
      "salience": 0.06494654,
      "mentions": [
        {
          "text": {
            "content": "someone",
            "beginOffset": -1
          },
          "type": "COMMON"
        }
      ]
    },
    {
      "name": "street",
      "type": "LOCATION",
      "metadata": {},
      "salience": 0.024380127,
      "mentions": [
        {
          "text": {
            "content": "street",
            "beginOffset": -1
          },
          "type": "COMMON"
        }
      ]
    },
    {
      "name": "Thanks",
      "type": "OTHER",
      "metadata": {},
      "salience": 0.024313767,
      "mentions": [
        {
          "text": {
            "content": "Thanks",
            "beginOffset": -1
          },
          "type": "COMMON"
        }
      ]
    }
  ],
  "documentSentiment": {
    "magnitude": 1.7,
    "score": 0.2
  },
  "language": "en",
  "categories": []
}
