{
  "sentences": [
    {
      "text": {
        "content": "The Owner is moving back to their country and can't take her along.",
        "beginOffset": -1
      },
      "sentiment": {
        "magnitude": 0.2,
        "score": -0.2
      }
    },
    {
      "text": {
        "content": "She is ard 4 years old, children and human friendly, currently im taking care of her but need to find her a new home asap because myself already have 2 dogs.",
        "beginOffset": -1
      },
      "sentiment": {
        "magnitude": 0.7,
        "score": 0.7
      }
    },
    {
      "text": {
        "content": "Free Adoption.",
        "beginOffset": -1
      },
      "sentiment": {
        "magnitude": 0.1,
        "score": 0.1
      }
    }
  ],
  "tokens": [],
  "entities": [
    {
      "name": "Owner",
      "type": "PERSON",
      "metadata": {},
      "salience": 0.76129633,
      "mentions": [
        {
          "text": {
            "content": "Owner",
            "beginOffset": -1
          },
          "type": "COMMON"
        }
      ]
    },
    {
      "name": "country",
      "type": "LOCATION",
      "metadata": {},
      "salience": 0.09192312,
      "mentions": [
        {
          "text": {
            "content": "country",
            "beginOffset": -1
          },
          "type": "COMMON"
        }
      ]
    },
    {
      "name": "care",
      "type": "OTHER",
      "metadata": {},
      "salience": 0.0330137,
      "mentions": [
        {
          "text": {
            "content": "care",
            "beginOffset": -1
          },
          "type": "COMMON"
        }
      ]
    },
    {
      "name": "children",
      "type": "PERSON",
      "metadata": {},
      "salience": 0.031073473,
      "mentions": [
        {
          "text": {
            "content": "children",
            "beginOffset": -1
          },
          "type": "COMMON"
        }
      ]
    },
    {
      "name": "human friendly",
      "type": "PERSON",
      "metadata": {},
      "salience": 0.031073473,
      "mentions": [
        {
          "text": {
            "content": "human friendly",
            "beginOffset": -1
          },
          "type": "COMMON"
        }
      ]
    },
    {
      "name": "home",
      "type": "LOCATION",
      "metadata": {},
      "salience": 0.021580676,
      "mentions": [
        {
          "text": {
            "content": "home",
            "beginOffset": -1
          },
          "type": "COMMON"
        }
      ]
    },
    {
      "name": "Adoption",
      "type": "OTHER",
      "metadata": {},
      "salience": 0.015074169,
      "mentions": [
        {
          "text": {
            "content": "Adoption",
            "beginOffset": -1
          },
          "type": "COMMON"
        }
      ]
    },
    {
      "name": "dogs",
      "type": "OTHER",
      "metadata": {},
      "salience": 0.014965029,
      "mentions": [
        {
          "text": {
            "content": "dogs",
            "beginOffset": -1
          },
          "type": "COMMON"
        }
      ]
    }
  ],
  "documentSentiment": {
    "magnitude": 1.1,
    "score": 0.2
  },
  "language": "en",
  "categories": []
}
