{
  "sentences": [
    {
      "text": {
        "content": "This boy was found alone at the roadside.",
        "beginOffset": -1
      },
      "sentiment": {
        "magnitude": 0,
        "score": 0
      }
    },
    {
      "text": {
        "content": "His left front leg is believed to be injured quite sometime ago, and now a bit tempang.",
        "beginOffset": -1
      },
      "sentiment": {
        "magnitude": 0.2,
        "score": -0.2
      }
    },
    {
      "text": {
        "content": "But he can walk, and play.",
        "beginOffset": -1
      },
      "sentiment": {
        "magnitude": 0.3,
        "score": 0.3
      }
    },
    {
      "text": {
        "content": "If you are a student (16 below) and would like to adopt, please ask your parents to contact us.",
        "beginOffset": -1
      },
      "sentiment": {
        "magnitude": 0,
        "score": 0
      }
    },
    {
      "text": {
        "content": "Interested?",
        "beginOffset": -1
      },
      "sentiment": {
        "magnitude": 0.5,
        "score": 0.5
      }
    },
    {
      "text": {
        "content": "Please fill up the adoption form here:",
        "beginOffset": -1
      },
      "sentiment": {
        "magnitude": 0,
        "score": 0
      }
    }
  ],
  "tokens": [],
  "entities": [
    {
      "name": "boy",
      "type": "PERSON",
      "metadata": {},
      "salience": 0.51737136,
      "mentions": [
        {
          "text": {
            "content": "boy",
            "beginOffset": -1
          },
          "type": "COMMON"
        }
      ]
    },
    {
      "name": "roadside",
      "type": "OTHER",
      "metadata": {},
      "salience": 0.2077026,
      "mentions": [
        {
          "text": {
            "content": "roadside",
            "beginOffset": -1
          },
          "type": "COMMON"
        }
      ]
    },
    {
      "name": "student",
      "type": "PERSON",
      "metadata": {},
      "salience": 0.19487573,
      "mentions": [
        {
          "text": {
            "content": "student",
            "beginOffset": -1
          },
          "type": "COMMON"
        }
      ]
    },
    {
      "name": "leg",
      "type": "OTHER",
      "metadata": {},
      "salience": 0.045966405,
      "mentions": [
        {
          "text": {
            "content": "leg",
            "beginOffset": -1
          },
          "type": "COMMON"
        }
      ]
    },
    {
      "name": "parents",
      "type": "PERSON",
      "metadata": {},
      "salience": 0.020062512,
      "mentions": [
        {
          "text": {
            "content": "parents",
            "beginOffset": -1
          },
          "type": "COMMON"
        }
      ]
    },
    {
      "name": "adoption form",
      "type": "OTHER",
      "metadata": {},
      "salience": 0.014021369,
      "mentions": [
        {
          "text": {
            "content": "adoption form",
            "beginOffset": -1
          },
          "type": "COMMON"
        }
      ]
    }
  ],
  "documentSentiment": {
    "magnitude": 1.3,
    "score": 0.1
  },
  "language": "en",
  "categories": []
}
