{
  "sentences": [
    {
      "text": {
        "content": "Johnny is an 8 year old Golden retriever who is great with kids an obsessed with balls.",
        "beginOffset": -1
      },
      "sentiment": {
        "magnitude": 0.8,
        "score": 0.8
      }
    },
    {
      "text": {
        "content": "He is urgently looking for a home as his current owners are aging and have no space in their new home.",
        "beginOffset": -1
      },
      "sentiment": {
        "magnitude": 0.5,
        "score": -0.5
      }
    }
  ],
  "tokens": [],
  "entities": [
    {
      "name": "Johnny",
      "type": "PERSON",
      "metadata": {},
      "salience": 0.8186871,
      "mentions": [
        {
          "text": {
            "content": "Johnny",
            "beginOffset": -1
          },
          "type": "PROPER"
        },
        {
          "text": {
            "content": "Golden retriever",
            "beginOffset": -1
          },
          "type": "COMMON"
        }
      ]
    },
    {
      "name": "owners",
      "type": "PERSON",
      "metadata": {},
      "salience": 0.05271086,
      "mentions": [
        {
          "text": {
            "content": "owners",
            "beginOffset": -1
          },
          "type": "COMMON"
        }
      ]
    },
    {
      "name": "balls",
      "type": "OTHER",
      "metadata": {},
      "salience": 0.041401118,
      "mentions": [
        {
          "text": {
            "content": "balls",
            "beginOffset": -1
          },
          "type": "COMMON"
        }
      ]
    },
    {
      "name": "kids",
      "type": "PERSON",
      "metadata": {},
      "salience": 0.04091353,
      "mentions": [
        {
          "text": {
            "content": "kids",
            "beginOffset": -1
          },
          "type": "COMMON"
        }
      ]
    },
    {
      "name": "home",
      "type": "LOCATION",
      "metadata": {},
      "salience": 0.02113701,
      "mentions": [
        {
          "text": {
            "content": "home",
            "beginOffset": -1
          },
          "type": "COMMON"
        }
      ]
    },
    {
      "name": "space",
      "type": "OTHER",
      "metadata": {},
      "salience": 0.0139065785,
      "mentions": [
        {
          "text": {
            "content": "space",
            "beginOffset": -1
          },
          "type": "COMMON"
        }
      ]
    },
    {
      "name": "home",
      "type": "LOCATION",
      "metadata": {},
      "salience": 0.011243803,
      "mentions": [
        {
          "text": {
            "content": "home",
            "beginOffset": -1
          },
          "type": "COMMON"
        }
      ]
    }
  ],
  "documentSentiment": {
    "magnitude": 1.3,
    "score": 0.1
  },
  "language": "en",
  "categories": []
}
