{
  "sentences": [
    {
      "text": {
        "content": "- potty trained - adaptable to new surroundings/people - playful &amp; tamed",
        "beginOffset": -1
      },
      "sentiment": {
        "magnitude": 0.8,
        "score": 0.8
      }
    }
  ],
  "tokens": [],
  "entities": [
    {
      "name": "surroundings",
      "type": "OTHER",
      "metadata": {},
      "salience": 0.7445061,
      "mentions": [
        {
          "text": {
            "content": "surroundings",
            "beginOffset": -1
          },
          "type": "COMMON"
        }
      ]
    },
    {
      "name": "people",
      "type": "PERSON",
      "metadata": {},
      "salience": 0.25549388,
      "mentions": [
        {
          "text": {
            "content": "people",
            "beginOffset": -1
          },
          "type": "COMMON"
        }
      ]
    }
  ],
  "documentSentiment": {
    "magnitude": 0.8,
    "score": 0.8
  },
  "language": "en",
  "categories": []
}
