{
  "sentences": [
    {
      "text": {
        "content": "About The Pet Hi everyone，Lexi was rescued by Kenny ) in a small town at Ijok.",
        "beginOffset": -1
      },
      "sentiment": {
        "magnitude": 0.3,
        "score": 0.3
      }
    },
    {
      "text": {
        "content": "Lexi was left in the drain area due to abandoned for almost 2 days.",
        "beginOffset": -1
      },
      "sentiment": {
        "magnitude": 0.7,
        "score": -0.7
      }
    },
    {
      "text": {
        "content": "She is about 2 weeks old now, and still feeding with milk.",
        "beginOffset": -1
      },
      "sentiment": {
        "magnitude": 0,
        "score": 0
      }
    },
    {
      "text": {
        "content": "We are looking for people who are good hearted and passionate with dogs to adopt and accept Lexi as a family member.",
        "beginOffset": -1
      },
      "sentiment": {
        "magnitude": 0.9,
        "score": 0.9
      }
    },
    {
      "text": {
        "content": "If anyone who are interested please contact our rescuer Kenny for more information about us.Thank you!!",
        "beginOffset": -1
      },
      "sentiment": {
        "magnitude": 0.8,
        "score": 0.8
      }
    },
    {
      "text": {
        "content": "Call",
        "beginOffset": -1
      },
      "sentiment": {
        "magnitude": 0,
        "score": 0
      }
    }
  ],
  "tokens": [],
  "entities": [
    {
      "name": "Lexi",
      "type": "PERSON",
      "metadata": {},
      "salience": 0.55864125,
      "mentions": [
        {
          "text": {
            "content": "Lexi",
            "beginOffset": -1
          },
          "type": "PROPER"
        },
        {
          "text": {
            "content": "Lexi",
            "beginOffset": -1
          },
          "type": "PROPER"
        },
        {
          "text": {
            "content": "Lexi",
            "beginOffset": -1
          },
          "type": "PROPER"
        }
      ]
    },
    {
      "name": "Kenny",
      "type": "PERSON",
      "metadata": {},
      "salience": 0.16901179,
      "mentions": [
        {
          "text": {
            "content": "Kenny",
            "beginOffset": -1
          },
          "type": "PROPER"
        },
        {
          "text": {
            "content": "Kenny",
            "beginOffset": -1
          },
          "type": "PROPER"
        },
        {
          "text": {
            "content": "rescuer",
            "beginOffset": -1
          },
          "type": "COMMON"
        }
      ]
    },
    {
      "name": "everyone",
      "type": "PERSON",
      "metadata": {},
      "salience": 0.07855343,
      "mentions": [
        {
          "text": {
            "content": "everyone",
            "beginOffset": -1
          },
          "type": "COMMON"
        }
      ]
    },
    {
      "name": "The Pet Hi",
      "type": "WORK_OF_ART",
      "metadata": {},
      "salience": 0.047712266,
      "mentions": [
        {
          "text": {
            "content": "The Pet Hi",
            "beginOffset": -1
          },
          "type": "PROPER"
        }
      ]
    },
    {
      "name": "town",
      "type": "LOCATION",
      "metadata": {},
      "salience": 0.03097825,
      "mentions": [
        {
          "text": {
            "content": "town",
            "beginOffset": -1
          },
          "type": "COMMON"
        }
      ]
    },
    {
      "name": "anyone",
      "type": "PERSON",
      "metadata": {},
      "salience": 0.02542939,
      "mentions": [
        {
          "text": {
            "content": "anyone",
            "beginOffset": -1
          },
          "type": "COMMON"
        }
      ]
    },
    {
      "name": "people",
      "type": "PERSON",
      "metadata": {},
      "salience": 0.023152335,
      "mentions": [
        {
          "text": {
            "content": "people",
            "beginOffset": -1
          },
          "type": "COMMON"
        }
      ]
    },
    {
      "name": "Ijok",
      "type": "LOCATION",
      "metadata": {
        "mid": "/m/0f4cvt",
        "wikipedia_url": "https://en.wikipedia.org/wiki/Ijok"
      },
      "salience": 0.018499397,
      "mentions": [
        {
          "text": {
            "content": "Ijok",
            "beginOffset": -1
          },
          "type": "PROPER"
        }
      ]
    },
    {
      "name": "drain area",
      "type": "LOCATION",
      "metadata": {},
      "salience": 0.010194728,
      "mentions": [
        {
          "text": {
            "content": "drain area",
            "beginOffset": -1
          },
          "type": "COMMON"
        }
      ]
    },
    {
      "name": "milk",
      "type": "OTHER",
      "metadata": {},
      "salience": 0.009427477,
      "mentions": [
        {
          "text": {
            "content": "milk",
            "beginOffset": -1
          },
          "type": "COMMON"
        }
      ]
    },
    {
      "name": "us.",
      "type": "OTHER",
      "metadata": {},
      "salience": 0.008290693,
      "mentions": [
        {
          "text": {
            "content": "us.",
            "beginOffset": -1
          },
          "type": "COMMON"
        }
      ]
    },
    {
      "name": "family member",
      "type": "PERSON",
      "metadata": {},
      "salience": 0.007090663,
      "mentions": [
        {
          "text": {
            "content": "family member",
            "beginOffset": -1
          },
          "type": "COMMON"
        }
      ]
    },
    {
      "name": "information",
      "type": "OTHER",
      "metadata": {},
      "salience": 0.0049561937,
      "mentions": [
        {
          "text": {
            "content": "information",
            "beginOffset": -1
          },
          "type": "COMMON"
        }
      ]
    },
    {
      "name": "Call",
      "type": "OTHER",
      "metadata": {},
      "salience": 0.004945122,
      "mentions": [
        {
          "text": {
            "content": "Call",
            "beginOffset": -1
          },
          "type": "COMMON"
        }
      ]
    },
    {
      "name": "dogs",
      "type": "OTHER",
      "metadata": {},
      "salience": 0.0031170147,
      "mentions": [
        {
          "text": {
            "content": "dogs",
            "beginOffset": -1
          },
          "type": "COMMON"
        }
      ]
    }
  ],
  "documentSentiment": {
    "magnitude": 3,
    "score": 0.2
  },
  "language": "en",
  "categories": []
}
