{
  "sentences": [
    {
      "text": {
        "content": "Friendly , fluffy, male dog Vaccinated, dewormed, neutered For adoption / enquiries, please visit PAWS, PJ.",
        "beginOffset": -1
      },
      "sentiment": {
        "magnitude": 0.7,
        "score": 0.7
      }
    },
    {
      "text": {
        "content": "Fb: Adoption Page - PAWS PJ / PAWS Animal Welfare Society, Petaling Jaya",
        "beginOffset": -1
      },
      "sentiment": {
        "magnitude": 0,
        "score": 0
      }
    }
  ],
  "tokens": [],
  "entities": [
    {
      "name": "dog",
      "type": "OTHER",
      "metadata": {},
      "salience": 0.30795097,
      "mentions": [
        {
          "text": {
            "content": "dog",
            "beginOffset": -1
          },
          "type": "COMMON"
        }
      ]
    },
    {
      "name": "adoption",
      "type": "OTHER",
      "metadata": {},
      "salience": 0.1715867,
      "mentions": [
        {
          "text": {
            "content": "adoption",
            "beginOffset": -1
          },
          "type": "COMMON"
        }
      ]
    },
    {
      "name": "PAWS PJ",
      "type": "PERSON",
      "metadata": {},
      "salience": 0.16218127,
      "mentions": [
        {
          "text": {
            "content": "PJ",
            "beginOffset": -1
          },
          "type": "PROPER"
        },
        {
          "text": {
            "content": "PAWS PJ",
            "beginOffset": -1
          },
          "type": "PROPER"
        }
      ]
    },
    {
      "name": "enquiries",
      "type": "OTHER",
      "metadata": {},
      "salience": 0.15352501,
      "mentions": [
        {
          "text": {
            "content": "enquiries",
            "beginOffset": -1
          },
          "type": "COMMON"
        }
      ]
    },
    {
      "name": "PAWS",
      "type": "ORGANIZATION",
      "metadata": {
        "mid": "/g/11g_fl1x4"
      },
      "salience": 0.14699177,
      "mentions": [
        {
          "text": {
            "content": "PAWS",
            "beginOffset": -1
          },
          "type": "PROPER"
        },
        {
          "text": {
            "content": "PAWS Animal Welfare Society",
            "beginOffset": -1
          },
          "type": "PROPER"
        }
      ]
    },
    {
      "name": "Petaling Jaya",
      "type": "LOCATION",
      "metadata": {
        "wikipedia_url": "https://en.wikipedia.org/wiki/Petaling_Jaya",
        "mid": "/m/03dqts"
      },
      "salience": 0.021981107,
      "mentions": [
        {
          "text": {
            "content": "Petaling Jaya",
            "beginOffset": -1
          },
          "type": "PROPER"
        }
      ]
    },
    {
      "name": "Fb: Adoption Page",
      "type": "OTHER",
      "metadata": {},
      "salience": 0.013802061,
      "mentions": [
        {
          "text": {
            "content": "Fb: Adoption Page",
            "beginOffset": -1
          },
          "type": "PROPER"
        }
      ]
    }
  ],
  "documentSentiment": {
    "magnitude": 0.8,
    "score": 0.4
  },
  "language": "en",
  "categories": []
}
