{
  "sentences": [
    {
      "text": {
        "content": "Hershey was abandoned at the temple by an irresponsible owner.She is extremely loving, friendly and super active.",
        "beginOffset": -1
      },
      "sentiment": {
        "magnitude": 0.9,
        "score": 0.9
      }
    },
    {
      "text": {
        "content": "She needs an adopter who will look after her like their own daughter.",
        "beginOffset": -1
      },
      "sentiment": {
        "magnitude": 0.6,
        "score": 0.6
      }
    },
    {
      "text": {
        "content": "She should not be caged or tied and should taken for regular walks.",
        "beginOffset": -1
      },
      "sentiment": {
        "magnitude": 0,
        "score": 0
      }
    },
    {
      "text": {
        "content": "Those willing to give a loving home and show her true love can contact me at.",
        "beginOffset": -1
      },
      "sentiment": {
        "magnitude": 0.9,
        "score": 0.9
      }
    },
    {
      "text": {
        "content": "Thank you!:)",
        "beginOffset": -1
      },
      "sentiment": {
        "magnitude": 0.2,
        "score": 0.2
      }
    }
  ],
  "tokens": [],
  "entities": [
    {
      "name": "temple",
      "type": "OTHER",
      "metadata": {},
      "salience": 0.38639617,
      "mentions": [
        {
          "text": {
            "content": "temple",
            "beginOffset": -1
          },
          "type": "COMMON"
        }
      ]
    },
    {
      "name": "Hershey",
      "type": "ORGANIZATION",
      "metadata": {
        "mid": "/m/0lq_7",
        "wikipedia_url": "https://en.wikipedia.org/wiki/The_Hershey_Company"
      },
      "salience": 0.23721972,
      "mentions": [
        {
          "text": {
            "content": "Hershey",
            "beginOffset": -1
          },
          "type": "PROPER"
        }
      ]
    },
    {
      "name": "owner.",
      "type": "PERSON",
      "metadata": {},
      "salience": 0.15492566,
      "mentions": [
        {
          "text": {
            "content": "owner.",
            "beginOffset": -1
          },
          "type": "COMMON"
        }
      ]
    },
    {
      "name": "adopter",
      "type": "PERSON",
      "metadata": {},
      "salience": 0.10765142,
      "mentions": [
        {
          "text": {
            "content": "adopter",
            "beginOffset": -1
          },
          "type": "COMMON"
        }
      ]
    },
    {
      "name": "daughter",
      "type": "PERSON",
      "metadata": {},
      "salience": 0.05198863,
      "mentions": [
        {
          "text": {
            "content": "daughter",
            "beginOffset": -1
          },
          "type": "COMMON"
        }
      ]
    },
    {
      "name": "home",
      "type": "LOCATION",
      "metadata": {},
      "salience": 0.027327703,
      "mentions": [
        {
          "text": {
            "content": "home",
            "beginOffset": -1
          },
          "type": "COMMON"
        }
      ]
    },
    {
      "name": "true love",
      "type": "OTHER",
      "metadata": {},
      "salience": 0.018692398,
      "mentions": [
        {
          "text": {
            "content": "true love",
            "beginOffset": -1
          },
          "type": "COMMON"
        }
      ]
    },
    {
      "name": "walks",
      "type": "OTHER",
      "metadata": {},
      "salience": 0.015798302,
      "mentions": [
        {
          "text": {
            "content": "walks",
            "beginOffset": -1
          },
          "type": "COMMON"
        }
      ]
    }
  ],
  "documentSentiment": {
    "magnitude": 2.8,
    "score": 0.5
  },
  "language": "en",
  "categories": []
}
