{
  "sentences": [
    {
      "text": {
        "content": "An abandoned long coat/haired dachshund mix gave birth to 6 babies on November 3,. 4 males and 2 females.",
        "beginOffset": -1
      },
      "sentiment": {
        "magnitude": 0.7,
        "score": -0.7
      }
    },
    {
      "text": {
        "content": "Females Adopted.! 3 Males still available The mom is Sausage and her puppies are Steady, Starry, Smoothy, Smartly (all maleS) and Sunny and sheeny (girls) We are taking reservations for adopting.",
        "beginOffset": -1
      },
      "sentiment": {
        "magnitude": 0.5,
        "score": 0.5
      }
    },
    {
      "text": {
        "content": "They will be available for adoption when they are 2 months old.",
        "beginOffset": -1
      },
      "sentiment": {
        "magnitude": 0,
        "score": 0
      }
    },
    {
      "text": {
        "content": "You must fulfill the below requirements to adopt..",
        "beginOffset": -1
      },
      "sentiment": {
        "magnitude": 0.1,
        "score": 0.1
      }
    },
    {
      "text": {
        "content": "1.",
        "beginOffset": -1
      },
      "sentiment": {
        "magnitude": 0,
        "score": 0
      }
    },
    {
      "text": {
        "content": "Deworm 2.",
        "beginOffset": -1
      },
      "sentiment": {
        "magnitude": 0,
        "score": 0
      }
    },
    {
      "text": {
        "content": "All 3 vaccines 3.",
        "beginOffset": -1
      },
      "sentiment": {
        "magnitude": 0,
        "score": 0
      }
    },
    {
      "text": {
        "content": "Female spay / male neuter, when 8-9months old 4.",
        "beginOffset": -1
      },
      "sentiment": {
        "magnitude": 0.2,
        "score": 0.2
      }
    },
    {
      "text": {
        "content": "Indoor pet and prefer to roam free, not caged or tied 5.",
        "beginOffset": -1
      },
      "sentiment": {
        "magnitude": 0.7,
        "score": 0.7
      }
    },
    {
      "text": {
        "content": "Keep in touch/update photos once a year thru social media ( FB or whatsapp) 6.",
        "beginOffset": -1
      },
      "sentiment": {
        "magnitude": 0.2,
        "score": 0.2
      }
    },
    {
      "text": {
        "content": "Allow a home visit with agreed appointment 7.",
        "beginOffset": -1
      },
      "sentiment": {
        "magnitude": 0,
        "score": 0
      }
    },
    {
      "text": {
        "content": "If for ANY reason,,, even with a thousand reasons, you cannot take care of the furkid, you will NOT abandon it.",
        "beginOffset": -1
      },
      "sentiment": {
        "magnitude": 0.4,
        "score": -0.4
      }
    },
    {
      "text": {
        "content": "Give back to us to rehome.",
        "beginOffset": -1
      },
      "sentiment": {
        "magnitude": 0.1,
        "score": -0.1
      }
    }
  ],
  "tokens": [],
  "entities": [
    {
      "name": "males",
      "type": "PERSON",
      "metadata": {},
      "salience": 0.11214186,
      "mentions": [
        {
          "text": {
            "content": "males",
            "beginOffset": -1
          },
          "type": "COMMON"
        }
      ]
    },
    {
      "name": "females",
      "type": "PERSON",
      "metadata": {},
      "salience": 0.10269249,
      "mentions": [
        {
          "text": {
            "content": "females",
            "beginOffset": -1
          },
          "type": "COMMON"
        }
      ]
    },
    {
      "name": "coat",
      "type": "OTHER",
      "metadata": {},
      "salience": 0.09065773,
      "mentions": [
        {
          "text": {
            "content": "coat",
            "beginOffset": -1
          },
          "type": "COMMON"
        }
      ]
    },
    {
      "name": "birth",
      "type": "OTHER",
      "metadata": {},
      "salience": 0.09065773,
      "mentions": [
        {
          "text": {
            "content": "birth",
            "beginOffset": -1
          },
          "type": "COMMON"
        }
      ]
    },
    {
      "name": "babies",
      "type": "PERSON",
      "metadata": {},
      "salience": 0.09065773,
      "mentions": [
        {
          "text": {
            "content": "babies",
            "beginOffset": -1
          },
          "type": "COMMON"
        }
      ]
    },
    {
      "name": "dachshund mix",
      "type": "PERSON",
      "metadata": {},
      "salience": 0.09065773,
      "mentions": [
        {
          "text": {
            "content": "dachshund mix",
            "beginOffset": -1
          },
          "type": "COMMON"
        }
      ]
    },
    {
      "name": "girls",
      "type": "PERSON",
      "metadata": {},
      "salience": 0.07930755,
      "mentions": [
        {
          "text": {
            "content": "girls",
            "beginOffset": -1
          },
          "type": "COMMON"
        }
      ]
    },
    {
      "name": "mom",
      "type": "PERSON",
      "metadata": {},
      "salience": 0.051356554,
      "mentions": [
        {
          "text": {
            "content": "mom",
            "beginOffset": -1
          },
          "type": "COMMON"
        }
      ]
    },
    {
      "name": "Females",
      "type": "PERSON",
      "metadata": {},
      "salience": 0.05034518,
      "mentions": [
        {
          "text": {
            "content": "Females",
            "beginOffset": -1
          },
          "type": "COMMON"
        }
      ]
    },
    {
      "name": "Males",
      "type": "PERSON",
      "metadata": {},
      "salience": 0.021120371,
      "mentions": [
        {
          "text": {
            "content": "Males",
            "beginOffset": -1
          },
          "type": "COMMON"
        }
      ]
    },
    {
      "name": "puppies",
      "type": "OTHER",
      "metadata": {},
      "salience": 0.016535798,
      "mentions": [
        {
          "text": {
            "content": "puppies",
            "beginOffset": -1
          },
          "type": "COMMON"
        }
      ]
    },
    {
      "name": "maleS",
      "type": "PERSON",
      "metadata": {},
      "salience": 0.014280893,
      "mentions": [
        {
          "text": {
            "content": "maleS",
            "beginOffset": -1
          },
          "type": "COMMON"
        }
      ]
    },
    {
      "name": "reservations",
      "type": "OTHER",
      "metadata": {},
      "salience": 0.013265537,
      "mentions": [
        {
          "text": {
            "content": "reservations",
            "beginOffset": -1
          },
          "type": "COMMON"
        }
      ]
    },
    {
      "name": "adoption",
      "type": "OTHER",
      "metadata": {},
      "salience": 0.01296614,
      "mentions": [
        {
          "text": {
            "content": "adoption",
            "beginOffset": -1
          },
          "type": "COMMON"
        }
      ]
    },
    {
      "name": "Sausage",
      "type": "OTHER",
      "metadata": {
        "mid": "/m/0kdzn",
        "wikipedia_url": "https://en.wikipedia.org/wiki/Sausage"
      },
      "salience": 0.012828126,
      "mentions": [
        {
          "text": {
            "content": "Sausage",
            "beginOffset": -1
          },
          "type": "PROPER"
        }
      ]
    },
    {
      "name": "requirements",
      "type": "OTHER",
      "metadata": {},
      "salience": 0.011494539,
      "mentions": [
        {
          "text": {
            "content": "requirements",
            "beginOffset": -1
          },
          "type": "COMMON"
        }
      ]
    },
    {
      "name": "vaccines",
      "type": "OTHER",
      "metadata": {},
      "salience": 0.011415949,
      "mentions": [
        {
          "text": {
            "content": "vaccines",
            "beginOffset": -1
          },
          "type": "COMMON"
        }
      ]
    },
    {
      "name": "neuter",
      "type": "OTHER",
      "metadata": {},
      "salience": 0.010459797,
      "mentions": [
        {
          "text": {
            "content": "neuter",
            "beginOffset": -1
          },
          "type": "COMMON"
        }
      ]
    },
    {
      "name": "spay",
      "type": "OTHER",
      "metadata": {},
      "salience": 0.010459797,
      "mentions": [
        {
          "text": {
            "content": "spay",
            "beginOffset": -1
          },
          "type": "COMMON"
        }
      ]
    },
    {
      "name": "pet",
      "type": "OTHER",
      "metadata": {},
      "salience": 0.010444699,
      "mentions": [
        {
          "text": {
            "content": "pet",
            "beginOffset": -1
          },
          "type": "COMMON"
        }
      ]
    },
    {
      "name": "Smoothy",
      "type": "PERSON",
      "metadata": {},
      "salience": 0.010038654,
      "mentions": [
        {
          "text": {
            "content": "Smoothy",
            "beginOffset": -1
          },
          "type": "PROPER"
        }
      ]
    },
    {
      "name": "Starry",
      "type": "PERSON",
      "metadata": {},
      "salience": 0.010038654,
      "mentions": [
        {
          "text": {
            "content": "Starry",
            "beginOffset": -1
          },
          "type": "PROPER"
        }
      ]
    },
    {
      "name": "reason",
      "type": "OTHER",
      "metadata": {},
      "salience": 0.008932748,
      "mentions": [
        {
          "text": {
            "content": "reason",
            "beginOffset": -1
          },
          "type": "COMMON"
        }
      ]
    },
    {
      "name": "reasons",
      "type": "OTHER",
      "metadata": {},
      "salience": 0.008932748,
      "mentions": [
        {
          "text": {
            "content": "reasons",
            "beginOffset": -1
          },
          "type": "COMMON"
        }
      ]
    },
    {
      "name": "appointment",
      "type": "OTHER",
      "metadata": {},
      "salience": 0.007856853,
      "mentions": [
        {
          "text": {
            "content": "appointment",
            "beginOffset": -1
          },
          "type": "COMMON"
        }
      ]
    },
    {
      "name": "home visit",
      "type": "EVENT",
      "metadata": {},
      "salience": 0.007856853,
      "mentions": [
        {
          "text": {
            "content": "home visit",
            "beginOffset": -1
          },
          "type": "COMMON"
        }
      ]
    },
    {
      "name": "Sunny",
      "type": "PERSON",
      "metadata": {},
      "salience": 0.0067776074,
      "mentions": [
        {
          "text": {
            "content": "Sunny",
            "beginOffset": -1
          },
          "type": "PROPER"
        }
      ]
    },
    {
      "name": "Deworm 2",
      "type": "OTHER",
      "metadata": {},
      "salience": 0.0067694024,
      "mentions": [
        {
          "text": {
            "content": "Deworm 2",
            "beginOffset": -1
          },
          "type": "PROPER"
        }
      ]
    },
    {
      "name": "care",
      "type": "OTHER",
      "metadata": {},
      "salience": 0.006291761,
      "mentions": [
        {
          "text": {
            "content": "care",
            "beginOffset": -1
          },
          "type": "COMMON"
        }
      ]
    },
    {
      "name": "furkid",
      "type": "OTHER",
      "metadata": {},
      "salience": 0.0054962905,
      "mentions": [
        {
          "text": {
            "content": "furkid",
            "beginOffset": -1
          },
          "type": "COMMON"
        }
      ]
    },
    {
      "name": "FB",
      "type": "OTHER",
      "metadata": {},
      "salience": 0.0034524456,
      "mentions": [
        {
          "text": {
            "content": "FB",
            "beginOffset": -1
          },
          "type": "COMMON"
        }
      ]
    },
    {
      "name": "social media",
      "type": "OTHER",
      "metadata": {},
      "salience": 0.0034524456,
      "mentions": [
        {
          "text": {
            "content": "social media",
            "beginOffset": -1
          },
          "type": "COMMON"
        }
      ]
    },
    {
      "name": "touch",
      "type": "OTHER",
      "metadata": {},
      "salience": 0.0034524456,
      "mentions": [
        {
          "text": {
            "content": "touch",
            "beginOffset": -1
          },
          "type": "COMMON"
        }
      ]
    },
    {
      "name": "update",
      "type": "OTHER",
      "metadata": {},
      "salience": 0.0034524456,
      "mentions": [
        {
          "text": {
            "content": "update",
            "beginOffset": -1
          },
          "type": "COMMON"
        }
      ]
    },
    {
      "name": "photos",
      "type": "WORK_OF_ART",
      "metadata": {},
      "salience": 0.0034524456,
      "mentions": [
        {
          "text": {
            "content": "photos",
            "beginOffset": -1
          },
          "type": "COMMON"
        }
      ]
    }
  ],
  "documentSentiment": {
    "magnitude": 3.4,
    "score": 0
  },
  "language": "en",
  "categories": []
}
