{
  "sentences": [
    {
      "text": {
        "content": "2 kittens left for adoptions.",
        "beginOffset": -1
      },
      "sentiment": {
        "magnitude": 0,
        "score": 0
      }
    },
    {
      "text": {
        "content": "active and playfull.",
        "beginOffset": -1
      },
      "sentiment": {
        "magnitude": 0.7,
        "score": 0.7
      }
    },
    {
      "text": {
        "content": "now left Melon and Fiona.",
        "beginOffset": -1
      },
      "sentiment": {
        "magnitude": 0,
        "score": 0
      }
    }
  ],
  "tokens": [],
  "entities": [
    {
      "name": "kittens",
      "type": "PERSON",
      "metadata": {},
      "salience": 0.6479887,
      "mentions": [
        {
          "text": {
            "content": "kittens",
            "beginOffset": -1
          },
          "type": "COMMON"
        }
      ]
    },
    {
      "name": "adoptions",
      "type": "OTHER",
      "metadata": {},
      "salience": 0.29309416,
      "mentions": [
        {
          "text": {
            "content": "adoptions",
            "beginOffset": -1
          },
          "type": "COMMON"
        }
      ]
    },
    {
      "name": "Fiona",
      "type": "PERSON",
      "metadata": {
        "mid": "/m/06hm0d",
        "wikipedia_url": "https://en.wikipedia.org/wiki/Princess_Fiona"
      },
      "salience": 0.04453716,
      "mentions": [
        {
          "text": {
            "content": "Fiona",
            "beginOffset": -1
          },
          "type": "PROPER"
        }
      ]
    },
    {
      "name": "Melon",
      "type": "OTHER",
      "metadata": {
        "wikipedia_url": "https://en.wikipedia.org/wiki/Melon",
        "mid": "/m/016rbg"
      },
      "salience": 0.014380019,
      "mentions": [
        {
          "text": {
            "content": "Melon",
            "beginOffset": -1
          },
          "type": "PROPER"
        }
      ]
    }
  ],
  "documentSentiment": {
    "magnitude": 0.8,
    "score": 0.2
  },
  "language": "en",
  "categories": []
}
