{
  "sentences": [
    {
      "text": {
        "content": "One perished, three remains!!!!",
        "beginOffset": -1
      },
      "sentiment": {
        "magnitude": 0,
        "score": 0
      }
    },
    {
      "text": {
        "content": "All male puppies about 2 months old.",
        "beginOffset": -1
      },
      "sentiment": {
        "magnitude": 0,
        "score": 0
      }
    },
    {
      "text": {
        "content": "They are now being housed in an apartment, Puchong by the rescuer ...",
        "beginOffset": -1
      },
      "sentiment": {
        "magnitude": 0.2,
        "score": 0.2
      }
    },
    {
      "text": {
        "content": "And need find homes urgently!",
        "beginOffset": -1
      },
      "sentiment": {
        "magnitude": 0,
        "score": 0
      }
    },
    {
      "text": {
        "content": "Please call auntie Kim if you can provide them with a home (and promise to neuter them when they are older).",
        "beginOffset": -1
      },
      "sentiment": {
        "magnitude": 0,
        "score": 0
      }
    },
    {
      "text": {
        "content": "+",
        "beginOffset": -1
      },
      "sentiment": {
        "magnitude": 0.1,
        "score": 0.1
      }
    }
  ],
  "tokens": [],
  "entities": [
    {
      "name": "remains",
      "type": "OTHER",
      "metadata": {},
      "salience": 0.53895277,
      "mentions": [
        {
          "text": {
            "content": "remains",
            "beginOffset": -1
          },
          "type": "COMMON"
        }
      ]
    },
    {
      "name": "puppies",
      "type": "OTHER",
      "metadata": {},
      "salience": 0.107962735,
      "mentions": [
        {
          "text": {
            "content": "puppies",
            "beginOffset": -1
          },
          "type": "COMMON"
        }
      ]
    },
    {
      "name": "apartment",
      "type": "LOCATION",
      "metadata": {},
      "salience": 0.073882036,
      "mentions": [
        {
          "text": {
            "content": "apartment",
            "beginOffset": -1
          },
          "type": "COMMON"
        }
      ]
    },
    {
      "name": "rescuer",
      "type": "PERSON",
      "metadata": {},
      "salience": 0.073882036,
      "mentions": [
        {
          "text": {
            "content": "rescuer",
            "beginOffset": -1
          },
          "type": "COMMON"
        }
      ]
    },
    {
      "name": "find homes",
      "type": "OTHER",
      "metadata": {},
      "salience": 0.06763164,
      "mentions": [
        {
          "text": {
            "content": "find homes",
            "beginOffset": -1
          },
          "type": "COMMON"
        }
      ]
    },
    {
      "name": "home",
      "type": "LOCATION",
      "metadata": {},
      "salience": 0.05797389,
      "mentions": [
        {
          "text": {
            "content": "home",
            "beginOffset": -1
          },
          "type": "COMMON"
        }
      ]
    },
    {
      "name": "Puchong",
      "type": "LOCATION",
      "metadata": {
        "mid": "/m/0cxff7",
        "wikipedia_url": "https://en.wikipedia.org/wiki/Puchong"
      },
      "salience": 0.043930676,
      "mentions": [
        {
          "text": {
            "content": "Puchong",
            "beginOffset": -1
          },
          "type": "PROPER"
        }
      ]
    },
    {
      "name": "auntie",
      "type": "OTHER",
      "metadata": {},
      "salience": 0.022479123,
      "mentions": [
        {
          "text": {
            "content": "auntie",
            "beginOffset": -1
          },
          "type": "COMMON"
        }
      ]
    },
    {
      "name": "Kim",
      "type": "PERSON",
      "metadata": {},
      "salience": 0.013305112,
      "mentions": [
        {
          "text": {
            "content": "Kim",
            "beginOffset": -1
          },
          "type": "PROPER"
        }
      ]
    }
  ],
  "documentSentiment": {
    "magnitude": 0.5,
    "score": 0
  },
  "language": "en",
  "categories": []
}
