{
  "sentences": [
    {
      "text": {
        "content": "Dog lover out there that are willing to adopt this puppies.This puppies need a home or they will be surrender to the paws..If there interested pls contact: Foong at",
        "beginOffset": -1
      },
      "sentiment": {
        "magnitude": 0.3,
        "score": 0.3
      }
    }
  ],
  "tokens": [],
  "entities": [
    {
      "name": "puppies",
      "type": "OTHER",
      "metadata": {},
      "salience": 0.41033667,
      "mentions": [
        {
          "text": {
            "content": "puppies",
            "beginOffset": -1
          },
          "type": "COMMON"
        }
      ]
    },
    {
      "name": "Dog lover",
      "type": "PERSON",
      "metadata": {},
      "salience": 0.3357163,
      "mentions": [
        {
          "text": {
            "content": "Dog lover",
            "beginOffset": -1
          },
          "type": "COMMON"
        }
      ]
    },
    {
      "name": "surrender",
      "type": "EVENT",
      "metadata": {},
      "salience": 0.11022901,
      "mentions": [
        {
          "text": {
            "content": "surrender",
            "beginOffset": -1
          },
          "type": "COMMON"
        }
      ]
    },
    {
      "name": "home",
      "type": "LOCATION",
      "metadata": {},
      "salience": 0.0841051,
      "mentions": [
        {
          "text": {
            "content": "home",
            "beginOffset": -1
          },
          "type": "COMMON"
        }
      ]
    },
    {
      "name": "paws",
      "type": "OTHER",
      "metadata": {},
      "salience": 0.030663667,
      "mentions": [
        {
          "text": {
            "content": "paws",
            "beginOffset": -1
          },
          "type": "COMMON"
        }
      ]
    },
    {
      "name": "Foong",
      "type": "PERSON",
      "metadata": {},
      "salience": 0.028949263,
      "mentions": [
        {
          "text": {
            "content": "Foong",
            "beginOffset": -1
          },
          "type": "PROPER"
        }
      ]
    }
  ],
  "documentSentiment": {
    "magnitude": 0.3,
    "score": 0.3
  },
  "language": "en",
  "categories": []
}
