{
  "sentences": [
    {
      "text": {
        "content": "young puppy for adoption Agile, bouncy, curious Special markings/colour DOB: June To adopt, kindly visit PAWS Animal Welfare Society, PJ.",
        "beginOffset": -1
      },
      "sentiment": {
        "magnitude": 0.5,
        "score": 0.5
      }
    },
    {
      "text": {
        "content": "More info @ Fb page : Adoption Page - PAWS PJ There are a lot more at the shelter, do drop by to visit / volunteer/donate.",
        "beginOffset": -1
      },
      "sentiment": {
        "magnitude": 0.2,
        "score": 0.2
      }
    }
  ],
  "tokens": [],
  "entities": [
    {
      "name": "Agile",
      "type": "OTHER",
      "metadata": {
        "mid": "/m/02zhbn",
        "wikipedia_url": "https://en.wikipedia.org/wiki/Agile_software_development"
      },
      "salience": 0.34265697,
      "mentions": [
        {
          "text": {
            "content": "Agile",
            "beginOffset": -1
          },
          "type": "PROPER"
        },
        {
          "text": {
            "content": "adoption",
            "beginOffset": -1
          },
          "type": "COMMON"
        }
      ]
    },
    {
      "name": "puppy",
      "type": "OTHER",
      "metadata": {},
      "salience": 0.2370354,
      "mentions": [
        {
          "text": {
            "content": "puppy",
            "beginOffset": -1
          },
          "type": "COMMON"
        }
      ]
    },
    {
      "name": "colour",
      "type": "OTHER",
      "metadata": {},
      "salience": 0.06877572,
      "mentions": [
        {
          "text": {
            "content": "colour",
            "beginOffset": -1
          },
          "type": "COMMON"
        }
      ]
    },
    {
      "name": "markings",
      "type": "OTHER",
      "metadata": {},
      "salience": 0.06877572,
      "mentions": [
        {
          "text": {
            "content": "markings",
            "beginOffset": -1
          },
          "type": "COMMON"
        }
      ]
    },
    {
      "name": "@ Fb",
      "type": "OTHER",
      "metadata": {},
      "salience": 0.05334439,
      "mentions": [
        {
          "text": {
            "content": "page",
            "beginOffset": -1
          },
          "type": "COMMON"
        },
        {
          "text": {
            "content": "@ Fb",
            "beginOffset": -1
          },
          "type": "PROPER"
        }
      ]
    },
    {
      "name": "PJ There",
      "type": "PERSON",
      "metadata": {
        "mid": "/m/03dqts",
        "wikipedia_url": "https://en.wikipedia.org/wiki/Petaling_Jaya"
      },
      "salience": 0.04514769,
      "mentions": [
        {
          "text": {
            "content": "PJ",
            "beginOffset": -1
          },
          "type": "PROPER"
        },
        {
          "text": {
            "content": "PJ There",
            "beginOffset": -1
          },
          "type": "PROPER"
        }
      ]
    },
    {
      "name": "Adoption Page",
      "type": "OTHER",
      "metadata": {},
      "salience": 0.04197514,
      "mentions": [
        {
          "text": {
            "content": "PAWS",
            "beginOffset": -1
          },
          "type": "COMMON"
        },
        {
          "text": {
            "content": "Adoption Page",
            "beginOffset": -1
          },
          "type": "PROPER"
        }
      ]
    },
    {
      "name": "DOB",
      "type": "ORGANIZATION",
      "metadata": {},
      "salience": 0.041289646,
      "mentions": [
        {
          "text": {
            "content": "DOB",
            "beginOffset": -1
          },
          "type": "PROPER"
        }
      ]
    },
    {
      "name": "PAWS Animal Welfare Society",
      "type": "OTHER",
      "metadata": {
        "mid": "/g/11g_fl1x4"
      },
      "salience": 0.036604304,
      "mentions": [
        {
          "text": {
            "content": "PAWS Animal Welfare Society",
            "beginOffset": -1
          },
          "type": "PROPER"
        }
      ]
    },
    {
      "name": "info",
      "type": "OTHER",
      "metadata": {},
      "salience": 0.022558996,
      "mentions": [
        {
          "text": {
            "content": "info",
            "beginOffset": -1
          },
          "type": "COMMON"
        }
      ]
    },
    {
      "name": "shelter",
      "type": "LOCATION",
      "metadata": {},
      "salience": 0.016038474,
      "mentions": [
        {
          "text": {
            "content": "shelter",
            "beginOffset": -1
          },
          "type": "COMMON"
        }
      ]
    },
    {
      "name": "donate",
      "type": "OTHER",
      "metadata": {},
      "salience": 0.014545842,
      "mentions": [
        {
          "text": {
            "content": "donate",
            "beginOffset": -1
          },
          "type": "COMMON"
        }
      ]
    },
    {
      "name": "volunteer",
      "type": "OTHER",
      "metadata": {},
      "salience": 0.011251702,
      "mentions": [
        {
          "text": {
            "content": "volunteer",
            "beginOffset": -1
          },
          "type": "COMMON"
        }
      ]
    }
  ],
  "documentSentiment": {
    "magnitude": 0.8,
    "score": 0.4
  },
  "language": "en",
  "categories": []
}
