{
  "sentences": [
    {
      "text": {
        "content": "This puppy is a survivor from a mama dog diagnosed with TVT.",
        "beginOffset": -1
      },
      "sentiment": {
        "magnitude": 0,
        "score": 0
      }
    },
    {
      "text": {
        "content": "The mama dog, a stray from the streets was found to be pregnant and at the same time suffering with TVT.",
        "beginOffset": -1
      },
      "sentiment": {
        "magnitude": 0.3,
        "score": 0.3
      }
    },
    {
      "text": {
        "content": "Managing the TVT disease and at the same time safeguarding the lives of the babies prove to be one challenging task.",
        "beginOffset": -1
      },
      "sentiment": {
        "magnitude": 0.8,
        "score": 0.8
      }
    },
    {
      "text": {
        "content": "Thanks to the expertise of the vet, the puppy stays tough and strong...surviving through the ordeal.",
        "beginOffset": -1
      },
      "sentiment": {
        "magnitude": 0.9,
        "score": 0.9
      }
    },
    {
      "text": {
        "content": "Having to go through such big hurdle at this young age makes her deserves a better loving home more than anything else.",
        "beginOffset": -1
      },
      "sentiment": {
        "magnitude": 0.8,
        "score": 0.8
      }
    },
    {
      "text": {
        "content": "If you can help give Jane a forever loving home, please contact.",
        "beginOffset": -1
      },
      "sentiment": {
        "magnitude": 0.6,
        "score": 0.6
      }
    },
    {
      "text": {
        "content": "Location: Bukit Mertajam, Penang",
        "beginOffset": -1
      },
      "sentiment": {
        "magnitude": 0.1,
        "score": 0.1
      }
    }
  ],
  "tokens": [],
  "entities": [
    {
      "name": "puppy",
      "type": "OTHER",
      "metadata": {},
      "salience": 0.19910793,
      "mentions": [
        {
          "text": {
            "content": "puppy",
            "beginOffset": -1
          },
          "type": "COMMON"
        }
      ]
    },
    {
      "name": "survivor",
      "type": "PERSON",
      "metadata": {},
      "salience": 0.18695918,
      "mentions": [
        {
          "text": {
            "content": "survivor",
            "beginOffset": -1
          },
          "type": "COMMON"
        }
      ]
    },
    {
      "name": "mama dog",
      "type": "PERSON",
      "metadata": {},
      "salience": 0.1677896,
      "mentions": [
        {
          "text": {
            "content": "mama dog",
            "beginOffset": -1
          },
          "type": "COMMON"
        }
      ]
    },
    {
      "name": "TVT",
      "type": "ORGANIZATION",
      "metadata": {},
      "salience": 0.09869206,
      "mentions": [
        {
          "text": {
            "content": "TVT",
            "beginOffset": -1
          },
          "type": "PROPER"
        },
        {
          "text": {
            "content": "TVT",
            "beginOffset": -1
          },
          "type": "PROPER"
        },
        {
          "text": {
            "content": "TVT",
            "beginOffset": -1
          },
          "type": "PROPER"
        }
      ]
    },
    {
      "name": "mama dog",
      "type": "OTHER",
      "metadata": {},
      "salience": 0.08336762,
      "mentions": [
        {
          "text": {
            "content": "mama dog",
            "beginOffset": -1
          },
          "type": "COMMON"
        }
      ]
    },
    {
      "name": "streets",
      "type": "LOCATION",
      "metadata": {},
      "salience": 0.028303476,
      "mentions": [
        {
          "text": {
            "content": "streets",
            "beginOffset": -1
          },
          "type": "COMMON"
        }
      ]
    },
    {
      "name": "task",
      "type": "OTHER",
      "metadata": {},
      "salience": 0.02374552,
      "mentions": [
        {
          "text": {
            "content": "task",
            "beginOffset": -1
          },
          "type": "COMMON"
        }
      ]
    },
    {
      "name": "puppy",
      "type": "OTHER",
      "metadata": {},
      "salience": 0.020076837,
      "mentions": [
        {
          "text": {
            "content": "puppy",
            "beginOffset": -1
          },
          "type": "COMMON"
        }
      ]
    },
    {
      "name": "lives",
      "type": "OTHER",
      "metadata": {},
      "salience": 0.01929405,
      "mentions": [
        {
          "text": {
            "content": "lives",
            "beginOffset": -1
          },
          "type": "COMMON"
        }
      ]
    },
    {
      "name": "babies",
      "type": "PERSON",
      "metadata": {},
      "salience": 0.01929405,
      "mentions": [
        {
          "text": {
            "content": "babies",
            "beginOffset": -1
          },
          "type": "COMMON"
        }
      ]
    },
    {
      "name": "Thanks",
      "type": "OTHER",
      "metadata": {},
      "salience": 0.019226328,
      "mentions": [
        {
          "text": {
            "content": "Thanks",
            "beginOffset": -1
          },
          "type": "COMMON"
        }
      ]
    },
    {
      "name": "disease",
      "type": "OTHER",
      "metadata": {},
      "salience": 0.019059658,
      "mentions": [
        {
          "text": {
            "content": "disease",
            "beginOffset": -1
          },
          "type": "COMMON"
        }
      ]
    },
    {
      "name": "expertise",
      "type": "OTHER",
      "metadata": {},
      "salience": 0.017649272,
      "mentions": [
        {
          "text": {
            "content": "expertise",
            "beginOffset": -1
          },
          "type": "COMMON"
        }
      ]
    },
    {
      "name": "vet",
      "type": "PERSON",
      "metadata": {},
      "salience": 0.017649272,
      "mentions": [
        {
          "text": {
            "content": "vet",
            "beginOffset": -1
          },
          "type": "COMMON"
        }
      ]
    },
    {
      "name": "home",
      "type": "LOCATION",
      "metadata": {},
      "salience": 0.015112433,
      "mentions": [
        {
          "text": {
            "content": "home",
            "beginOffset": -1
          },
          "type": "COMMON"
        }
      ]
    },
    {
      "name": "anything",
      "type": "OTHER",
      "metadata": {},
      "salience": 0.013281892,
      "mentions": [
        {
          "text": {
            "content": "anything",
            "beginOffset": -1
          },
          "type": "COMMON"
        }
      ]
    },
    {
      "name": "Location",
      "type": "LOCATION",
      "metadata": {},
      "salience": 0.009268834,
      "mentions": [
        {
          "text": {
            "content": "Location",
            "beginOffset": -1
          },
          "type": "COMMON"
        }
      ]
    },
    {
      "name": "home",
      "type": "LOCATION",
      "metadata": {},
      "salience": 0.008067977,
      "mentions": [
        {
          "text": {
            "content": "home",
            "beginOffset": -1
          },
          "type": "COMMON"
        }
      ]
    },
    {
      "name": "ordeal",
      "type": "OTHER",
      "metadata": {},
      "salience": 0.005852361,
      "mentions": [
        {
          "text": {
            "content": "ordeal",
            "beginOffset": -1
          },
          "type": "COMMON"
        }
      ]
    },
    {
      "name": "hurdle",
      "type": "OTHER",
      "metadata": {},
      "salience": 0.0058363345,
      "mentions": [
        {
          "text": {
            "content": "hurdle",
            "beginOffset": -1
          },
          "type": "COMMON"
        }
      ]
    },
    {
      "name": "age",
      "type": "OTHER",
      "metadata": {},
      "salience": 0.0058363345,
      "mentions": [
        {
          "text": {
            "content": "age",
            "beginOffset": -1
          },
          "type": "COMMON"
        }
      ]
    },
    {
      "name": "Jane",
      "type": "PERSON",
      "metadata": {},
      "salience": 0.005561889,
      "mentions": [
        {
          "text": {
            "content": "Jane",
            "beginOffset": -1
          },
          "type": "PROPER"
        }
      ]
    },
    {
      "name": "Bukit Mertajam",
      "type": "LOCATION",
      "metadata": {
        "mid": "/m/0ckckx",
        "wikipedia_url": "https://en.wikipedia.org/wiki/Bukit_Mertajam"
      },
      "salience": 0.005483549,
      "mentions": [
        {
          "text": {
            "content": "Bukit Mertajam",
            "beginOffset": -1
          },
          "type": "PROPER"
        }
      ]
    },
    {
      "name": "Penang",
      "type": "LOCATION",
      "metadata": {
        "mid": "/m/0g6xq",
        "wikipedia_url": "https://en.wikipedia.org/wiki/Penang"
      },
      "salience": 0.005483549,
      "mentions": [
        {
          "text": {
            "content": "Penang",
            "beginOffset": -1
          },
          "type": "PROPER"
        }
      ]
    }
  ],
  "documentSentiment": {
    "magnitude": 3.8,
    "score": 0.5
  },
  "language": "en",
  "categories": []
}
