{
  "sentences": [
    {
      "text": {
        "content": "Found her at about 2 months old, have been kept indoor with other 2 cats.",
        "beginOffset": -1
      },
      "sentiment": {
        "magnitude": 0.1,
        "score": 0.1
      }
    },
    {
      "text": {
        "content": "Playful yet love to snuggle, litter-trained.",
        "beginOffset": -1
      },
      "sentiment": {
        "magnitude": 0.9,
        "score": 0.9
      }
    },
    {
      "text": {
        "content": "Just neutered on 15 Feb.",
        "beginOffset": -1
      },
      "sentiment": {
        "magnitude": 0,
        "score": 0
      }
    },
    {
      "text": {
        "content": "Small adoption fee charged to cover part of medical costs :)",
        "beginOffset": -1
      },
      "sentiment": {
        "magnitude": 0,
        "score": 0
      }
    }
  ],
  "tokens": [],
  "entities": [
    {
      "name": "cats",
      "type": "OTHER",
      "metadata": {},
      "salience": 0.56925696,
      "mentions": [
        {
          "text": {
            "content": "cats",
            "beginOffset": -1
          },
          "type": "COMMON"
        }
      ]
    },
    {
      "name": "adoption fee",
      "type": "OTHER",
      "metadata": {},
      "salience": 0.20069851,
      "mentions": [
        {
          "text": {
            "content": "adoption fee",
            "beginOffset": -1
          },
          "type": "COMMON"
        }
      ]
    },
    {
      "name": "costs",
      "type": "OTHER",
      "metadata": {},
      "salience": 0.14169,
      "mentions": [
        {
          "text": {
            "content": "costs",
            "beginOffset": -1
          },
          "type": "COMMON"
        }
      ]
    },
    {
      "name": "part",
      "type": "OTHER",
      "metadata": {},
      "salience": 0.088354506,
      "mentions": [
        {
          "text": {
            "content": "part",
            "beginOffset": -1
          },
          "type": "COMMON"
        }
      ]
    }
  ],
  "documentSentiment": {
    "magnitude": 1.1,
    "score": 0.2
  },
  "language": "en",
  "categories": []
}
