{
  "sentences": [
    {
      "text": {
        "content": "I first rescue the pregnant mother and give her a shelter to give birth to her litters.",
        "beginOffset": -1
      },
      "sentiment": {
        "magnitude": 0.4,
        "score": 0.4
      }
    },
    {
      "text": {
        "content": "There are 7 siblings in total.",
        "beginOffset": -1
      },
      "sentiment": {
        "magnitude": 0.1,
        "score": 0.1
      }
    },
    {
      "text": {
        "content": "All the litters stayed in my house and are very tame and mild tempered.",
        "beginOffset": -1
      },
      "sentiment": {
        "magnitude": 0.2,
        "score": 0.2
      }
    },
    {
      "text": {
        "content": "The mother is a very responsible one and all her litters are well-behaved.",
        "beginOffset": -1
      },
      "sentiment": {
        "magnitude": 0.2,
        "score": 0.2
      }
    },
    {
      "text": {
        "content": "I sincerely hope that the adopter can really promise me to take great care of them and LOVE them like you love yourself if not more.",
        "beginOffset": -1
      },
      "sentiment": {
        "magnitude": 0.8,
        "score": 0.8
      }
    },
    {
      "text": {
        "content": "Prince is a white colored boy who has a very smooth layer of coat and he is cool and gentle.",
        "beginOffset": -1
      },
      "sentiment": {
        "magnitude": 0.9,
        "score": 0.9
      }
    }
  ],
  "tokens": [],
  "entities": [
    {
      "name": "mother",
      "type": "PERSON",
      "metadata": {},
      "salience": 0.19753097,
      "mentions": [
        {
          "text": {
            "content": "mother",
            "beginOffset": -1
          },
          "type": "COMMON"
        }
      ]
    },
    {
      "name": "Prince",
      "type": "PERSON",
      "metadata": {},
      "salience": 0.18619159,
      "mentions": [
        {
          "text": {
            "content": "Prince",
            "beginOffset": -1
          },
          "type": "PROPER"
        },
        {
          "text": {
            "content": "boy",
            "beginOffset": -1
          },
          "type": "COMMON"
        }
      ]
    },
    {
      "name": "shelter",
      "type": "OTHER",
      "metadata": {},
      "salience": 0.13511257,
      "mentions": [
        {
          "text": {
            "content": "shelter",
            "beginOffset": -1
          },
          "type": "COMMON"
        }
      ]
    },
    {
      "name": "birth",
      "type": "OTHER",
      "metadata": {},
      "salience": 0.13511257,
      "mentions": [
        {
          "text": {
            "content": "birth",
            "beginOffset": -1
          },
          "type": "COMMON"
        }
      ]
    },
    {
      "name": "litters",
      "type": "PERSON",
      "metadata": {},
      "salience": 0.084993415,
      "mentions": [
        {
          "text": {
            "content": "litters",
            "beginOffset": -1
          },
          "type": "COMMON"
        }
      ]
    },
    {
      "name": "mother",
      "type": "PERSON",
      "metadata": {},
      "salience": 0.07751667,
      "mentions": [
        {
          "text": {
            "content": "mother",
            "beginOffset": -1
          },
          "type": "COMMON"
        }
      ]
    },
    {
      "name": "total",
      "type": "OTHER",
      "metadata": {},
      "salience": 0.033186726,
      "mentions": [
        {
          "text": {
            "content": "total",
            "beginOffset": -1
          },
          "type": "COMMON"
        }
      ]
    },
    {
      "name": "siblings",
      "type": "PERSON",
      "metadata": {},
      "salience": 0.032387484,
      "mentions": [
        {
          "text": {
            "content": "siblings",
            "beginOffset": -1
          },
          "type": "COMMON"
        }
      ]
    },
    {
      "name": "litters",
      "type": "PERSON",
      "metadata": {},
      "salience": 0.02784615,
      "mentions": [
        {
          "text": {
            "content": "litters",
            "beginOffset": -1
          },
          "type": "COMMON"
        }
      ]
    },
    {
      "name": "litters",
      "type": "OTHER",
      "metadata": {},
      "salience": 0.027411785,
      "mentions": [
        {
          "text": {
            "content": "litters",
            "beginOffset": -1
          },
          "type": "COMMON"
        }
      ]
    },
    {
      "name": "house",
      "type": "LOCATION",
      "metadata": {},
      "salience": 0.022342118,
      "mentions": [
        {
          "text": {
            "content": "house",
            "beginOffset": -1
          },
          "type": "COMMON"
        }
      ]
    },
    {
      "name": "layer",
      "type": "OTHER",
      "metadata": {},
      "salience": 0.010882631,
      "mentions": [
        {
          "text": {
            "content": "layer",
            "beginOffset": -1
          },
          "type": "COMMON"
        }
      ]
    },
    {
      "name": "coat",
      "type": "OTHER",
      "metadata": {},
      "salience": 0.010882631,
      "mentions": [
        {
          "text": {
            "content": "coat",
            "beginOffset": -1
          },
          "type": "COMMON"
        }
      ]
    },
    {
      "name": "adopter",
      "type": "OTHER",
      "metadata": {},
      "salience": 0.010773945,
      "mentions": [
        {
          "text": {
            "content": "adopter",
            "beginOffset": -1
          },
          "type": "COMMON"
        }
      ]
    },
    {
      "name": "care",
      "type": "OTHER",
      "metadata": {},
      "salience": 0.007828762,
      "mentions": [
        {
          "text": {
            "content": "care",
            "beginOffset": -1
          },
          "type": "COMMON"
        }
      ]
    }
  ],
  "documentSentiment": {
    "magnitude": 2.9,
    "score": 0.4
  },
  "language": "en",
  "categories": []
}
