{
  "sentences": [
    {
      "text": {
        "content": "Very quiet cat.",
        "beginOffset": -1
      },
      "sentiment": {
        "magnitude": 0.8,
        "score": 0.8
      }
    },
    {
      "text": {
        "content": "Has a 'blur' expression all the time.",
        "beginOffset": -1
      },
      "sentiment": {
        "magnitude": 0,
        "score": 0
      }
    },
    {
      "text": {
        "content": "Owner of a cute voice.",
        "beginOffset": -1
      },
      "sentiment": {
        "magnitude": 0.6,
        "score": 0.6
      }
    }
  ],
  "tokens": [],
  "entities": [
    {
      "name": "cat",
      "type": "OTHER",
      "metadata": {},
      "salience": 0.6892462,
      "mentions": [
        {
          "text": {
            "content": "cat",
            "beginOffset": -1
          },
          "type": "COMMON"
        }
      ]
    },
    {
      "name": "expression",
      "type": "OTHER",
      "metadata": {},
      "salience": 0.11134113,
      "mentions": [
        {
          "text": {
            "content": "expression",
            "beginOffset": -1
          },
          "type": "COMMON"
        }
      ]
    },
    {
      "name": "blur",
      "type": "OTHER",
      "metadata": {},
      "salience": 0.110036284,
      "mentions": [
        {
          "text": {
            "content": "blur",
            "beginOffset": -1
          },
          "type": "COMMON"
        }
      ]
    },
    {
      "name": "voice",
      "type": "OTHER",
      "metadata": {},
      "salience": 0.054791186,
      "mentions": [
        {
          "text": {
            "content": "voice",
            "beginOffset": -1
          },
          "type": "COMMON"
        }
      ]
    },
    {
      "name": "Owner",
      "type": "PERSON",
      "metadata": {},
      "salience": 0.034585238,
      "mentions": [
        {
          "text": {
            "content": "Owner",
            "beginOffset": -1
          },
          "type": "COMMON"
        }
      ]
    }
  ],
  "documentSentiment": {
    "magnitude": 1.4,
    "score": 0.4
  },
  "language": "en",
  "categories": []
}
