{
  "sentences": [
    {
      "text": {
        "content": "We have over one hundred gorgeous rescued dogs available for adoption at our rehabilitation centre in Bandar Makhota Cheras.",
        "beginOffset": -1
      },
      "sentiment": {
        "magnitude": 0.9,
        "score": 0.9
      }
    },
    {
      "text": {
        "content": "We are looking for loving homes that can offer: *a clean environment with no cages or chains *regular exercise and affection *adequate nutrition and healthcare All adoptions require a house-check before being finalised.",
        "beginOffset": -1
      },
      "sentiment": {
        "magnitude": 0.7,
        "score": 0.7
      }
    },
    {
      "text": {
        "content": "www.klpoochresortandrescue.org",
        "beginOffset": -1
      },
      "sentiment": {
        "magnitude": 0,
        "score": 0
      }
    }
  ],
  "tokens": [],
  "entities": [
    {
      "name": "dogs",
      "type": "OTHER",
      "metadata": {},
      "salience": 0.28411266,
      "mentions": [
        {
          "text": {
            "content": "dogs",
            "beginOffset": -1
          },
          "type": "COMMON"
        }
      ]
    },
    {
      "name": "homes",
      "type": "LOCATION",
      "metadata": {},
      "salience": 0.16458702,
      "mentions": [
        {
          "text": {
            "content": "homes",
            "beginOffset": -1
          },
          "type": "COMMON"
        }
      ]
    },
    {
      "name": "adoption",
      "type": "OTHER",
      "metadata": {},
      "salience": 0.13014263,
      "mentions": [
        {
          "text": {
            "content": "adoption",
            "beginOffset": -1
          },
          "type": "COMMON"
        }
      ]
    },
    {
      "name": "rehabilitation centre",
      "type": "LOCATION",
      "metadata": {},
      "salience": 0.11484977,
      "mentions": [
        {
          "text": {
            "content": "rehabilitation centre",
            "beginOffset": -1
          },
          "type": "COMMON"
        }
      ]
    },
    {
      "name": "adoptions",
      "type": "OTHER",
      "metadata": {},
      "salience": 0.05644767,
      "mentions": [
        {
          "text": {
            "content": "adoptions",
            "beginOffset": -1
          },
          "type": "COMMON"
        }
      ]
    },
    {
      "name": "Bandar Makhota Cheras",
      "type": "LOCATION",
      "metadata": {
        "mid": "/m/02w38df",
        "wikipedia_url": "https://en.wikipedia.org/wiki/Bandar_Mahkota_Cheras"
      },
      "salience": 0.046728,
      "mentions": [
        {
          "text": {
            "content": "Bandar Makhota Cheras",
            "beginOffset": -1
          },
          "type": "PROPER"
        }
      ]
    },
    {
      "name": "environment",
      "type": "OTHER",
      "metadata": {},
      "salience": 0.035342522,
      "mentions": [
        {
          "text": {
            "content": "environment",
            "beginOffset": -1
          },
          "type": "COMMON"
        }
      ]
    },
    {
      "name": "cages",
      "type": "OTHER",
      "metadata": {},
      "salience": 0.035342522,
      "mentions": [
        {
          "text": {
            "content": "cages",
            "beginOffset": -1
          },
          "type": "COMMON"
        }
      ]
    },
    {
      "name": "chains",
      "type": "OTHER",
      "metadata": {},
      "salience": 0.035342522,
      "mentions": [
        {
          "text": {
            "content": "chains",
            "beginOffset": -1
          },
          "type": "COMMON"
        }
      ]
    },
    {
      "name": "nutrition",
      "type": "OTHER",
      "metadata": {},
      "salience": 0.026693964,
      "mentions": [
        {
          "text": {
            "content": "nutrition",
            "beginOffset": -1
          },
          "type": "COMMON"
        }
      ]
    },
    {
      "name": "healthcare",
      "type": "OTHER",
      "metadata": {},
      "salience": 0.026693964,
      "mentions": [
        {
          "text": {
            "content": "healthcare",
            "beginOffset": -1
          },
          "type": "COMMON"
        }
      ]
    },
    {
      "name": "exercise",
      "type": "OTHER",
      "metadata": {},
      "salience": 0.011748401,
      "mentions": [
        {
          "text": {
            "content": "exercise",
            "beginOffset": -1
          },
          "type": "COMMON"
        }
      ]
    },
    {
      "name": "affection",
      "type": "OTHER",
      "metadata": {},
      "salience": 0.011748401,
      "mentions": [
        {
          "text": {
            "content": "affection",
            "beginOffset": -1
          },
          "type": "COMMON"
        }
      ]
    },
    {
      "name": "www.klpoochresortandrescue.org",
      "type": "OTHER",
      "metadata": {},
      "salience": 0.011029732,
      "mentions": [
        {
          "text": {
            "content": "www.klpoochresortandrescue.org",
            "beginOffset": -1
          },
          "type": "PROPER"
        }
      ]
    },
    {
      "name": "house-check",
      "type": "OTHER",
      "metadata": {},
      "salience": 0.009190214,
      "mentions": [
        {
          "text": {
            "content": "house-check",
            "beginOffset": -1
          },
          "type": "COMMON"
        }
      ]
    }
  ],
  "documentSentiment": {
    "magnitude": 1.7,
    "score": 0.5
  },
  "language": "en",
  "categories": []
}
