{
  "sentences": [
    {
      "text": {
        "content": "This mama cat is one of the strays at my brother's place in Taman Kempas, Sg Petani, Kedah.",
        "beginOffset": -1
      },
      "sentiment": {
        "magnitude": 0.7,
        "score": 0.7
      }
    },
    {
      "text": {
        "content": "Recently, she gave birth to 4 beautiful kittens and she seems comfy to stay at my bro's place.",
        "beginOffset": -1
      },
      "sentiment": {
        "magnitude": 0.9,
        "score": 0.9
      }
    },
    {
      "text": {
        "content": "They are in good health.",
        "beginOffset": -1
      },
      "sentiment": {
        "magnitude": 0.6,
        "score": 0.6
      }
    },
    {
      "text": {
        "content": "The problem is my bro is not always at home and no one feeds them while he is gone.",
        "beginOffset": -1
      },
      "sentiment": {
        "magnitude": 0.4,
        "score": -0.4
      }
    },
    {
      "text": {
        "content": "Please help this family gets a forever home.",
        "beginOffset": -1
      },
      "sentiment": {
        "magnitude": 0,
        "score": 0
      }
    },
    {
      "text": {
        "content": "We are willing to deliver them to the adopter around Butterworth to Alor Star",
        "beginOffset": -1
      },
      "sentiment": {
        "magnitude": 0.9,
        "score": 0.9
      }
    }
  ],
  "tokens": [],
  "entities": [
    {
      "name": "mama cat",
      "type": "OTHER",
      "metadata": {},
      "salience": 0.47011292,
      "mentions": [
        {
          "text": {
            "content": "mama cat",
            "beginOffset": -1
          },
          "type": "COMMON"
        },
        {
          "text": {
            "content": "one",
            "beginOffset": -1
          },
          "type": "COMMON"
        }
      ]
    },
    {
      "name": "strays",
      "type": "OTHER",
      "metadata": {},
      "salience": 0.110357866,
      "mentions": [
        {
          "text": {
            "content": "strays",
            "beginOffset": -1
          },
          "type": "COMMON"
        }
      ]
    },
    {
      "name": "brother",
      "type": "PERSON",
      "metadata": {},
      "salience": 0.110357866,
      "mentions": [
        {
          "text": {
            "content": "brother",
            "beginOffset": -1
          },
          "type": "COMMON"
        }
      ]
    },
    {
      "name": "place",
      "type": "LOCATION",
      "metadata": {},
      "salience": 0.04899559,
      "mentions": [
        {
          "text": {
            "content": "place",
            "beginOffset": -1
          },
          "type": "COMMON"
        }
      ]
    },
    {
      "name": "kittens",
      "type": "PERSON",
      "metadata": {},
      "salience": 0.04666933,
      "mentions": [
        {
          "text": {
            "content": "kittens",
            "beginOffset": -1
          },
          "type": "COMMON"
        }
      ]
    },
    {
      "name": "Taman Kempas",
      "type": "OTHER",
      "metadata": {
        "mid": "/g/1v6p1q7b"
      },
      "salience": 0.025714366,
      "mentions": [
        {
          "text": {
            "content": "Taman Kempas",
            "beginOffset": -1
          },
          "type": "PROPER"
        }
      ]
    },
    {
      "name": "Sg Petani",
      "type": "OTHER",
      "metadata": {
        "wikipedia_url": "https://en.wikipedia.org/wiki/Sungai_Petani",
        "mid": "/m/042tdt"
      },
      "salience": 0.025714366,
      "mentions": [
        {
          "text": {
            "content": "Sg Petani",
            "beginOffset": -1
          },
          "type": "PROPER"
        }
      ]
    },
    {
      "name": "Kedah",
      "type": "LOCATION",
      "metadata": {
        "mid": "/m/01xl46",
        "wikipedia_url": "https://en.wikipedia.org/wiki/Kedah"
      },
      "salience": 0.025714366,
      "mentions": [
        {
          "text": {
            "content": "Kedah",
            "beginOffset": -1
          },
          "type": "PROPER"
        }
      ]
    },
    {
      "name": "bro",
      "type": "OTHER",
      "metadata": {},
      "salience": 0.017815944,
      "mentions": [
        {
          "text": {
            "content": "bro",
            "beginOffset": -1
          },
          "type": "COMMON"
        }
      ]
    },
    {
      "name": "bro",
      "type": "PERSON",
      "metadata": {},
      "salience": 0.016294679,
      "mentions": [
        {
          "text": {
            "content": "bro",
            "beginOffset": -1
          },
          "type": "COMMON"
        }
      ]
    },
    {
      "name": "place",
      "type": "LOCATION",
      "metadata": {},
      "salience": 0.016294679,
      "mentions": [
        {
          "text": {
            "content": "place",
            "beginOffset": -1
          },
          "type": "COMMON"
        }
      ]
    },
    {
      "name": "problem",
      "type": "OTHER",
      "metadata": {},
      "salience": 0.015662955,
      "mentions": [
        {
          "text": {
            "content": "problem",
            "beginOffset": -1
          },
          "type": "COMMON"
        }
      ]
    },
    {
      "name": "birth",
      "type": "OTHER",
      "metadata": {},
      "salience": 0.014150078,
      "mentions": [
        {
          "text": {
            "content": "birth",
            "beginOffset": -1
          },
          "type": "COMMON"
        }
      ]
    },
    {
      "name": "health",
      "type": "OTHER",
      "metadata": {},
      "salience": 0.0130833825,
      "mentions": [
        {
          "text": {
            "content": "health",
            "beginOffset": -1
          },
          "type": "COMMON"
        }
      ]
    },
    {
      "name": "no one",
      "type": "PERSON",
      "metadata": {},
      "salience": 0.011009166,
      "mentions": [
        {
          "text": {
            "content": "no one",
            "beginOffset": -1
          },
          "type": "COMMON"
        }
      ]
    },
    {
      "name": "family",
      "type": "PERSON",
      "metadata": {},
      "salience": 0.009809456,
      "mentions": [
        {
          "text": {
            "content": "family",
            "beginOffset": -1
          },
          "type": "COMMON"
        }
      ]
    },
    {
      "name": "home",
      "type": "LOCATION",
      "metadata": {},
      "salience": 0.009809456,
      "mentions": [
        {
          "text": {
            "content": "home",
            "beginOffset": -1
          },
          "type": "COMMON"
        }
      ]
    },
    {
      "name": "home",
      "type": "LOCATION",
      "metadata": {},
      "salience": 0.004320973,
      "mentions": [
        {
          "text": {
            "content": "home",
            "beginOffset": -1
          },
          "type": "COMMON"
        }
      ]
    },
    {
      "name": "Butterworth",
      "type": "LOCATION",
      "metadata": {},
      "salience": 0.0040562856,
      "mentions": [
        {
          "text": {
            "content": "Butterworth",
            "beginOffset": -1
          },
          "type": "PROPER"
        }
      ]
    },
    {
      "name": "Alor Star",
      "type": "LOCATION",
      "metadata": {
        "mid": "/m/04p9tf",
        "wikipedia_url": "https://en.wikipedia.org/wiki/Alor_Setar"
      },
      "salience": 0.0040562856,
      "mentions": [
        {
          "text": {
            "content": "Alor Star",
            "beginOffset": -1
          },
          "type": "PROPER"
        }
      ]
    }
  ],
  "documentSentiment": {
    "magnitude": 3.7,
    "score": 0.4
  },
  "language": "en",
  "categories": []
}
