{
  "sentences": [
    {
      "text": {
        "content": "ManChester is just so amazing...",
        "beginOffset": -1
      },
      "sentiment": {
        "magnitude": 0.9,
        "score": 0.9
      }
    },
    {
      "text": {
        "content": "Call me asap if ur interested..",
        "beginOffset": -1
      },
      "sentiment": {
        "magnitude": 0,
        "score": 0
      }
    },
    {
      "text": {
        "content": "this goes out to a pet lover.",
        "beginOffset": -1
      },
      "sentiment": {
        "magnitude": 0.1,
        "score": 0.1
      }
    }
  ],
  "tokens": [],
  "entities": [
    {
      "name": "ManChester",
      "type": "LOCATION",
      "metadata": {
        "mid": "/m/052bw",
        "wikipedia_url": "https://en.wikipedia.org/wiki/Manchester"
      },
      "salience": 0.9064492,
      "mentions": [
        {
          "text": {
            "content": "ManChester",
            "beginOffset": -1
          },
          "type": "PROPER"
        }
      ]
    },
    {
      "name": "pet lover",
      "type": "PERSON",
      "metadata": {},
      "salience": 0.09355081,
      "mentions": [
        {
          "text": {
            "content": "pet lover",
            "beginOffset": -1
          },
          "type": "COMMON"
        }
      ]
    }
  ],
  "documentSentiment": {
    "magnitude": 1.1,
    "score": 0.3
  },
  "language": "en",
  "categories": []
}
