{
  "sentences": [
    {
      "text": {
        "content": "Poppy rescued in Ktm bangi since 26th Aug. when rescuer found her, she was standing middle of the road and her private part bleeding non stop.",
        "beginOffset": -1
      },
      "sentiment": {
        "magnitude": 0.1,
        "score": -0.1
      }
    },
    {
      "text": {
        "content": "Poppy look very friendly and able to listen command well.",
        "beginOffset": -1
      },
      "sentiment": {
        "magnitude": 0.9,
        "score": 0.9
      }
    },
    {
      "text": {
        "content": "Poppy now are fully recover and ready for adoption.",
        "beginOffset": -1
      },
      "sentiment": {
        "magnitude": 0.6,
        "score": 0.6
      }
    },
    {
      "text": {
        "content": "Serious adopter please contact mr Fong",
        "beginOffset": -1
      },
      "sentiment": {
        "magnitude": 0.8,
        "score": 0.8
      }
    }
  ],
  "tokens": [],
  "entities": [
    {
      "name": "Poppy",
      "type": "PERSON",
      "metadata": {},
      "salience": 0.5513723,
      "mentions": [
        {
          "text": {
            "content": "Poppy",
            "beginOffset": -1
          },
          "type": "PROPER"
        },
        {
          "text": {
            "content": "Poppy",
            "beginOffset": -1
          },
          "type": "PROPER"
        },
        {
          "text": {
            "content": "Poppy",
            "beginOffset": -1
          },
          "type": "PROPER"
        }
      ]
    },
    {
      "name": "bangi",
      "type": "LOCATION",
      "metadata": {},
      "salience": 0.13539937,
      "mentions": [
        {
          "text": {
            "content": "bangi",
            "beginOffset": -1
          },
          "type": "COMMON"
        }
      ]
    },
    {
      "name": "Ktm",
      "type": "ORGANIZATION",
      "metadata": {},
      "salience": 0.08351192,
      "mentions": [
        {
          "text": {
            "content": "Ktm",
            "beginOffset": -1
          },
          "type": "PROPER"
        }
      ]
    },
    {
      "name": "rescuer",
      "type": "PERSON",
      "metadata": {},
      "salience": 0.07678336,
      "mentions": [
        {
          "text": {
            "content": "rescuer",
            "beginOffset": -1
          },
          "type": "COMMON"
        }
      ]
    },
    {
      "name": "part",
      "type": "OTHER",
      "metadata": {},
      "salience": 0.037825495,
      "mentions": [
        {
          "text": {
            "content": "part",
            "beginOffset": -1
          },
          "type": "COMMON"
        }
      ]
    },
    {
      "name": "stop",
      "type": "LOCATION",
      "metadata": {},
      "salience": 0.037825495,
      "mentions": [
        {
          "text": {
            "content": "stop",
            "beginOffset": -1
          },
          "type": "COMMON"
        }
      ]
    },
    {
      "name": "road",
      "type": "LOCATION",
      "metadata": {},
      "salience": 0.037375618,
      "mentions": [
        {
          "text": {
            "content": "road",
            "beginOffset": -1
          },
          "type": "COMMON"
        }
      ]
    },
    {
      "name": "Fong",
      "type": "PERSON",
      "metadata": {},
      "salience": 0.019821027,
      "mentions": [
        {
          "text": {
            "content": "Fong",
            "beginOffset": -1
          },
          "type": "PROPER"
        },
        {
          "text": {
            "content": "mr",
            "beginOffset": -1
          },
          "type": "COMMON"
        }
      ]
    },
    {
      "name": "adoption",
      "type": "OTHER",
      "metadata": {},
      "salience": 0.014457151,
      "mentions": [
        {
          "text": {
            "content": "adoption",
            "beginOffset": -1
          },
          "type": "COMMON"
        }
      ]
    },
    {
      "name": "command",
      "type": "OTHER",
      "metadata": {},
      "salience": 0.0056282612,
      "mentions": [
        {
          "text": {
            "content": "command",
            "beginOffset": -1
          },
          "type": "COMMON"
        }
      ]
    }
  ],
  "documentSentiment": {
    "magnitude": 2.5,
    "score": 0.5
  },
  "language": "en",
  "categories": []
}
