{
  "sentences": [
    {
      "text": {
        "content": "Snowy was abandoned in a housing area in Banting.",
        "beginOffset": -1
      },
      "sentiment": {
        "magnitude": 0.5,
        "score": -0.5
      }
    },
    {
      "text": {
        "content": "She is about 2 years old and very friendly.",
        "beginOffset": -1
      },
      "sentiment": {
        "magnitude": 0.9,
        "score": 0.9
      }
    },
    {
      "text": {
        "content": "She will make a wonderful pet dog.",
        "beginOffset": -1
      },
      "sentiment": {
        "magnitude": 0.7,
        "score": 0.7
      }
    },
    {
      "text": {
        "content": "Please open your hearts and home to her.",
        "beginOffset": -1
      },
      "sentiment": {
        "magnitude": 0,
        "score": 0
      }
    },
    {
      "text": {
        "content": "If you wish to adopt, call us at.",
        "beginOffset": -1
      },
      "sentiment": {
        "magnitude": 0.2,
        "score": 0.2
      }
    }
  ],
  "tokens": [],
  "entities": [
    {
      "name": "Snowy",
      "type": "PERSON",
      "metadata": {},
      "salience": 0.4118777,
      "mentions": [
        {
          "text": {
            "content": "Snowy",
            "beginOffset": -1
          },
          "type": "PROPER"
        }
      ]
    },
    {
      "name": "housing area",
      "type": "LOCATION",
      "metadata": {},
      "salience": 0.27170953,
      "mentions": [
        {
          "text": {
            "content": "housing area",
            "beginOffset": -1
          },
          "type": "COMMON"
        }
      ]
    },
    {
      "name": "Banting",
      "type": "PERSON",
      "metadata": {},
      "salience": 0.16422182,
      "mentions": [
        {
          "text": {
            "content": "Banting",
            "beginOffset": -1
          },
          "type": "PROPER"
        }
      ]
    },
    {
      "name": "pet dog",
      "type": "OTHER",
      "metadata": {},
      "salience": 0.06705409,
      "mentions": [
        {
          "text": {
            "content": "pet dog",
            "beginOffset": -1
          },
          "type": "COMMON"
        }
      ]
    },
    {
      "name": "hearts",
      "type": "OTHER",
      "metadata": {},
      "salience": 0.057047587,
      "mentions": [
        {
          "text": {
            "content": "hearts",
            "beginOffset": -1
          },
          "type": "COMMON"
        }
      ]
    },
    {
      "name": "home",
      "type": "LOCATION",
      "metadata": {},
      "salience": 0.028089298,
      "mentions": [
        {
          "text": {
            "content": "home",
            "beginOffset": -1
          },
          "type": "COMMON"
        }
      ]
    }
  ],
  "documentSentiment": {
    "magnitude": 2.5,
    "score": 0.3
  },
  "language": "en",
  "categories": []
}
