{
  "sentences": [
    {
      "text": {
        "content": "Xiao Xiao was rescued in Bukit Bintang .",
        "beginOffset": -1
      },
      "sentiment": {
        "magnitude": 0,
        "score": 0
      }
    },
    {
      "text": {
        "content": "He is very alert and wants to cuddle up to people.",
        "beginOffset": -1
      },
      "sentiment": {
        "magnitude": 0.7,
        "score": 0.7
      }
    },
    {
      "text": {
        "content": "He has also been dewormed and vaccinated.",
        "beginOffset": -1
      },
      "sentiment": {
        "magnitude": 0.1,
        "score": 0.1
      }
    },
    {
      "text": {
        "content": "Please open your heart and home to him Call us at if you wish to adopt Xiao Xiao",
        "beginOffset": -1
      },
      "sentiment": {
        "magnitude": 0,
        "score": 0
      }
    }
  ],
  "tokens": [],
  "entities": [
    {
      "name": "Xiao Xiao",
      "type": "PERSON",
      "metadata": {
        "mid": "/m/03ng50",
        "wikipedia_url": "https://en.wikipedia.org/wiki/Xiao_Xiao"
      },
      "salience": 0.867877,
      "mentions": [
        {
          "text": {
            "content": "Xiao Xiao",
            "beginOffset": -1
          },
          "type": "PROPER"
        },
        {
          "text": {
            "content": "Xiao Xiao",
            "beginOffset": -1
          },
          "type": "PROPER"
        }
      ]
    },
    {
      "name": "Bukit Bintang",
      "type": "LOCATION",
      "metadata": {
        "mid": "/m/09v3v5",
        "wikipedia_url": "https://en.wikipedia.org/wiki/Bukit_Bintang"
      },
      "salience": 0.06349801,
      "mentions": [
        {
          "text": {
            "content": "Bukit Bintang",
            "beginOffset": -1
          },
          "type": "PROPER"
        }
      ]
    },
    {
      "name": "people",
      "type": "PERSON",
      "metadata": {},
      "salience": 0.035705935,
      "mentions": [
        {
          "text": {
            "content": "people",
            "beginOffset": -1
          },
          "type": "COMMON"
        }
      ]
    },
    {
      "name": "heart",
      "type": "OTHER",
      "metadata": {},
      "salience": 0.022058021,
      "mentions": [
        {
          "text": {
            "content": "heart",
            "beginOffset": -1
          },
          "type": "COMMON"
        }
      ]
    },
    {
      "name": "home",
      "type": "LOCATION",
      "metadata": {},
      "salience": 0.010861009,
      "mentions": [
        {
          "text": {
            "content": "home",
            "beginOffset": -1
          },
          "type": "COMMON"
        }
      ]
    }
  ],
  "documentSentiment": {
    "magnitude": 0.9,
    "score": 0.2
  },
  "language": "en",
  "categories": []
}
