{
  "sentences": [
    {
      "text": {
        "content": "Hi all , this is John :)",
        "beginOffset": -1
      },
      "sentiment": {
        "magnitude": 0,
        "score": 0
      }
    },
    {
      "text": {
        "content": "(named by is current fosterer -the Indah 11 Guard Uncle) .",
        "beginOffset": -1
      },
      "sentiment": {
        "magnitude": 0,
        "score": 0
      }
    },
    {
      "text": {
        "content": "It's been a week since he was rescued and we are now very sure he was heartlessly dumped as no one has come to claim this poor guy.",
        "beginOffset": -1
      },
      "sentiment": {
        "magnitude": 0.9,
        "score": -0.9
      }
    },
    {
      "text": {
        "content": "He's about 4 months old , cute, healthy and SUPER SUPER ACTIVE .",
        "beginOffset": -1
      },
      "sentiment": {
        "magnitude": 0.9,
        "score": 0.9
      }
    },
    {
      "text": {
        "content": "He is honestly such a lovely puppy .",
        "beginOffset": -1
      },
      "sentiment": {
        "magnitude": 0.8,
        "score": 0.8
      }
    },
    {
      "text": {
        "content": "He has no injuries and is in good condition.",
        "beginOffset": -1
      },
      "sentiment": {
        "magnitude": 0.4,
        "score": 0.4
      }
    },
    {
      "text": {
        "content": "We are unable to determine his breed but he does look like a German Shepard ( maybe Shepard mix) .",
        "beginOffset": -1
      },
      "sentiment": {
        "magnitude": 0.2,
        "score": -0.2
      }
    },
    {
      "text": {
        "content": "He's a little insecure and very suspicious of people approaching him but this is a common problem with abandon pets.",
        "beginOffset": -1
      },
      "sentiment": {
        "magnitude": 0.7,
        "score": -0.7
      }
    },
    {
      "text": {
        "content": "He only requires your patience and love to show you what a &quot;manja&quot;, loving and loyal guy he is!",
        "beginOffset": -1
      },
      "sentiment": {
        "magnitude": 0.9,
        "score": 0.9
      }
    },
    {
      "text": {
        "content": "Besides being exposed to HOT sun, rain and HAZE, we can't leave him at the guard house as MBSA will not allow it.",
        "beginOffset": -1
      },
      "sentiment": {
        "magnitude": 0.1,
        "score": -0.1
      }
    },
    {
      "text": {
        "content": "We are looking for someone who can truly be committed to 'John' and can give him the love, time and training required.",
        "beginOffset": -1
      },
      "sentiment": {
        "magnitude": 0.7,
        "score": 0.7
      }
    },
    {
      "text": {
        "content": "Please help us find him a LOVING Forever home.",
        "beginOffset": -1
      },
      "sentiment": {
        "magnitude": 0.8,
        "score": 0.8
      }
    }
  ],
  "tokens": [],
  "entities": [
    {
      "name": "John",
      "type": "PERSON",
      "metadata": {},
      "salience": 0.42342114,
      "mentions": [
        {
          "text": {
            "content": "John",
            "beginOffset": -1
          },
          "type": "PROPER"
        },
        {
          "text": {
            "content": "John",
            "beginOffset": -1
          },
          "type": "PROPER"
        }
      ]
    },
    {
      "name": "puppy",
      "type": "OTHER",
      "metadata": {},
      "salience": 0.27074477,
      "mentions": [
        {
          "text": {
            "content": "puppy",
            "beginOffset": -1
          },
          "type": "COMMON"
        }
      ]
    },
    {
      "name": "all",
      "type": "PERSON",
      "metadata": {},
      "salience": 0.06544526,
      "mentions": [
        {
          "text": {
            "content": "all",
            "beginOffset": -1
          },
          "type": "COMMON"
        }
      ]
    },
    {
      "name": "fosterer",
      "type": "PERSON",
      "metadata": {},
      "salience": 0.040586345,
      "mentions": [
        {
          "text": {
            "content": "fosterer",
            "beginOffset": -1
          },
          "type": "COMMON"
        }
      ]
    },
    {
      "name": "problem",
      "type": "OTHER",
      "metadata": {},
      "salience": 0.03631908,
      "mentions": [
        {
          "text": {
            "content": "problem",
            "beginOffset": -1
          },
          "type": "COMMON"
        }
      ]
    },
    {
      "name": "Indah 11 Guard Uncle",
      "type": "PERSON",
      "metadata": {},
      "salience": 0.018920787,
      "mentions": [
        {
          "text": {
            "content": "Indah 11 Guard Uncle",
            "beginOffset": -1
          },
          "type": "PROPER"
        }
      ]
    },
    {
      "name": "no one",
      "type": "PERSON",
      "metadata": {},
      "salience": 0.015814763,
      "mentions": [
        {
          "text": {
            "content": "no one",
            "beginOffset": -1
          },
          "type": "COMMON"
        }
      ]
    },
    {
      "name": "someone",
      "type": "PERSON",
      "metadata": {},
      "salience": 0.014321077,
      "mentions": [
        {
          "text": {
            "content": "someone",
            "beginOffset": -1
          },
          "type": "COMMON"
        }
      ]
    },
    {
      "name": "guy",
      "type": "PERSON",
      "metadata": {},
      "salience": 0.0137455845,
      "mentions": [
        {
          "text": {
            "content": "guy",
            "beginOffset": -1
          },
          "type": "COMMON"
        }
      ]
    },
    {
      "name": "condition",
      "type": "OTHER",
      "metadata": {},
      "salience": 0.008189955,
      "mentions": [
        {
          "text": {
            "content": "condition",
            "beginOffset": -1
          },
          "type": "COMMON"
        }
      ]
    },
    {
      "name": "breed",
      "type": "OTHER",
      "metadata": {},
      "salience": 0.008174473,
      "mentions": [
        {
          "text": {
            "content": "breed",
            "beginOffset": -1
          },
          "type": "COMMON"
        }
      ]
    },
    {
      "name": "mix",
      "type": "OTHER",
      "metadata": {},
      "salience": 0.008174473,
      "mentions": [
        {
          "text": {
            "content": "mix",
            "beginOffset": -1
          },
          "type": "COMMON"
        }
      ]
    },
    {
      "name": "injuries",
      "type": "OTHER",
      "metadata": {},
      "salience": 0.008090044,
      "mentions": [
        {
          "text": {
            "content": "injuries",
            "beginOffset": -1
          },
          "type": "COMMON"
        }
      ]
    },
    {
      "name": "people",
      "type": "PERSON",
      "metadata": {},
      "salience": 0.007489084,
      "mentions": [
        {
          "text": {
            "content": "people",
            "beginOffset": -1
          },
          "type": "COMMON"
        }
      ]
    },
    {
      "name": "pets",
      "type": "OTHER",
      "metadata": {},
      "salience": 0.007489084,
      "mentions": [
        {
          "text": {
            "content": "pets",
            "beginOffset": -1
          },
          "type": "COMMON"
        }
      ]
    },
    {
      "name": "MBSA",
      "type": "ORGANIZATION",
      "metadata": {},
      "salience": 0.0065460103,
      "mentions": [
        {
          "text": {
            "content": "MBSA",
            "beginOffset": -1
          },
          "type": "PROPER"
        }
      ]
    },
    {
      "name": "guard house",
      "type": "LOCATION",
      "metadata": {},
      "salience": 0.005630505,
      "mentions": [
        {
          "text": {
            "content": "guard house",
            "beginOffset": -1
          },
          "type": "COMMON"
        }
      ]
    },
    {
      "name": "German Shepard",
      "type": "PERSON",
      "metadata": {
        "wikipedia_url": "https://en.wikipedia.org/wiki/German_Shepherd",
        "mid": "/m/0km5c"
      },
      "salience": 0.005504761,
      "mentions": [
        {
          "text": {
            "content": "German Shepard",
            "beginOffset": -1
          },
          "type": "PROPER"
        }
      ]
    },
    {
      "name": "Shepard",
      "type": "PERSON",
      "metadata": {},
      "salience": 0.005504761,
      "mentions": [
        {
          "text": {
            "content": "Shepard",
            "beginOffset": -1
          },
          "type": "PROPER"
        }
      ]
    },
    {
      "name": "training",
      "type": "OTHER",
      "metadata": {},
      "salience": 0.003937494,
      "mentions": [
        {
          "text": {
            "content": "training",
            "beginOffset": -1
          },
          "type": "COMMON"
        }
      ]
    },
    {
      "name": "home",
      "type": "LOCATION",
      "metadata": {},
      "salience": 0.0039332835,
      "mentions": [
        {
          "text": {
            "content": "home",
            "beginOffset": -1
          },
          "type": "COMMON"
        }
      ]
    },
    {
      "name": "patience",
      "type": "OTHER",
      "metadata": {},
      "salience": 0.0036664612,
      "mentions": [
        {
          "text": {
            "content": "patience",
            "beginOffset": -1
          },
          "type": "COMMON"
        }
      ]
    },
    {
      "name": "love",
      "type": "OTHER",
      "metadata": {},
      "salience": 0.0030040354,
      "mentions": [
        {
          "text": {
            "content": "love",
            "beginOffset": -1
          },
          "type": "COMMON"
        }
      ]
    },
    {
      "name": "guy",
      "type": "PERSON",
      "metadata": {},
      "salience": 0.0028158948,
      "mentions": [
        {
          "text": {
            "content": "guy",
            "beginOffset": -1
          },
          "type": "COMMON"
        }
      ]
    },
    {
      "name": "LOVING Forever",
      "type": "OTHER",
      "metadata": {},
      "salience": 0.0026470933,
      "mentions": [
        {
          "text": {
            "content": "LOVING Forever",
            "beginOffset": -1
          },
          "type": "PROPER"
        }
      ]
    },
    {
      "name": "manja",
      "type": "OTHER",
      "metadata": {},
      "salience": 0.0024733462,
      "mentions": [
        {
          "text": {
            "content": "manja",
            "beginOffset": -1
          },
          "type": "COMMON"
        }
      ]
    },
    {
      "name": "HAZE",
      "type": "OTHER",
      "metadata": {},
      "salience": 0.0024701417,
      "mentions": [
        {
          "text": {
            "content": "HAZE",
            "beginOffset": -1
          },
          "type": "COMMON"
        }
      ]
    },
    {
      "name": "rain",
      "type": "OTHER",
      "metadata": {},
      "salience": 0.0024701417,
      "mentions": [
        {
          "text": {
            "content": "rain",
            "beginOffset": -1
          },
          "type": "COMMON"
        }
      ]
    },
    {
      "name": "sun",
      "type": "OTHER",
      "metadata": {},
      "salience": 0.0024701417,
      "mentions": [
        {
          "text": {
            "content": "sun",
            "beginOffset": -1
          },
          "type": "COMMON"
        }
      ]
    }
  ],
  "documentSentiment": {
    "magnitude": 6.9,
    "score": 0.2
  },
  "language": "en",
  "categories": []
}
