{
  "sentences": [
    {
      "text": {
        "content": "posting this on behalf of friend,this 2 dogs need to give away, latest by tomorrow cause the owner need to move to australia.",
        "beginOffset": -1
      },
      "sentiment": {
        "magnitude": 0.4,
        "score": -0.4
      }
    },
    {
      "text": {
        "content": "This 2 dogs are very loving.",
        "beginOffset": -1
      },
      "sentiment": {
        "magnitude": 0.9,
        "score": 0.9
      }
    },
    {
      "text": {
        "content": "Otherwise they will be sending to SPCA, you know wat, SPCA will put down the dogs if within one week nobody adopt the dogs.. hope any of you or you know your friends are looking for dog, could you consider adopt them?",
        "beginOffset": -1
      },
      "sentiment": {
        "magnitude": 0.5,
        "score": -0.5
      }
    },
    {
      "text": {
        "content": "please help.",
        "beginOffset": -1
      },
      "sentiment": {
        "magnitude": 0,
        "score": 0
      }
    },
    {
      "text": {
        "content": "thanks so much and Happy CNY",
        "beginOffset": -1
      },
      "sentiment": {
        "magnitude": 0.9,
        "score": 0.9
      }
    }
  ],
  "tokens": [],
  "entities": [
    {
      "name": "dogs",
      "type": "OTHER",
      "metadata": {},
      "salience": 0.43734735,
      "mentions": [
        {
          "text": {
            "content": "dogs",
            "beginOffset": -1
          },
          "type": "COMMON"
        },
        {
          "text": {
            "content": "dogs",
            "beginOffset": -1
          },
          "type": "COMMON"
        }
      ]
    },
    {
      "name": "friend",
      "type": "PERSON",
      "metadata": {},
      "salience": 0.1747116,
      "mentions": [
        {
          "text": {
            "content": "friend",
            "beginOffset": -1
          },
          "type": "COMMON"
        }
      ]
    },
    {
      "name": "behalf",
      "type": "OTHER",
      "metadata": {},
      "salience": 0.15492171,
      "mentions": [
        {
          "text": {
            "content": "behalf",
            "beginOffset": -1
          },
          "type": "COMMON"
        }
      ]
    },
    {
      "name": "owner",
      "type": "PERSON",
      "metadata": {},
      "salience": 0.06120496,
      "mentions": [
        {
          "text": {
            "content": "owner",
            "beginOffset": -1
          },
          "type": "COMMON"
        }
      ]
    },
    {
      "name": "australia",
      "type": "LOCATION",
      "metadata": {},
      "salience": 0.041640863,
      "mentions": [
        {
          "text": {
            "content": "australia",
            "beginOffset": -1
          },
          "type": "COMMON"
        }
      ]
    },
    {
      "name": "friends",
      "type": "PERSON",
      "metadata": {},
      "salience": 0.030995252,
      "mentions": [
        {
          "text": {
            "content": "friends",
            "beginOffset": -1
          },
          "type": "COMMON"
        }
      ]
    },
    {
      "name": "dogs",
      "type": "OTHER",
      "metadata": {},
      "salience": 0.024927868,
      "mentions": [
        {
          "text": {
            "content": "dogs",
            "beginOffset": -1
          },
          "type": "COMMON"
        }
      ]
    },
    {
      "name": "nobody",
      "type": "PERSON",
      "metadata": {},
      "salience": 0.018641472,
      "mentions": [
        {
          "text": {
            "content": "nobody",
            "beginOffset": -1
          },
          "type": "COMMON"
        }
      ]
    },
    {
      "name": "SPCA",
      "type": "ORGANIZATION",
      "metadata": {
        "mid": "/m/0117qddf",
        "wikipedia_url": "https://en.wikipedia.org/wiki/Society_for_the_Prevention_of_Cruelty_to_Animals"
      },
      "salience": 0.017259983,
      "mentions": [
        {
          "text": {
            "content": "SPCA",
            "beginOffset": -1
          },
          "type": "PROPER"
        },
        {
          "text": {
            "content": "SPCA",
            "beginOffset": -1
          },
          "type": "PROPER"
        }
      ]
    },
    {
      "name": "dog",
      "type": "OTHER",
      "metadata": {},
      "salience": 0.0140714655,
      "mentions": [
        {
          "text": {
            "content": "dog",
            "beginOffset": -1
          },
          "type": "COMMON"
        }
      ]
    },
    {
      "name": "CNY",
      "type": "OTHER",
      "metadata": {},
      "salience": 0.009801819,
      "mentions": [
        {
          "text": {
            "content": "CNY",
            "beginOffset": -1
          },
          "type": "COMMON"
        }
      ]
    },
    {
      "name": "dogs",
      "type": "OTHER",
      "metadata": {},
      "salience": 0.008288913,
      "mentions": [
        {
          "text": {
            "content": "dogs",
            "beginOffset": -1
          },
          "type": "COMMON"
        }
      ]
    },
    {
      "name": "any",
      "type": "OTHER",
      "metadata": {},
      "salience": 0.006186746,
      "mentions": [
        {
          "text": {
            "content": "any",
            "beginOffset": -1
          },
          "type": "COMMON"
        }
      ]
    }
  ],
  "documentSentiment": {
    "magnitude": 2.8,
    "score": 0.1
  },
  "language": "en",
  "categories": []
}
