{
  "sentences": [
    {
      "text": {
        "content": "Four lovely puppies seeking for a lovely home.",
        "beginOffset": -1
      },
      "sentiment": {
        "magnitude": 0.9,
        "score": 0.9
      }
    },
    {
      "text": {
        "content": "All vaccinated, dewormed and urgently waiting for a home.",
        "beginOffset": -1
      },
      "sentiment": {
        "magnitude": 0.1,
        "score": -0.1
      }
    },
    {
      "text": {
        "content": "Rescued by my sister-in-law and are with my brother's family in a condo unit (Condo tak muat la and jiran are complaining).",
        "beginOffset": -1
      },
      "sentiment": {
        "magnitude": 0.1,
        "score": 0.1
      }
    },
    {
      "text": {
        "content": "Kindly help us to help this pets to find a good home.",
        "beginOffset": -1
      },
      "sentiment": {
        "magnitude": 0.5,
        "score": 0.5
      }
    },
    {
      "text": {
        "content": "very much appreciated.",
        "beginOffset": -1
      },
      "sentiment": {
        "magnitude": 0.6,
        "score": 0.6
      }
    },
    {
      "text": {
        "content": "Best regards Debbie Leo",
        "beginOffset": -1
      },
      "sentiment": {
        "magnitude": 0.4,
        "score": 0.4
      }
    }
  ],
  "tokens": [],
  "entities": [
    {
      "name": "home",
      "type": "LOCATION",
      "metadata": {},
      "salience": 0.35739717,
      "mentions": [
        {
          "text": {
            "content": "home",
            "beginOffset": -1
          },
          "type": "COMMON"
        }
      ]
    },
    {
      "name": "puppies",
      "type": "OTHER",
      "metadata": {},
      "salience": 0.29359573,
      "mentions": [
        {
          "text": {
            "content": "puppies",
            "beginOffset": -1
          },
          "type": "COMMON"
        }
      ]
    },
    {
      "name": "home",
      "type": "LOCATION",
      "metadata": {},
      "salience": 0.05295756,
      "mentions": [
        {
          "text": {
            "content": "home",
            "beginOffset": -1
          },
          "type": "COMMON"
        }
      ]
    },
    {
      "name": "home",
      "type": "LOCATION",
      "metadata": {},
      "salience": 0.04906746,
      "mentions": [
        {
          "text": {
            "content": "home",
            "beginOffset": -1
          },
          "type": "COMMON"
        }
      ]
    },
    {
      "name": "family",
      "type": "PERSON",
      "metadata": {},
      "salience": 0.039720435,
      "mentions": [
        {
          "text": {
            "content": "family",
            "beginOffset": -1
          },
          "type": "COMMON"
        }
      ]
    },
    {
      "name": "brother",
      "type": "PERSON",
      "metadata": {},
      "salience": 0.039720435,
      "mentions": [
        {
          "text": {
            "content": "brother",
            "beginOffset": -1
          },
          "type": "COMMON"
        }
      ]
    },
    {
      "name": "sister-in-law",
      "type": "PERSON",
      "metadata": {},
      "salience": 0.039240867,
      "mentions": [
        {
          "text": {
            "content": "sister-in-law",
            "beginOffset": -1
          },
          "type": "COMMON"
        }
      ]
    },
    {
      "name": "condo unit",
      "type": "OTHER",
      "metadata": {},
      "salience": 0.036481097,
      "mentions": [
        {
          "text": {
            "content": "condo unit",
            "beginOffset": -1
          },
          "type": "COMMON"
        }
      ]
    },
    {
      "name": "pets",
      "type": "OTHER",
      "metadata": {},
      "salience": 0.027471261,
      "mentions": [
        {
          "text": {
            "content": "pets",
            "beginOffset": -1
          },
          "type": "COMMON"
        }
      ]
    },
    {
      "name": "Condo tak muat la",
      "type": "OTHER",
      "metadata": {},
      "salience": 0.021663427,
      "mentions": [
        {
          "text": {
            "content": "Condo tak muat la",
            "beginOffset": -1
          },
          "type": "PROPER"
        }
      ]
    },
    {
      "name": "regards",
      "type": "OTHER",
      "metadata": {},
      "salience": 0.019179892,
      "mentions": [
        {
          "text": {
            "content": "regards",
            "beginOffset": -1
          },
          "type": "COMMON"
        }
      ]
    },
    {
      "name": "jiran",
      "type": "PERSON",
      "metadata": {},
      "salience": 0.012143602,
      "mentions": [
        {
          "text": {
            "content": "jiran",
            "beginOffset": -1
          },
          "type": "COMMON"
        }
      ]
    },
    {
      "name": "Debbie Leo",
      "type": "PERSON",
      "metadata": {},
      "salience": 0.011361067,
      "mentions": [
        {
          "text": {
            "content": "Debbie Leo",
            "beginOffset": -1
          },
          "type": "PROPER"
        }
      ]
    }
  ],
  "documentSentiment": {
    "magnitude": 2.7,
    "score": 0.4
  },
  "language": "en",
  "categories": []
}
