{
  "sentences": [
    {
      "text": {
        "content": "Very manja Must spay/neuter",
        "beginOffset": -1
      },
      "sentiment": {
        "magnitude": 0.6,
        "score": 0.6
      }
    }
  ],
  "tokens": [],
  "entities": [
    {
      "name": "manja",
      "type": "OTHER",
      "metadata": {},
      "salience": 0.57596576,
      "mentions": [
        {
          "text": {
            "content": "manja",
            "beginOffset": -1
          },
          "type": "COMMON"
        }
      ]
    },
    {
      "name": "spay/neuter",
      "type": "OTHER",
      "metadata": {},
      "salience": 0.42403424,
      "mentions": [
        {
          "text": {
            "content": "spay/neuter",
            "beginOffset": -1
          },
          "type": "COMMON"
        }
      ]
    }
  ],
  "documentSentiment": {
    "magnitude": 0.6,
    "score": 0.6
  },
  "language": "en",
  "categories": []
}
