{
  "sentences": [
    {
      "text": {
        "content": "Cheeky was rescued from the local pound in Penang, Malaysia.",
        "beginOffset": -1
      },
      "sentiment": {
        "magnitude": 0,
        "score": 0
      }
    },
    {
      "text": {
        "content": "She has a very good temperament.",
        "beginOffset": -1
      },
      "sentiment": {
        "magnitude": 0.8,
        "score": 0.8
      }
    },
    {
      "text": {
        "content": "Friendly &amp; obedient.",
        "beginOffset": -1
      },
      "sentiment": {
        "magnitude": 0.8,
        "score": 0.8
      }
    },
    {
      "text": {
        "content": "Looking for a good forever home for her.",
        "beginOffset": -1
      },
      "sentiment": {
        "magnitude": 0.7,
        "score": 0.7
      }
    }
  ],
  "tokens": [],
  "entities": [
    {
      "name": "Cheeky",
      "type": "OTHER",
      "metadata": {},
      "salience": 0.34773394,
      "mentions": [
        {
          "text": {
            "content": "Cheeky",
            "beginOffset": -1
          },
          "type": "PROPER"
        }
      ]
    },
    {
      "name": "pound",
      "type": "OTHER",
      "metadata": {},
      "salience": 0.23156598,
      "mentions": [
        {
          "text": {
            "content": "pound",
            "beginOffset": -1
          },
          "type": "COMMON"
        }
      ]
    },
    {
      "name": "Penang",
      "type": "LOCATION",
      "metadata": {
        "mid": "/m/0g6xq",
        "wikipedia_url": "https://en.wikipedia.org/wiki/Penang"
      },
      "salience": 0.1409822,
      "mentions": [
        {
          "text": {
            "content": "Penang",
            "beginOffset": -1
          },
          "type": "PROPER"
        }
      ]
    },
    {
      "name": "Malaysia",
      "type": "LOCATION",
      "metadata": {
        "mid": "/m/09pmkv",
        "wikipedia_url": "https://en.wikipedia.org/wiki/Malaysia"
      },
      "salience": 0.09644543,
      "mentions": [
        {
          "text": {
            "content": "Malaysia",
            "beginOffset": -1
          },
          "type": "PROPER"
        }
      ]
    },
    {
      "name": "temperament",
      "type": "OTHER",
      "metadata": {},
      "salience": 0.073235795,
      "mentions": [
        {
          "text": {
            "content": "temperament",
            "beginOffset": -1
          },
          "type": "COMMON"
        }
      ]
    },
    {
      "name": "good",
      "type": "OTHER",
      "metadata": {},
      "salience": 0.055018328,
      "mentions": [
        {
          "text": {
            "content": "good",
            "beginOffset": -1
          },
          "type": "COMMON"
        }
      ]
    },
    {
      "name": "home",
      "type": "LOCATION",
      "metadata": {},
      "salience": 0.055018328,
      "mentions": [
        {
          "text": {
            "content": "home",
            "beginOffset": -1
          },
          "type": "COMMON"
        }
      ]
    }
  ],
  "documentSentiment": {
    "magnitude": 2.5,
    "score": 0.6
  },
  "language": "en",
  "categories": []
}
