{
  "sentences": [
    {
      "text": {
        "content": "Puppies looking for responsible owner who will give them a good home.",
        "beginOffset": -1
      },
      "sentiment": {
        "magnitude": 0.6,
        "score": 0.6
      }
    },
    {
      "text": {
        "content": "Please contact Jin at",
        "beginOffset": -1
      },
      "sentiment": {
        "magnitude": 0,
        "score": 0
      }
    }
  ],
  "tokens": [],
  "entities": [
    {
      "name": "owner",
      "type": "PERSON",
      "metadata": {},
      "salience": 0.61003685,
      "mentions": [
        {
          "text": {
            "content": "owner",
            "beginOffset": -1
          },
          "type": "COMMON"
        }
      ]
    },
    {
      "name": "Puppies",
      "type": "OTHER",
      "metadata": {},
      "salience": 0.34750095,
      "mentions": [
        {
          "text": {
            "content": "Puppies",
            "beginOffset": -1
          },
          "type": "COMMON"
        }
      ]
    },
    {
      "name": "home",
      "type": "LOCATION",
      "metadata": {},
      "salience": 0.026583338,
      "mentions": [
        {
          "text": {
            "content": "home",
            "beginOffset": -1
          },
          "type": "COMMON"
        }
      ]
    },
    {
      "name": "Jin",
      "type": "PERSON",
      "metadata": {},
      "salience": 0.01587887,
      "mentions": [
        {
          "text": {
            "content": "Jin",
            "beginOffset": -1
          },
          "type": "PROPER"
        }
      ]
    }
  ],
  "documentSentiment": {
    "magnitude": 0.6,
    "score": 0.3
  },
  "language": "en",
  "categories": []
}
