{
  "sentences": [
    {
      "text": {
        "content": "A Kittens looking for forever home!",
        "beginOffset": -1
      },
      "sentiment": {
        "magnitude": 0.4,
        "score": 0.4
      }
    },
    {
      "text": {
        "content": "Please help to share this urgently.",
        "beginOffset": -1
      },
      "sentiment": {
        "magnitude": 0,
        "score": 0
      }
    },
    {
      "text": {
        "content": "Adoption fee: Free Spaying deposit: RM (fully refundable) A neutering deposit of RM needed for adoption.",
        "beginOffset": -1
      },
      "sentiment": {
        "magnitude": 0,
        "score": 0
      }
    },
    {
      "text": {
        "content": "Once neutering was done and proof to me, the deposit will be fully refund. - The neutering surgery must be done IN /BEFORE November or else it would not be refund. - MUST keep her indoor and not allowed to outdoor. - MUST Bring her to Vaccinate Name : Baby (Female) Age : Coming to 3 months Dewormed : Yes Vaccinate : Not yet Interested parties, please contact Ms.Fanny at.",
        "beginOffset": -1
      },
      "sentiment": {
        "magnitude": 0.9,
        "score": -0.9
      }
    },
    {
      "text": {
        "content": "KL Area.",
        "beginOffset": -1
      },
      "sentiment": {
        "magnitude": 0.1,
        "score": 0.1
      }
    },
    {
      "text": {
        "content": "***急！！！",
        "beginOffset": -1
      },
      "sentiment": {
        "magnitude": 0,
        "score": 0
      }
    },
    {
      "text": {
        "content": "可爱小宾士急寻爱它的拔拔麻麻。",
        "beginOffset": -1
      },
      "sentiment": {
        "magnitude": 0.9,
        "score": 0.9
      }
    },
    {
      "text": {
        "content": "小猫咪大概3个月大，已驱虫。",
        "beginOffset": -1
      },
      "sentiment": {
        "magnitude": 0.4,
        "score": 0.4
      }
    },
    {
      "text": {
        "content": "会吃湿食和饼干了，也会自行喝水，也懂得用猫砂了。",
        "beginOffset": -1
      },
      "sentiment": {
        "magnitude": 0.5,
        "score": 0.5
      }
    },
    {
      "text": {
        "content": "领养费用免费，可是必须附上RM结扎定金，待它们5-6个月大的时候带去结扎，结扎后我会把RM退还(结扎一定要在十一月份里完成，不然恕不退还)一定要养在家里，不能放养在外哦。",
        "beginOffset": -1
      },
      "sentiment": {
        "magnitude": 0.3,
        "score": -0.3
      }
    },
    {
      "text": {
        "content": "定时打预防针。",
        "beginOffset": -1
      },
      "sentiment": {
        "magnitude": 0.2,
        "score": 0.2
      }
    },
    {
      "text": {
        "content": "请大家帮忙分享出去。",
        "beginOffset": -1
      },
      "sentiment": {
        "magnitude": 0.7,
        "score": 0.7
      }
    },
    {
      "text": {
        "content": "地点在KL区。",
        "beginOffset": -1
      },
      "sentiment": {
        "magnitude": 0.2,
        "score": 0.2
      }
    },
    {
      "text": {
        "content": "有意者请联络，感恩",
        "beginOffset": -1
      },
      "sentiment": {
        "magnitude": 0.9,
        "score": 0.9
      }
    }
  ],
  "tokens": [],
  "entities": [
    {
      "name": "fully refundable",
      "type": "OTHER",
      "metadata": {},
      "salience": 0.13561656,
      "mentions": [
        {
          "text": {
            "content": "fully refundable",
            "beginOffset": -1
          },
          "type": "PROPER"
        }
      ]
    },
    {
      "name": "the deposit will be fully refund.",
      "type": "CONSUMER_GOOD",
      "metadata": {},
      "salience": 0.11006688,
      "mentions": [
        {
          "text": {
            "content": "the deposit will be fully refund.",
            "beginOffset": -1
          },
          "type": "PROPER"
        }
      ]
    },
    {
      "name": "Adoption fee: Free Spaying deposit: RM",
      "type": "CONSUMER_GOOD",
      "metadata": {},
      "salience": 0.09676379,
      "mentions": [
        {
          "text": {
            "content": "Adoption fee: Free Spaying deposit: RM",
            "beginOffset": -1
          },
          "type": "PROPER"
        }
      ]
    },
    {
      "name": "The neutering surgery must be done IN",
      "type": "CONSUMER_GOOD",
      "metadata": {},
      "salience": 0.086599655,
      "mentions": [
        {
          "text": {
            "content": "The neutering surgery must be done IN",
            "beginOffset": -1
          },
          "type": "PROPER"
        }
      ]
    },
    {
      "name": "Yes Vaccinate",
      "type": "PERSON",
      "metadata": {},
      "salience": 0.043613162,
      "mentions": [
        {
          "text": {
            "content": "Yes Vaccinate",
            "beginOffset": -1
          },
          "type": "PROPER"
        }
      ]
    },
    {
      "name": "BEFORE November or else it would not be refund.",
      "type": "CONSUMER_GOOD",
      "metadata": {},
      "salience": 0.040603418,
      "mentions": [
        {
          "text": {
            "content": "BEFORE November or else it would not be refund.",
            "beginOffset": -1
          },
          "type": "PROPER"
        }
      ]
    },
    {
      "name": "MUST",
      "type": "OTHER",
      "metadata": {},
      "salience": 0.040603418,
      "mentions": [
        {
          "text": {
            "content": "MUST",
            "beginOffset": -1
          },
          "type": "PROPER"
        }
      ]
    },
    {
      "name": "MUST",
      "type": "OTHER",
      "metadata": {},
      "salience": 0.040603418,
      "mentions": [
        {
          "text": {
            "content": "MUST",
            "beginOffset": -1
          },
          "type": "PROPER"
        }
      ]
    },
    {
      "name": "KL Area.",
      "type": "OTHER",
      "metadata": {},
      "salience": 0.038795274,
      "mentions": [
        {
          "text": {
            "content": "KL Area.",
            "beginOffset": -1
          },
          "type": "PROPER"
        }
      ]
    },
    {
      "name": "Age : Coming to 3 months Dewormed",
      "type": "CONSUMER_GOOD",
      "metadata": {},
      "salience": 0.031060696,
      "mentions": [
        {
          "text": {
            "content": "Age : Coming to 3 months Dewormed",
            "beginOffset": -1
          },
          "type": "PROPER"
        }
      ]
    },
    {
      "name": "Not yet Interested parties",
      "type": "CONSUMER_GOOD",
      "metadata": {},
      "salience": 0.031060696,
      "mentions": [
        {
          "text": {
            "content": "Not yet Interested parties",
            "beginOffset": -1
          },
          "type": "PROPER"
        }
      ]
    },
    {
      "name": "湿食",
      "type": "CONSUMER_GOOD",
      "metadata": {},
      "salience": 0.029980533,
      "mentions": [
        {
          "text": {
            "content": "湿食",
            "beginOffset": -1
          },
          "type": "COMMON"
        }
      ]
    },
    {
      "name": "RM",
      "type": "OTHER",
      "metadata": {},
      "salience": 0.023564113,
      "mentions": [
        {
          "text": {
            "content": "RM",
            "beginOffset": -1
          },
          "type": "PROPER"
        }
      ]
    },
    {
      "name": "小宾士",
      "type": "PERSON",
      "metadata": {
        "mid": "/m/052mx",
        "wikipedia_url": "https://en.wikipedia.org/wiki/Mercedes-Benz"
      },
      "salience": 0.023151912,
      "mentions": [
        {
          "text": {
            "content": "小宾士",
            "beginOffset": -1
          },
          "type": "PROPER"
        }
      ]
    },
    {
      "name": "Female",
      "type": "PERSON",
      "metadata": {
        "mid": "/m/02zsn",
        "wikipedia_url": "https://en.wikipedia.org/wiki/Female"
      },
      "salience": 0.022722738,
      "mentions": [
        {
          "text": {
            "content": "Female",
            "beginOffset": -1
          },
          "type": "PROPER"
        }
      ]
    },
    {
      "name": "outdoor.",
      "type": "OTHER",
      "metadata": {},
      "salience": 0.022722738,
      "mentions": [
        {
          "text": {
            "content": "outdoor.",
            "beginOffset": -1
          },
          "type": "PROPER"
        }
      ]
    },
    {
      "name": "拔拔麻麻",
      "type": "OTHER",
      "metadata": {},
      "salience": 0.021539323,
      "mentions": [
        {
          "text": {
            "content": "拔拔麻麻",
            "beginOffset": -1
          },
          "type": "COMMON"
        }
      ]
    },
    {
      "name": "猫砂",
      "type": "OTHER",
      "metadata": {},
      "salience": 0.020861806,
      "mentions": [
        {
          "text": {
            "content": "猫砂",
            "beginOffset": -1
          },
          "type": "COMMON"
        }
      ]
    },
    {
      "name": "猫咪",
      "type": "OTHER",
      "metadata": {},
      "salience": 0.020080118,
      "mentions": [
        {
          "text": {
            "content": "猫咪",
            "beginOffset": -1
          },
          "type": "COMMON"
        }
      ]
    },
    {
      "name": "费用",
      "type": "OTHER",
      "metadata": {},
      "salience": 0.019738428,
      "mentions": [
        {
          "text": {
            "content": "费用",
            "beginOffset": -1
          },
          "type": "COMMON"
        }
      ]
    },
    {
      "name": "RM结扎定金",
      "type": "OTHER",
      "metadata": {},
      "salience": 0.019738428,
      "mentions": [
        {
          "text": {
            "content": "RM结扎定金",
            "beginOffset": -1
          },
          "type": "COMMON"
        }
      ]
    },
    {
      "name": "Baby",
      "type": "PERSON",
      "metadata": {},
      "salience": 0.019126913,
      "mentions": [
        {
          "text": {
            "content": "Baby",
            "beginOffset": -1
          },
          "type": "COMMON"
        }
      ]
    },
    {
      "name": "饼干",
      "type": "CONSUMER_GOOD",
      "metadata": {},
      "salience": 0.018875176,
      "mentions": [
        {
          "text": {
            "content": "饼干",
            "beginOffset": -1
          },
          "type": "COMMON"
        }
      ]
    },
    {
      "name": "家里",
      "type": "LOCATION",
      "metadata": {},
      "salience": 0.009199898,
      "mentions": [
        {
          "text": {
            "content": "家里",
            "beginOffset": -1
          },
          "type": "COMMON"
        }
      ]
    },
    {
      "name": "预防针",
      "type": "CONSUMER_GOOD",
      "metadata": {},
      "salience": 0.0089720795,
      "mentions": [
        {
          "text": {
            "content": "预防针",
            "beginOffset": -1
          },
          "type": "COMMON"
        }
      ]
    },
    {
      "name": "地点",
      "type": "LOCATION",
      "metadata": {},
      "salience": 0.008217627,
      "mentions": [
        {
          "text": {
            "content": "地点",
            "beginOffset": -1
          },
          "type": "COMMON"
        }
      ]
    },
    {
      "name": "KL区",
      "type": "LOCATION",
      "metadata": {},
      "salience": 0.008217627,
      "mentions": [
        {
          "text": {
            "content": "KL区",
            "beginOffset": -1
          },
          "type": "COMMON"
        }
      ]
    },
    {
      "name": "有意者",
      "type": "PERSON",
      "metadata": {},
      "salience": 0.007903568,
      "mentions": [
        {
          "text": {
            "content": "有意者",
            "beginOffset": -1
          },
          "type": "COMMON"
        }
      ]
    }
  ],
  "documentSentiment": {
    "magnitude": 6,
    "score": 0.2
  },
  "language": "zh",
  "categories": []
}
