{
  "sentences": [
    {
      "text": {
        "content": "He was found loitering around my apartment, and has been here for a few days.",
        "beginOffset": -1
      },
      "sentiment": {
        "magnitude": 0.2,
        "score": -0.2
      }
    },
    {
      "text": {
        "content": "He is very healthy but we can't keep him around the apartment since we have a no-pets rule (even if we do it illegally the apartment is too small for the poor thing).",
        "beginOffset": -1
      },
      "sentiment": {
        "magnitude": 0.6,
        "score": -0.6
      }
    },
    {
      "text": {
        "content": "Additionally there's a lot of Muslims around the apartment and I don't want him to cause them any trouble.",
        "beginOffset": -1
      },
      "sentiment": {
        "magnitude": 0.1,
        "score": -0.1
      }
    }
  ],
  "tokens": [],
  "entities": [
    {
      "name": "apartment",
      "type": "LOCATION",
      "metadata": {},
      "salience": 0.42071757,
      "mentions": [
        {
          "text": {
            "content": "apartment",
            "beginOffset": -1
          },
          "type": "COMMON"
        }
      ]
    },
    {
      "name": "apartment",
      "type": "LOCATION",
      "metadata": {},
      "salience": 0.25439617,
      "mentions": [
        {
          "text": {
            "content": "apartment",
            "beginOffset": -1
          },
          "type": "COMMON"
        },
        {
          "text": {
            "content": "apartment",
            "beginOffset": -1
          },
          "type": "COMMON"
        }
      ]
    },
    {
      "name": "apartment",
      "type": "LOCATION",
      "metadata": {},
      "salience": 0.19637708,
      "mentions": [
        {
          "text": {
            "content": "apartment",
            "beginOffset": -1
          },
          "type": "COMMON"
        }
      ]
    },
    {
      "name": "no-pets rule",
      "type": "OTHER",
      "metadata": {},
      "salience": 0.042126477,
      "mentions": [
        {
          "text": {
            "content": "no-pets rule",
            "beginOffset": -1
          },
          "type": "COMMON"
        }
      ]
    },
    {
      "name": "lot",
      "type": "OTHER",
      "metadata": {},
      "salience": 0.035334148,
      "mentions": [
        {
          "text": {
            "content": "lot",
            "beginOffset": -1
          },
          "type": "COMMON"
        }
      ]
    },
    {
      "name": "trouble",
      "type": "OTHER",
      "metadata": {},
      "salience": 0.020621957,
      "mentions": [
        {
          "text": {
            "content": "trouble",
            "beginOffset": -1
          },
          "type": "COMMON"
        }
      ]
    },
    {
      "name": "Muslims",
      "type": "PERSON",
      "metadata": {
        "mid": "/m/04y29",
        "wikipedia_url": "https://en.wikipedia.org/wiki/Muslim"
      },
      "salience": 0.017424978,
      "mentions": [
        {
          "text": {
            "content": "Muslims",
            "beginOffset": -1
          },
          "type": "PROPER"
        }
      ]
    },
    {
      "name": "thing",
      "type": "OTHER",
      "metadata": {},
      "salience": 0.013001607,
      "mentions": [
        {
          "text": {
            "content": "thing",
            "beginOffset": -1
          },
          "type": "COMMON"
        }
      ]
    }
  ],
  "documentSentiment": {
    "magnitude": 1,
    "score": -0.3
  },
  "language": "en",
  "categories": []
}
