{
  "sentences": [
    {
      "text": {
        "content": "A friend rescued this poor kitty from a group of kids who were abusing him.",
        "beginOffset": -1
      },
      "sentiment": {
        "magnitude": 0.7,
        "score": -0.7
      }
    },
    {
      "text": {
        "content": "He was chucked into a tied-up plastic bag.",
        "beginOffset": -1
      },
      "sentiment": {
        "magnitude": 0.5,
        "score": -0.5
      }
    },
    {
      "text": {
        "content": "Currently being fostered by my friend in Nibong Tebal, Penang.",
        "beginOffset": -1
      },
      "sentiment": {
        "magnitude": 0,
        "score": 0
      }
    },
    {
      "text": {
        "content": "Please contact her at if you're interested to adopt this kitty.",
        "beginOffset": -1
      },
      "sentiment": {
        "magnitude": 0.1,
        "score": -0.1
      }
    }
  ],
  "tokens": [],
  "entities": [
    {
      "name": "friend",
      "type": "PERSON",
      "metadata": {},
      "salience": 0.4955486,
      "mentions": [
        {
          "text": {
            "content": "friend",
            "beginOffset": -1
          },
          "type": "COMMON"
        }
      ]
    },
    {
      "name": "kitty",
      "type": "OTHER",
      "metadata": {},
      "salience": 0.19509046,
      "mentions": [
        {
          "text": {
            "content": "kitty",
            "beginOffset": -1
          },
          "type": "COMMON"
        }
      ]
    },
    {
      "name": "kids",
      "type": "PERSON",
      "metadata": {},
      "salience": 0.1686529,
      "mentions": [
        {
          "text": {
            "content": "kids",
            "beginOffset": -1
          },
          "type": "COMMON"
        }
      ]
    },
    {
      "name": "group",
      "type": "ORGANIZATION",
      "metadata": {},
      "salience": 0.07054465,
      "mentions": [
        {
          "text": {
            "content": "group",
            "beginOffset": -1
          },
          "type": "COMMON"
        }
      ]
    },
    {
      "name": "friend",
      "type": "PERSON",
      "metadata": {},
      "salience": 0.024717523,
      "mentions": [
        {
          "text": {
            "content": "friend",
            "beginOffset": -1
          },
          "type": "COMMON"
        }
      ]
    },
    {
      "name": "plastic bag",
      "type": "OTHER",
      "metadata": {},
      "salience": 0.023794776,
      "mentions": [
        {
          "text": {
            "content": "plastic bag",
            "beginOffset": -1
          },
          "type": "COMMON"
        }
      ]
    },
    {
      "name": "kitty",
      "type": "OTHER",
      "metadata": {},
      "salience": 0.013077028,
      "mentions": [
        {
          "text": {
            "content": "kitty",
            "beginOffset": -1
          },
          "type": "COMMON"
        }
      ]
    },
    {
      "name": "Nibong Tebal",
      "type": "LOCATION",
      "metadata": {
        "mid": "/m/0d_dtz",
        "wikipedia_url": "https://en.wikipedia.org/wiki/Nibong_Tebal"
      },
      "salience": 0.0042870236,
      "mentions": [
        {
          "text": {
            "content": "Nibong Tebal",
            "beginOffset": -1
          },
          "type": "PROPER"
        }
      ]
    },
    {
      "name": "Penang",
      "type": "LOCATION",
      "metadata": {
        "mid": "/m/0g6xq",
        "wikipedia_url": "https://en.wikipedia.org/wiki/Penang"
      },
      "salience": 0.0042870236,
      "mentions": [
        {
          "text": {
            "content": "Penang",
            "beginOffset": -1
          },
          "type": "PROPER"
        }
      ]
    }
  ],
  "documentSentiment": {
    "magnitude": 1.5,
    "score": -0.3
  },
  "language": "en",
  "categories": []
}
