{
  "sentences": [
    {
      "text": {
        "content": "These two sisters were living at a dirty rat infested back alley and rescued by my mum and I. They are very scared of new environments, but show no sign of aggression and are active and playful once comfortable (I know as they were playing with my dog in my house!).",
        "beginOffset": -1
      },
      "sentiment": {
        "magnitude": 0.7,
        "score": -0.7
      }
    },
    {
      "text": {
        "content": "They are prefectly healthy and have lovely silky black fur.",
        "beginOffset": -1
      },
      "sentiment": {
        "magnitude": 0.9,
        "score": 0.9
      }
    },
    {
      "text": {
        "content": "Adoption fee is to cover cost of 1st vaccination for each puppy(RM50 x 2).",
        "beginOffset": -1
      },
      "sentiment": {
        "magnitude": 0,
        "score": 0
      }
    },
    {
      "text": {
        "content": "Anyone interested to adopt please contact Carol at.",
        "beginOffset": -1
      },
      "sentiment": {
        "magnitude": 0,
        "score": 0
      }
    },
    {
      "text": {
        "content": "Thanks!",
        "beginOffset": -1
      },
      "sentiment": {
        "magnitude": 0.2,
        "score": 0.2
      }
    }
  ],
  "tokens": [],
  "entities": [
    {
      "name": "sisters",
      "type": "PERSON",
      "metadata": {},
      "salience": 0.4734279,
      "mentions": [
        {
          "text": {
            "content": "sisters",
            "beginOffset": -1
          },
          "type": "COMMON"
        }
      ]
    },
    {
      "name": "alley",
      "type": "LOCATION",
      "metadata": {},
      "salience": 0.1305958,
      "mentions": [
        {
          "text": {
            "content": "alley",
            "beginOffset": -1
          },
          "type": "COMMON"
        }
      ]
    },
    {
      "name": "rat",
      "type": "OTHER",
      "metadata": {},
      "salience": 0.1305958,
      "mentions": [
        {
          "text": {
            "content": "rat",
            "beginOffset": -1
          },
          "type": "COMMON"
        }
      ]
    },
    {
      "name": "mum",
      "type": "PERSON",
      "metadata": {},
      "salience": 0.05159452,
      "mentions": [
        {
          "text": {
            "content": "mum",
            "beginOffset": -1
          },
          "type": "COMMON"
        }
      ]
    },
    {
      "name": "environments",
      "type": "OTHER",
      "metadata": {},
      "salience": 0.03510239,
      "mentions": [
        {
          "text": {
            "content": "environments",
            "beginOffset": -1
          },
          "type": "COMMON"
        }
      ]
    },
    {
      "name": "aggression",
      "type": "OTHER",
      "metadata": {},
      "salience": 0.03510239,
      "mentions": [
        {
          "text": {
            "content": "aggression",
            "beginOffset": -1
          },
          "type": "COMMON"
        }
      ]
    },
    {
      "name": "house",
      "type": "LOCATION",
      "metadata": {},
      "salience": 0.032645255,
      "mentions": [
        {
          "text": {
            "content": "house",
            "beginOffset": -1
          },
          "type": "COMMON"
        }
      ]
    },
    {
      "name": "dog",
      "type": "OTHER",
      "metadata": {},
      "salience": 0.032645255,
      "mentions": [
        {
          "text": {
            "content": "dog",
            "beginOffset": -1
          },
          "type": "COMMON"
        }
      ]
    },
    {
      "name": "sign",
      "type": "OTHER",
      "metadata": {},
      "salience": 0.01843876,
      "mentions": [
        {
          "text": {
            "content": "sign",
            "beginOffset": -1
          },
          "type": "COMMON"
        }
      ]
    },
    {
      "name": "vaccination",
      "type": "OTHER",
      "metadata": {},
      "salience": 0.011861956,
      "mentions": [
        {
          "text": {
            "content": "vaccination",
            "beginOffset": -1
          },
          "type": "COMMON"
        }
      ]
    },
    {
      "name": "puppy",
      "type": "OTHER",
      "metadata": {},
      "salience": 0.011861956,
      "mentions": [
        {
          "text": {
            "content": "puppy",
            "beginOffset": -1
          },
          "type": "COMMON"
        }
      ]
    },
    {
      "name": "Anyone",
      "type": "PERSON",
      "metadata": {},
      "salience": 0.008285374,
      "mentions": [
        {
          "text": {
            "content": "Anyone",
            "beginOffset": -1
          },
          "type": "COMMON"
        }
      ]
    },
    {
      "name": "Thanks",
      "type": "OTHER",
      "metadata": {},
      "salience": 0.008262732,
      "mentions": [
        {
          "text": {
            "content": "Thanks",
            "beginOffset": -1
          },
          "type": "COMMON"
        }
      ]
    },
    {
      "name": "Adoption fee",
      "type": "OTHER",
      "metadata": {},
      "salience": 0.0062701595,
      "mentions": [
        {
          "text": {
            "content": "Adoption fee",
            "beginOffset": -1
          },
          "type": "COMMON"
        }
      ]
    },
    {
      "name": "fur",
      "type": "OTHER",
      "metadata": {},
      "salience": 0.00517735,
      "mentions": [
        {
          "text": {
            "content": "fur",
            "beginOffset": -1
          },
          "type": "COMMON"
        }
      ]
    },
    {
      "name": "Carol",
      "type": "PERSON",
      "metadata": {},
      "salience": 0.004903121,
      "mentions": [
        {
          "text": {
            "content": "Carol",
            "beginOffset": -1
          },
          "type": "PROPER"
        }
      ]
    },
    {
      "name": "cost",
      "type": "OTHER",
      "metadata": {},
      "salience": 0.0032292695,
      "mentions": [
        {
          "text": {
            "content": "cost",
            "beginOffset": -1
          },
          "type": "COMMON"
        }
      ]
    }
  ],
  "documentSentiment": {
    "magnitude": 2,
    "score": 0.1
  },
  "language": "en",
  "categories": []
}
