{
  "sentences": [
    {
      "text": {
        "content": "Very active and playful.",
        "beginOffset": -1
      },
      "sentiment": {
        "magnitude": 0.9,
        "score": 0.9
      }
    },
    {
      "text": {
        "content": "Ready for adoption.",
        "beginOffset": -1
      },
      "sentiment": {
        "magnitude": 0.1,
        "score": 0.1
      }
    },
    {
      "text": {
        "content": "For animal lover and serious adopter only.",
        "beginOffset": -1
      },
      "sentiment": {
        "magnitude": 0.9,
        "score": 0.9
      }
    },
    {
      "text": {
        "content": "Eat blackwood.",
        "beginOffset": -1
      },
      "sentiment": {
        "magnitude": 0,
        "score": 0
      }
    },
    {
      "text": {
        "content": "Location Pandan Indah Kuala Lumpur Call @ sms",
        "beginOffset": -1
      },
      "sentiment": {
        "magnitude": 0.1,
        "score": 0.1
      }
    }
  ],
  "tokens": [],
  "entities": [
    {
      "name": "adoption",
      "type": "OTHER",
      "metadata": {},
      "salience": 0.37519062,
      "mentions": [
        {
          "text": {
            "content": "adoption",
            "beginOffset": -1
          },
          "type": "COMMON"
        }
      ]
    },
    {
      "name": "animal lover",
      "type": "PERSON",
      "metadata": {},
      "salience": 0.2285847,
      "mentions": [
        {
          "text": {
            "content": "animal lover",
            "beginOffset": -1
          },
          "type": "COMMON"
        }
      ]
    },
    {
      "name": "Kuala Lumpur",
      "type": "LOCATION",
      "metadata": {
        "mid": "/m/049d1",
        "wikipedia_url": "https://en.wikipedia.org/wiki/Kuala_Lumpur"
      },
      "salience": 0.0945026,
      "mentions": [
        {
          "text": {
            "content": "Kuala Lumpur",
            "beginOffset": -1
          },
          "type": "PROPER"
        }
      ]
    },
    {
      "name": "Pandan Indah",
      "type": "LOCATION",
      "metadata": {
        "mid": "/m/03cmt55",
        "wikipedia_url": "https://en.wikipedia.org/wiki/Pandan_Indah"
      },
      "salience": 0.0945026,
      "mentions": [
        {
          "text": {
            "content": "Pandan Indah",
            "beginOffset": -1
          },
          "type": "PROPER"
        }
      ]
    },
    {
      "name": "blackwood",
      "type": "OTHER",
      "metadata": {},
      "salience": 0.07051739,
      "mentions": [
        {
          "text": {
            "content": "blackwood",
            "beginOffset": -1
          },
          "type": "COMMON"
        }
      ]
    },
    {
      "name": "Location",
      "type": "LOCATION",
      "metadata": {},
      "salience": 0.07032571,
      "mentions": [
        {
          "text": {
            "content": "Location",
            "beginOffset": -1
          },
          "type": "COMMON"
        }
      ]
    },
    {
      "name": "@ sms",
      "type": "OTHER",
      "metadata": {},
      "salience": 0.06637637,
      "mentions": [
        {
          "text": {
            "content": "@ sms",
            "beginOffset": -1
          },
          "type": "PROPER"
        }
      ]
    }
  ],
  "documentSentiment": {
    "magnitude": 2.1,
    "score": 0.4
  },
  "language": "en",
  "categories": []
}
