{
  "sentences": [
    {
      "text": {
        "content": "Urgent adoption needed!",
        "beginOffset": -1
      },
      "sentiment": {
        "magnitude": 0.1,
        "score": 0.1
      }
    },
    {
      "text": {
        "content": "1 1/2 months.",
        "beginOffset": -1
      },
      "sentiment": {
        "magnitude": 0,
        "score": 0
      }
    },
    {
      "text": {
        "content": "1st : Grey- good looking male 2nd : Black &amp; white- Male 3rd : all white- face a pretty grey shape-female Totally think these 3 kittens( this base) are all looking good!.)I feed them (with d mom cat-) since they are born.",
        "beginOffset": -1
      },
      "sentiment": {
        "magnitude": 0.8,
        "score": 0.8
      }
    },
    {
      "text": {
        "content": "P/S:**PRIORITY only given 1st to adopters who willing to adopt at least 2 miaos. 3 would be Purrrfect but I know very hard to find.",
        "beginOffset": -1
      },
      "sentiment": {
        "magnitude": 0,
        "score": 0
      }
    },
    {
      "text": {
        "content": "I ll accept If only take 1 but must wait after I pick the 1st adopter(who can take 2).These sibling kittens are always stick to each others &amp; play together so i really feel sad if separate all 3!",
        "beginOffset": -1
      },
      "sentiment": {
        "magnitude": 0.8,
        "score": 0.8
      }
    },
    {
      "text": {
        "content": "Please contact me if you are interested!",
        "beginOffset": -1
      },
      "sentiment": {
        "magnitude": 0,
        "score": 0
      }
    },
    {
      "text": {
        "content": "Ms Cathy Lee Text &amp; watapps.",
        "beginOffset": -1
      },
      "sentiment": {
        "magnitude": 0,
        "score": 0
      }
    },
    {
      "text": {
        "content": "They deserve a loving family!!",
        "beginOffset": -1
      },
      "sentiment": {
        "magnitude": 0.9,
        "score": 0.9
      }
    },
    {
      "text": {
        "content": "Thanks.",
        "beginOffset": -1
      },
      "sentiment": {
        "magnitude": 0.1,
        "score": 0.1
      }
    },
    {
      "text": {
        "content": "FYI I'm staying at Wangsa Maju &amp; I already hav 1 adult cat.3 years.",
        "beginOffset": -1
      },
      "sentiment": {
        "magnitude": 0.1,
        "score": -0.1
      }
    }
  ],
  "tokens": [],
  "entities": [
    {
      "name": "kittens",
      "type": "PERSON",
      "metadata": {},
      "salience": 0.294684,
      "mentions": [
        {
          "text": {
            "content": "kittens",
            "beginOffset": -1
          },
          "type": "COMMON"
        }
      ]
    },
    {
      "name": "adoption",
      "type": "OTHER",
      "metadata": {},
      "salience": 0.29178813,
      "mentions": [
        {
          "text": {
            "content": "adoption",
            "beginOffset": -1
          },
          "type": "COMMON"
        }
      ]
    },
    {
      "name": "Black & white",
      "type": "CONSUMER_GOOD",
      "metadata": {},
      "salience": 0.078877494,
      "mentions": [
        {
          "text": {
            "content": "Black &amp; white",
            "beginOffset": -1
          },
          "type": "PROPER"
        }
      ]
    },
    {
      "name": "Cathy Lee Text",
      "type": "PERSON",
      "metadata": {},
      "salience": 0.046863645,
      "mentions": [
        {
          "text": {
            "content": "Cathy Lee Text",
            "beginOffset": -1
          },
          "type": "PROPER"
        },
        {
          "text": {
            "content": "Ms",
            "beginOffset": -1
          },
          "type": "COMMON"
        }
      ]
    },
    {
      "name": "shape-female",
      "type": "PERSON",
      "metadata": {},
      "salience": 0.044668205,
      "mentions": [
        {
          "text": {
            "content": "shape-female",
            "beginOffset": -1
          },
          "type": "COMMON"
        }
      ]
    },
    {
      "name": "base",
      "type": "OTHER",
      "metadata": {},
      "salience": 0.044668205,
      "mentions": [
        {
          "text": {
            "content": "base",
            "beginOffset": -1
          },
          "type": "COMMON"
        }
      ]
    },
    {
      "name": "P/S",
      "type": "OTHER",
      "metadata": {},
      "salience": 0.037065923,
      "mentions": [
        {
          "text": {
            "content": "P/S",
            "beginOffset": -1
          },
          "type": "COMMON"
        }
      ]
    },
    {
      "name": "PRIORITY",
      "type": "OTHER",
      "metadata": {},
      "salience": 0.030481584,
      "mentions": [
        {
          "text": {
            "content": "PRIORITY",
            "beginOffset": -1
          },
          "type": "COMMON"
        }
      ]
    },
    {
      "name": "d mom cat",
      "type": "OTHER",
      "metadata": {},
      "salience": 0.030217133,
      "mentions": [
        {
          "text": {
            "content": "d mom cat",
            "beginOffset": -1
          },
          "type": "COMMON"
        }
      ]
    },
    {
      "name": "Purrrfect",
      "type": "OTHER",
      "metadata": {},
      "salience": 0.02224208,
      "mentions": [
        {
          "text": {
            "content": "Purrrfect",
            "beginOffset": -1
          },
          "type": "PROPER"
        }
      ]
    },
    {
      "name": "watapps",
      "type": "CONSUMER_GOOD",
      "metadata": {},
      "salience": 0.020965347,
      "mentions": [
        {
          "text": {
            "content": "watapps",
            "beginOffset": -1
          },
          "type": "COMMON"
        }
      ]
    },
    {
      "name": "family",
      "type": "PERSON",
      "metadata": {},
      "salience": 0.014664727,
      "mentions": [
        {
          "text": {
            "content": "family",
            "beginOffset": -1
          },
          "type": "COMMON"
        }
      ]
    },
    {
      "name": "Thanks",
      "type": "OTHER",
      "metadata": {},
      "salience": 0.014643537,
      "mentions": [
        {
          "text": {
            "content": "Thanks",
            "beginOffset": -1
          },
          "type": "COMMON"
        }
      ]
    },
    {
      "name": "sibling kittens",
      "type": "PERSON",
      "metadata": {},
      "salience": 0.0102715185,
      "mentions": [
        {
          "text": {
            "content": "sibling kittens",
            "beginOffset": -1
          },
          "type": "COMMON"
        }
      ]
    },
    {
      "name": "others",
      "type": "PERSON",
      "metadata": {},
      "salience": 0.00924781,
      "mentions": [
        {
          "text": {
            "content": "others",
            "beginOffset": -1
          },
          "type": "COMMON"
        }
      ]
    },
    {
      "name": "Wangsa Maju",
      "type": "LOCATION",
      "metadata": {
        "wikipedia_url": "https://en.wikipedia.org/wiki/Wangsa_Maju",
        "mid": "/m/0d0_c7"
      },
      "salience": 0.008650669,
      "mentions": [
        {
          "text": {
            "content": "Wangsa Maju",
            "beginOffset": -1
          },
          "type": "PROPER"
        }
      ]
    }
  ],
  "documentSentiment": {
    "magnitude": 3.3,
    "score": 0.2
  },
  "language": "en",
  "categories": []
}
