{
  "sentences": [
    {
      "text": {
        "content": "The black and brown ones are 2 months old.",
        "beginOffset": -1
      },
      "sentiment": {
        "magnitude": 0,
        "score": 0
      }
    },
    {
      "text": {
        "content": "The white one is 6 months old.",
        "beginOffset": -1
      },
      "sentiment": {
        "magnitude": 0,
        "score": 0
      }
    },
    {
      "text": {
        "content": "All female.",
        "beginOffset": -1
      },
      "sentiment": {
        "magnitude": 0.1,
        "score": 0.1
      }
    },
    {
      "text": {
        "content": "These adorable pups are up for adoption.",
        "beginOffset": -1
      },
      "sentiment": {
        "magnitude": 0.8,
        "score": 0.8
      }
    },
    {
      "text": {
        "content": "They are at the Malaysia Independent Animal Rescue (MIAR) shelter in Kajang.",
        "beginOffset": -1
      },
      "sentiment": {
        "magnitude": 0.4,
        "score": 0.4
      }
    },
    {
      "text": {
        "content": "All they want is love and care from someone who can provide them a good, loving, permanent home.",
        "beginOffset": -1
      },
      "sentiment": {
        "magnitude": 0.9,
        "score": 0.9
      }
    },
    {
      "text": {
        "content": "So if you would like to welcome them into your lives, pls contact Puspa.",
        "beginOffset": -1
      },
      "sentiment": {
        "magnitude": 0.2,
        "score": 0.2
      }
    },
    {
      "text": {
        "content": "Thank you.",
        "beginOffset": -1
      },
      "sentiment": {
        "magnitude": 0,
        "score": 0
      }
    }
  ],
  "tokens": [],
  "entities": [
    {
      "name": "black",
      "type": "OTHER",
      "metadata": {},
      "salience": 0.27601,
      "mentions": [
        {
          "text": {
            "content": "black",
            "beginOffset": -1
          },
          "type": "COMMON"
        }
      ]
    },
    {
      "name": "ones",
      "type": "CONSUMER_GOOD",
      "metadata": {},
      "salience": 0.2697716,
      "mentions": [
        {
          "text": {
            "content": "ones",
            "beginOffset": -1
          },
          "type": "COMMON"
        }
      ]
    },
    {
      "name": "pups",
      "type": "PERSON",
      "metadata": {},
      "salience": 0.08573924,
      "mentions": [
        {
          "text": {
            "content": "pups",
            "beginOffset": -1
          },
          "type": "COMMON"
        }
      ]
    },
    {
      "name": "someone",
      "type": "PERSON",
      "metadata": {},
      "salience": 0.065417655,
      "mentions": [
        {
          "text": {
            "content": "someone",
            "beginOffset": -1
          },
          "type": "COMMON"
        }
      ]
    },
    {
      "name": "female",
      "type": "PERSON",
      "metadata": {},
      "salience": 0.05291033,
      "mentions": [
        {
          "text": {
            "content": "female",
            "beginOffset": -1
          },
          "type": "COMMON"
        }
      ]
    },
    {
      "name": "All",
      "type": "OTHER",
      "metadata": {},
      "salience": 0.04509151,
      "mentions": [
        {
          "text": {
            "content": "All",
            "beginOffset": -1
          },
          "type": "COMMON"
        }
      ]
    },
    {
      "name": "shelter",
      "type": "LOCATION",
      "metadata": {},
      "salience": 0.036051523,
      "mentions": [
        {
          "text": {
            "content": "shelter",
            "beginOffset": -1
          },
          "type": "COMMON"
        }
      ]
    },
    {
      "name": "adoption",
      "type": "OTHER",
      "metadata": {},
      "salience": 0.03571141,
      "mentions": [
        {
          "text": {
            "content": "adoption",
            "beginOffset": -1
          },
          "type": "COMMON"
        }
      ]
    },
    {
      "name": "care",
      "type": "OTHER",
      "metadata": {},
      "salience": 0.033025593,
      "mentions": [
        {
          "text": {
            "content": "care",
            "beginOffset": -1
          },
          "type": "COMMON"
        }
      ]
    },
    {
      "name": "MIAR",
      "type": "OTHER",
      "metadata": {},
      "salience": 0.021379156,
      "mentions": [
        {
          "text": {
            "content": "MIAR",
            "beginOffset": -1
          },
          "type": "PROPER"
        }
      ]
    },
    {
      "name": "Malaysia Independent Animal Rescue",
      "type": "ORGANIZATION",
      "metadata": {},
      "salience": 0.021379156,
      "mentions": [
        {
          "text": {
            "content": "Malaysia Independent Animal Rescue",
            "beginOffset": -1
          },
          "type": "PROPER"
        }
      ]
    },
    {
      "name": "Kajang",
      "type": "LOCATION",
      "metadata": {
        "mid": "/m/049x3",
        "wikipedia_url": "https://en.wikipedia.org/wiki/Kajang"
      },
      "salience": 0.021379156,
      "mentions": [
        {
          "text": {
            "content": "Kajang",
            "beginOffset": -1
          },
          "type": "PROPER"
        }
      ]
    },
    {
      "name": "lives",
      "type": "OTHER",
      "metadata": {},
      "salience": 0.017443802,
      "mentions": [
        {
          "text": {
            "content": "lives",
            "beginOffset": -1
          },
          "type": "COMMON"
        }
      ]
    },
    {
      "name": "Puspa",
      "type": "PERSON",
      "metadata": {},
      "salience": 0.010323629,
      "mentions": [
        {
          "text": {
            "content": "Puspa",
            "beginOffset": -1
          },
          "type": "PROPER"
        }
      ]
    },
    {
      "name": "home",
      "type": "LOCATION",
      "metadata": {},
      "salience": 0.008366223,
      "mentions": [
        {
          "text": {
            "content": "home",
            "beginOffset": -1
          },
          "type": "COMMON"
        }
      ]
    }
  ],
  "documentSentiment": {
    "magnitude": 2.6,
    "score": 0.3
  },
  "language": "en",
  "categories": []
}
