{
  "sentences": [
    {
      "text": {
        "content": "Urgently needs to be adopted.",
        "beginOffset": -1
      },
      "sentiment": {
        "magnitude": 0.2,
        "score": -0.2
      }
    },
    {
      "text": {
        "content": "This is Fox boy..abt 1year old..short coat..no skin prob..no ticks..friendly to other dogs.",
        "beginOffset": -1
      },
      "sentiment": {
        "magnitude": 0,
        "score": 0
      }
    },
    {
      "text": {
        "content": "please share widely.",
        "beginOffset": -1
      },
      "sentiment": {
        "magnitude": 0.2,
        "score": 0.2
      }
    },
    {
      "text": {
        "content": "Kindly contact valarie at",
        "beginOffset": -1
      },
      "sentiment": {
        "magnitude": 0.1,
        "score": -0.1
      }
    }
  ],
  "tokens": [],
  "entities": [
    {
      "name": "boy",
      "type": "PERSON",
      "metadata": {},
      "salience": 0.51584506,
      "mentions": [
        {
          "text": {
            "content": "boy",
            "beginOffset": -1
          },
          "type": "COMMON"
        }
      ]
    },
    {
      "name": "coat",
      "type": "OTHER",
      "metadata": {},
      "salience": 0.12878299,
      "mentions": [
        {
          "text": {
            "content": "coat",
            "beginOffset": -1
          },
          "type": "COMMON"
        }
      ]
    },
    {
      "name": "skin prob",
      "type": "OTHER",
      "metadata": {},
      "salience": 0.09328463,
      "mentions": [
        {
          "text": {
            "content": "skin prob",
            "beginOffset": -1
          },
          "type": "COMMON"
        }
      ]
    },
    {
      "name": "ticks",
      "type": "OTHER",
      "metadata": {},
      "salience": 0.09328463,
      "mentions": [
        {
          "text": {
            "content": "ticks",
            "beginOffset": -1
          },
          "type": "COMMON"
        }
      ]
    },
    {
      "name": "Fox",
      "type": "ORGANIZATION",
      "metadata": {},
      "salience": 0.08812607,
      "mentions": [
        {
          "text": {
            "content": "Fox",
            "beginOffset": -1
          },
          "type": "PROPER"
        }
      ]
    },
    {
      "name": "contact valarie",
      "type": "OTHER",
      "metadata": {},
      "salience": 0.04935085,
      "mentions": [
        {
          "text": {
            "content": "contact valarie",
            "beginOffset": -1
          },
          "type": "COMMON"
        }
      ]
    },
    {
      "name": "dogs",
      "type": "OTHER",
      "metadata": {},
      "salience": 0.031325754,
      "mentions": [
        {
          "text": {
            "content": "dogs",
            "beginOffset": -1
          },
          "type": "COMMON"
        }
      ]
    }
  ],
  "documentSentiment": {
    "magnitude": 0.6,
    "score": 0
  },
  "language": "en",
  "categories": []
}
