{
  "sentences": [
    {
      "text": {
        "content": "Mia is one of the remaining 3 bubbly &amp; energetic puppies is still looking for home.",
        "beginOffset": -1
      },
      "sentiment": {
        "magnitude": 0.7,
        "score": 0.7
      }
    },
    {
      "text": {
        "content": "They are currently seeking shelter near construction site with lotsa lorries &amp; heavy machineries moving in &amp; out.",
        "beginOffset": -1
      },
      "sentiment": {
        "magnitude": 0.1,
        "score": -0.1
      }
    },
    {
      "text": {
        "content": "Their life is at stake.",
        "beginOffset": -1
      },
      "sentiment": {
        "magnitude": 0.3,
        "score": 0.3
      }
    },
    {
      "text": {
        "content": "Pls adopt &amp; save lifes today!",
        "beginOffset": -1
      },
      "sentiment": {
        "magnitude": 0.3,
        "score": 0.3
      }
    },
    {
      "text": {
        "content": "Location KL Puppies are 1 month plus old",
        "beginOffset": -1
      },
      "sentiment": {
        "magnitude": 0,
        "score": 0
      }
    }
  ],
  "tokens": [],
  "entities": [
    {
      "name": "one",
      "type": "PERSON",
      "metadata": {},
      "salience": 0.29151934,
      "mentions": [
        {
          "text": {
            "content": "one",
            "beginOffset": -1
          },
          "type": "COMMON"
        }
      ]
    },
    {
      "name": "Mia",
      "type": "PERSON",
      "metadata": {},
      "salience": 0.21869203,
      "mentions": [
        {
          "text": {
            "content": "Mia",
            "beginOffset": -1
          },
          "type": "PROPER"
        }
      ]
    },
    {
      "name": "puppies",
      "type": "OTHER",
      "metadata": {},
      "salience": 0.13677323,
      "mentions": [
        {
          "text": {
            "content": "puppies",
            "beginOffset": -1
          },
          "type": "COMMON"
        }
      ]
    },
    {
      "name": "home",
      "type": "LOCATION",
      "metadata": {},
      "salience": 0.082684696,
      "mentions": [
        {
          "text": {
            "content": "home",
            "beginOffset": -1
          },
          "type": "COMMON"
        }
      ]
    },
    {
      "name": "construction site",
      "type": "LOCATION",
      "metadata": {},
      "salience": 0.040765483,
      "mentions": [
        {
          "text": {
            "content": "construction site",
            "beginOffset": -1
          },
          "type": "COMMON"
        }
      ]
    },
    {
      "name": "lorries",
      "type": "CONSUMER_GOOD",
      "metadata": {},
      "salience": 0.040765483,
      "mentions": [
        {
          "text": {
            "content": "lorries",
            "beginOffset": -1
          },
          "type": "COMMON"
        }
      ]
    },
    {
      "name": "shelter",
      "type": "LOCATION",
      "metadata": {},
      "salience": 0.040273808,
      "mentions": [
        {
          "text": {
            "content": "shelter",
            "beginOffset": -1
          },
          "type": "COMMON"
        }
      ]
    },
    {
      "name": "machineries",
      "type": "CONSUMER_GOOD",
      "metadata": {},
      "salience": 0.037444115,
      "mentions": [
        {
          "text": {
            "content": "machineries",
            "beginOffset": -1
          },
          "type": "COMMON"
        }
      ]
    },
    {
      "name": "lifes",
      "type": "OTHER",
      "metadata": {},
      "salience": 0.03190992,
      "mentions": [
        {
          "text": {
            "content": "lifes",
            "beginOffset": -1
          },
          "type": "COMMON"
        }
      ]
    },
    {
      "name": "Location",
      "type": "LOCATION",
      "metadata": {},
      "salience": 0.027987825,
      "mentions": [
        {
          "text": {
            "content": "Location",
            "beginOffset": -1
          },
          "type": "COMMON"
        }
      ]
    },
    {
      "name": "Puppies",
      "type": "PERSON",
      "metadata": {},
      "salience": 0.021803373,
      "mentions": [
        {
          "text": {
            "content": "Puppies",
            "beginOffset": -1
          },
          "type": "COMMON"
        }
      ]
    },
    {
      "name": "life",
      "type": "OTHER",
      "metadata": {},
      "salience": 0.01697037,
      "mentions": [
        {
          "text": {
            "content": "life",
            "beginOffset": -1
          },
          "type": "COMMON"
        }
      ]
    },
    {
      "name": "stake",
      "type": "OTHER",
      "metadata": {},
      "salience": 0.012410299,
      "mentions": [
        {
          "text": {
            "content": "stake",
            "beginOffset": -1
          },
          "type": "COMMON"
        }
      ]
    }
  ],
  "documentSentiment": {
    "magnitude": 1.6,
    "score": 0.2
  },
  "language": "en",
  "categories": []
}
