{
  "sentences": [
    {
      "text": {
        "content": "Hi, my name is Berry.",
        "beginOffset": -1
      },
      "sentiment": {
        "magnitude": 0,
        "score": 0
      }
    },
    {
      "text": {
        "content": "I'm 8 months old.",
        "beginOffset": -1
      },
      "sentiment": {
        "magnitude": 0,
        "score": 0
      }
    },
    {
      "text": {
        "content": "I love playing hide and seek, cuddling with my owners as well as playing catch.",
        "beginOffset": -1
      },
      "sentiment": {
        "magnitude": 0.9,
        "score": 0.9
      }
    },
    {
      "text": {
        "content": "I also like to gaze at the window and catch up on some alone time.",
        "beginOffset": -1
      },
      "sentiment": {
        "magnitude": 0.3,
        "score": 0.3
      }
    },
    {
      "text": {
        "content": "There are moments where I'm called a &quot;Japanese Cat&quot; because I look like an Asian cat cartoon and I like to pose with my two paws together.",
        "beginOffset": -1
      },
      "sentiment": {
        "magnitude": 0.3,
        "score": 0.3
      }
    },
    {
      "text": {
        "content": "Must not forget, I enjoy taking naps too!",
        "beginOffset": -1
      },
      "sentiment": {
        "magnitude": 0.8,
        "score": 0.8
      }
    },
    {
      "text": {
        "content": "Especially on carpets because they keep me warm and fuzzy!",
        "beginOffset": -1
      },
      "sentiment": {
        "magnitude": 0.4,
        "score": 0.4
      }
    }
  ],
  "tokens": [],
  "entities": [
    {
      "name": "name",
      "type": "OTHER",
      "metadata": {},
      "salience": 0.39623967,
      "mentions": [
        {
          "text": {
            "content": "name",
            "beginOffset": -1
          },
          "type": "COMMON"
        }
      ]
    },
    {
      "name": "Berry",
      "type": "PERSON",
      "metadata": {},
      "salience": 0.25622854,
      "mentions": [
        {
          "text": {
            "content": "Berry",
            "beginOffset": -1
          },
          "type": "PROPER"
        }
      ]
    },
    {
      "name": "playing catch",
      "type": "OTHER",
      "metadata": {},
      "salience": 0.06550285,
      "mentions": [
        {
          "text": {
            "content": "playing catch",
            "beginOffset": -1
          },
          "type": "COMMON"
        }
      ]
    },
    {
      "name": "owners",
      "type": "PERSON",
      "metadata": {},
      "salience": 0.06350829,
      "mentions": [
        {
          "text": {
            "content": "owners",
            "beginOffset": -1
          },
          "type": "COMMON"
        }
      ]
    },
    {
      "name": "Cat",
      "type": "OTHER",
      "metadata": {},
      "salience": 0.045161016,
      "mentions": [
        {
          "text": {
            "content": "Cat",
            "beginOffset": -1
          },
          "type": "COMMON"
        }
      ]
    },
    {
      "name": "window",
      "type": "OTHER",
      "metadata": {},
      "salience": 0.043367095,
      "mentions": [
        {
          "text": {
            "content": "window",
            "beginOffset": -1
          },
          "type": "COMMON"
        }
      ]
    },
    {
      "name": "naps",
      "type": "OTHER",
      "metadata": {},
      "salience": 0.03462871,
      "mentions": [
        {
          "text": {
            "content": "naps",
            "beginOffset": -1
          },
          "type": "COMMON"
        }
      ]
    },
    {
      "name": "paws",
      "type": "OTHER",
      "metadata": {},
      "salience": 0.029964682,
      "mentions": [
        {
          "text": {
            "content": "paws",
            "beginOffset": -1
          },
          "type": "COMMON"
        }
      ]
    },
    {
      "name": "Japanese",
      "type": "LOCATION",
      "metadata": {},
      "salience": 0.023527052,
      "mentions": [
        {
          "text": {
            "content": "Japanese",
            "beginOffset": -1
          },
          "type": "PROPER"
        }
      ]
    },
    {
      "name": "carpets",
      "type": "OTHER",
      "metadata": {},
      "salience": 0.02091379,
      "mentions": [
        {
          "text": {
            "content": "carpets",
            "beginOffset": -1
          },
          "type": "COMMON"
        }
      ]
    },
    {
      "name": "cat cartoon",
      "type": "WORK_OF_ART",
      "metadata": {},
      "salience": 0.013170352,
      "mentions": [
        {
          "text": {
            "content": "cat cartoon",
            "beginOffset": -1
          },
          "type": "COMMON"
        }
      ]
    },
    {
      "name": "Asian",
      "type": "LOCATION",
      "metadata": {},
      "salience": 0.0077879317,
      "mentions": [
        {
          "text": {
            "content": "Asian",
            "beginOffset": -1
          },
          "type": "PROPER"
        }
      ]
    }
  ],
  "documentSentiment": {
    "magnitude": 3,
    "score": 0.4
  },
  "language": "en",
  "categories": []
}
