{
  "sentences": [
    {
      "text": {
        "content": "cute fella, need good home please",
        "beginOffset": -1
      },
      "sentiment": {
        "magnitude": 0.6,
        "score": 0.6
      }
    }
  ],
  "tokens": [],
  "entities": [
    {
      "name": "fella",
      "type": "PERSON",
      "metadata": {},
      "salience": 0.8216074,
      "mentions": [
        {
          "text": {
            "content": "fella",
            "beginOffset": -1
          },
          "type": "COMMON"
        }
      ]
    },
    {
      "name": "home",
      "type": "LOCATION",
      "metadata": {},
      "salience": 0.1783926,
      "mentions": [
        {
          "text": {
            "content": "home",
            "beginOffset": -1
          },
          "type": "COMMON"
        }
      ]
    }
  ],
  "documentSentiment": {
    "magnitude": 0.6,
    "score": 0.6
  },
  "language": "en",
  "categories": []
}
