{
  "sentences": [
    {
      "text": {
        "content": "This puppies found at shah alam construction site with no sign of mother n father.",
        "beginOffset": -1
      },
      "sentiment": {
        "magnitude": 0.2,
        "score": -0.2
      }
    },
    {
      "text": {
        "content": "They r really lucky because their other siblings had been eaten by the vietnamese...",
        "beginOffset": -1
      },
      "sentiment": {
        "magnitude": 0.5,
        "score": 0.5
      }
    },
    {
      "text": {
        "content": "Now this 2 little are looking for new home, anyone interested please contact me....",
        "beginOffset": -1
      },
      "sentiment": {
        "magnitude": 0,
        "score": 0
      }
    }
  ],
  "tokens": [],
  "entities": [
    {
      "name": "puppies",
      "type": "OTHER",
      "metadata": {},
      "salience": 0.35348865,
      "mentions": [
        {
          "text": {
            "content": "puppies",
            "beginOffset": -1
          },
          "type": "COMMON"
        }
      ]
    },
    {
      "name": "shah alam",
      "type": "LOCATION",
      "metadata": {
        "wikipedia_url": "https://en.wikipedia.org/wiki/Shah_Alam",
        "mid": "/m/0syrf"
      },
      "salience": 0.16112289,
      "mentions": [
        {
          "text": {
            "content": "shah alam",
            "beginOffset": -1
          },
          "type": "PROPER"
        }
      ]
    },
    {
      "name": "construction site",
      "type": "LOCATION",
      "metadata": {},
      "salience": 0.10584137,
      "mentions": [
        {
          "text": {
            "content": "construction site",
            "beginOffset": -1
          },
          "type": "COMMON"
        }
      ]
    },
    {
      "name": "sign",
      "type": "OTHER",
      "metadata": {},
      "salience": 0.10584137,
      "mentions": [
        {
          "text": {
            "content": "sign",
            "beginOffset": -1
          },
          "type": "COMMON"
        }
      ]
    },
    {
      "name": "mother",
      "type": "PERSON",
      "metadata": {},
      "salience": 0.07248645,
      "mentions": [
        {
          "text": {
            "content": "mother",
            "beginOffset": -1
          },
          "type": "COMMON"
        }
      ]
    },
    {
      "name": "father",
      "type": "PERSON",
      "metadata": {},
      "salience": 0.07248645,
      "mentions": [
        {
          "text": {
            "content": "father",
            "beginOffset": -1
          },
          "type": "COMMON"
        }
      ]
    },
    {
      "name": "siblings",
      "type": "PERSON",
      "metadata": {},
      "salience": 0.035778366,
      "mentions": [
        {
          "text": {
            "content": "siblings",
            "beginOffset": -1
          },
          "type": "COMMON"
        }
      ]
    },
    {
      "name": "vietnamese",
      "type": "OTHER",
      "metadata": {},
      "salience": 0.032866295,
      "mentions": [
        {
          "text": {
            "content": "vietnamese",
            "beginOffset": -1
          },
          "type": "COMMON"
        }
      ]
    },
    {
      "name": "home",
      "type": "LOCATION",
      "metadata": {},
      "salience": 0.024725826,
      "mentions": [
        {
          "text": {
            "content": "home",
            "beginOffset": -1
          },
          "type": "COMMON"
        }
      ]
    },
    {
      "name": "anyone",
      "type": "PERSON",
      "metadata": {},
      "salience": 0.024725826,
      "mentions": [
        {
          "text": {
            "content": "anyone",
            "beginOffset": -1
          },
          "type": "COMMON"
        }
      ]
    },
    {
      "name": "little",
      "type": "OTHER",
      "metadata": {},
      "salience": 0.010636496,
      "mentions": [
        {
          "text": {
            "content": "little",
            "beginOffset": -1
          },
          "type": "COMMON"
        }
      ]
    }
  ],
  "documentSentiment": {
    "magnitude": 0.8,
    "score": 0.1
  },
  "language": "en",
  "categories": []
}
