{
  "sentences": [
    {
      "text": {
        "content": "The pup is in very healthy and energetic condition, very playful and have already 1 time vac and 1 time deworm.",
        "beginOffset": -1
      },
      "sentiment": {
        "magnitude": 0.9,
        "score": 0.9
      }
    },
    {
      "text": {
        "content": "The pup is given by a fren of mine as he already have 5 of it.",
        "beginOffset": -1
      },
      "sentiment": {
        "magnitude": 0.2,
        "score": 0.2
      }
    },
    {
      "text": {
        "content": "The Pup always stay in house so is very clean and odorless.",
        "beginOffset": -1
      },
      "sentiment": {
        "magnitude": 0.8,
        "score": 0.8
      }
    }
  ],
  "tokens": [],
  "entities": [
    {
      "name": "pup",
      "type": "OTHER",
      "metadata": {},
      "salience": 0.47365472,
      "mentions": [
        {
          "text": {
            "content": "pup",
            "beginOffset": -1
          },
          "type": "COMMON"
        }
      ]
    },
    {
      "name": "condition",
      "type": "OTHER",
      "metadata": {},
      "salience": 0.14051035,
      "mentions": [
        {
          "text": {
            "content": "condition",
            "beginOffset": -1
          },
          "type": "COMMON"
        }
      ]
    },
    {
      "name": "deworm",
      "type": "OTHER",
      "metadata": {},
      "salience": 0.09777905,
      "mentions": [
        {
          "text": {
            "content": "deworm",
            "beginOffset": -1
          },
          "type": "COMMON"
        }
      ]
    },
    {
      "name": "vac",
      "type": "OTHER",
      "metadata": {},
      "salience": 0.095496915,
      "mentions": [
        {
          "text": {
            "content": "vac",
            "beginOffset": -1
          },
          "type": "COMMON"
        }
      ]
    },
    {
      "name": "pup",
      "type": "OTHER",
      "metadata": {},
      "salience": 0.046785835,
      "mentions": [
        {
          "text": {
            "content": "pup",
            "beginOffset": -1
          },
          "type": "COMMON"
        }
      ]
    },
    {
      "name": "fren",
      "type": "OTHER",
      "metadata": {},
      "salience": 0.044032328,
      "mentions": [
        {
          "text": {
            "content": "fren",
            "beginOffset": -1
          },
          "type": "COMMON"
        }
      ]
    },
    {
      "name": "mine",
      "type": "LOCATION",
      "metadata": {},
      "salience": 0.044032328,
      "mentions": [
        {
          "text": {
            "content": "mine",
            "beginOffset": -1
          },
          "type": "COMMON"
        }
      ]
    },
    {
      "name": "house",
      "type": "LOCATION",
      "metadata": {},
      "salience": 0.033160158,
      "mentions": [
        {
          "text": {
            "content": "house",
            "beginOffset": -1
          },
          "type": "COMMON"
        }
      ]
    },
    {
      "name": "Pup",
      "type": "ORGANIZATION",
      "metadata": {},
      "salience": 0.024548313,
      "mentions": [
        {
          "text": {
            "content": "Pup",
            "beginOffset": -1
          },
          "type": "PROPER"
        }
      ]
    }
  ],
  "documentSentiment": {
    "magnitude": 2,
    "score": 0.6
  },
  "language": "en",
  "categories": []
}
