{
  "sentences": [
    {
      "text": {
        "content": "Fei Fei is a very friendly dog.",
        "beginOffset": -1
      },
      "sentiment": {
        "magnitude": 0.8,
        "score": 0.8
      }
    },
    {
      "text": {
        "content": "I met him at a place where there's a very kind-hearted lady, who kept over dogs with her and provide them ample space and foods.",
        "beginOffset": -1
      },
      "sentiment": {
        "magnitude": 0.4,
        "score": 0.4
      }
    },
    {
      "text": {
        "content": "Fei Fei kept following me and welcome me to his place.",
        "beginOffset": -1
      },
      "sentiment": {
        "magnitude": 0.8,
        "score": 0.8
      }
    },
    {
      "text": {
        "content": "Fei Fei is a very gentle dog, he likes to stick with human and keep following human without disturbing.",
        "beginOffset": -1
      },
      "sentiment": {
        "magnitude": 0.8,
        "score": 0.8
      }
    },
    {
      "text": {
        "content": "The shelter place is nearby Batu 14 Ulu Langat, where is just beside the fish pond.",
        "beginOffset": -1
      },
      "sentiment": {
        "magnitude": 0.2,
        "score": 0.2
      }
    },
    {
      "text": {
        "content": "This women plants passion fruits and feed them with passion fruits as tea time!",
        "beginOffset": -1
      },
      "sentiment": {
        "magnitude": 0.9,
        "score": 0.9
      }
    },
    {
      "text": {
        "content": "It would be highly appreciated if new owner willing to pay RM-rm as sponsor/donation to this this women to ease her financial burden as to keep over dogs.",
        "beginOffset": -1
      },
      "sentiment": {
        "magnitude": 0.3,
        "score": 0.3
      }
    }
  ],
  "tokens": [],
  "entities": [
    {
      "name": "Fei Fei",
      "type": "PERSON",
      "metadata": {},
      "salience": 0.42256507,
      "mentions": [
        {
          "text": {
            "content": "Fei Fei",
            "beginOffset": -1
          },
          "type": "PROPER"
        },
        {
          "text": {
            "content": "Fei Fei",
            "beginOffset": -1
          },
          "type": "PROPER"
        },
        {
          "text": {
            "content": "Fei Fei",
            "beginOffset": -1
          },
          "type": "PROPER"
        }
      ]
    },
    {
      "name": "place",
      "type": "LOCATION",
      "metadata": {},
      "salience": 0.1347952,
      "mentions": [
        {
          "text": {
            "content": "place",
            "beginOffset": -1
          },
          "type": "COMMON"
        }
      ]
    },
    {
      "name": "dog",
      "type": "OTHER",
      "metadata": {},
      "salience": 0.12871371,
      "mentions": [
        {
          "text": {
            "content": "dog",
            "beginOffset": -1
          },
          "type": "COMMON"
        }
      ]
    },
    {
      "name": "lady",
      "type": "PERSON",
      "metadata": {},
      "salience": 0.07870901,
      "mentions": [
        {
          "text": {
            "content": "lady",
            "beginOffset": -1
          },
          "type": "COMMON"
        }
      ]
    },
    {
      "name": "Ulu Langat",
      "type": "WORK_OF_ART",
      "metadata": {
        "mid": "/m/043kvy",
        "wikipedia_url": "https://en.wikipedia.org/wiki/Hulu_Langat_District"
      },
      "salience": 0.039743993,
      "mentions": [
        {
          "text": {
            "content": "Ulu Langat",
            "beginOffset": -1
          },
          "type": "PROPER"
        }
      ]
    },
    {
      "name": "dogs",
      "type": "OTHER",
      "metadata": {},
      "salience": 0.01915545,
      "mentions": [
        {
          "text": {
            "content": "dogs",
            "beginOffset": -1
          },
          "type": "COMMON"
        }
      ]
    },
    {
      "name": "dog",
      "type": "OTHER",
      "metadata": {},
      "salience": 0.01660461,
      "mentions": [
        {
          "text": {
            "content": "dog",
            "beginOffset": -1
          },
          "type": "COMMON"
        }
      ]
    },
    {
      "name": "shelter place",
      "type": "OTHER",
      "metadata": {},
      "salience": 0.0156687,
      "mentions": [
        {
          "text": {
            "content": "shelter place",
            "beginOffset": -1
          },
          "type": "COMMON"
        }
      ]
    },
    {
      "name": "owner",
      "type": "PERSON",
      "metadata": {},
      "salience": 0.015636783,
      "mentions": [
        {
          "text": {
            "content": "owner",
            "beginOffset": -1
          },
          "type": "COMMON"
        }
      ]
    },
    {
      "name": "place",
      "type": "OTHER",
      "metadata": {},
      "salience": 0.014122634,
      "mentions": [
        {
          "text": {
            "content": "place",
            "beginOffset": -1
          },
          "type": "COMMON"
        }
      ]
    },
    {
      "name": "human",
      "type": "PERSON",
      "metadata": {},
      "salience": 0.012999538,
      "mentions": [
        {
          "text": {
            "content": "human",
            "beginOffset": -1
          },
          "type": "COMMON"
        }
      ]
    },
    {
      "name": "space",
      "type": "OTHER",
      "metadata": {},
      "salience": 0.01286507,
      "mentions": [
        {
          "text": {
            "content": "space",
            "beginOffset": -1
          },
          "type": "COMMON"
        }
      ]
    },
    {
      "name": "human",
      "type": "PERSON",
      "metadata": {},
      "salience": 0.01284129,
      "mentions": [
        {
          "text": {
            "content": "human",
            "beginOffset": -1
          },
          "type": "COMMON"
        }
      ]
    },
    {
      "name": "foods",
      "type": "OTHER",
      "metadata": {},
      "salience": 0.011381517,
      "mentions": [
        {
          "text": {
            "content": "foods",
            "beginOffset": -1
          },
          "type": "COMMON"
        }
      ]
    },
    {
      "name": "passion fruits",
      "type": "OTHER",
      "metadata": {},
      "salience": 0.010023326,
      "mentions": [
        {
          "text": {
            "content": "passion fruits",
            "beginOffset": -1
          },
          "type": "COMMON"
        }
      ]
    },
    {
      "name": "sponsor",
      "type": "ORGANIZATION",
      "metadata": {},
      "salience": 0.007852974,
      "mentions": [
        {
          "text": {
            "content": "sponsor",
            "beginOffset": -1
          },
          "type": "COMMON"
        }
      ]
    },
    {
      "name": "dogs",
      "type": "OTHER",
      "metadata": {},
      "salience": 0.006260303,
      "mentions": [
        {
          "text": {
            "content": "dogs",
            "beginOffset": -1
          },
          "type": "COMMON"
        }
      ]
    },
    {
      "name": "women",
      "type": "PERSON",
      "metadata": {},
      "salience": 0.006260303,
      "mentions": [
        {
          "text": {
            "content": "women",
            "beginOffset": -1
          },
          "type": "COMMON"
        }
      ]
    },
    {
      "name": "Batu",
      "type": "LOCATION",
      "metadata": {},
      "salience": 0.0061882446,
      "mentions": [
        {
          "text": {
            "content": "Batu",
            "beginOffset": -1
          },
          "type": "PROPER"
        }
      ]
    },
    {
      "name": "donation",
      "type": "OTHER",
      "metadata": {},
      "salience": 0.005499765,
      "mentions": [
        {
          "text": {
            "content": "donation",
            "beginOffset": -1
          },
          "type": "COMMON"
        }
      ]
    },
    {
      "name": "burden",
      "type": "OTHER",
      "metadata": {},
      "salience": 0.005499765,
      "mentions": [
        {
          "text": {
            "content": "burden",
            "beginOffset": -1
          },
          "type": "COMMON"
        }
      ]
    },
    {
      "name": "RM-rm",
      "type": "OTHER",
      "metadata": {},
      "salience": 0.0052880305,
      "mentions": [
        {
          "text": {
            "content": "RM-rm",
            "beginOffset": -1
          },
          "type": "PROPER"
        }
      ]
    },
    {
      "name": "passion fruits",
      "type": "OTHER",
      "metadata": {},
      "salience": 0.003931677,
      "mentions": [
        {
          "text": {
            "content": "passion fruits",
            "beginOffset": -1
          },
          "type": "COMMON"
        }
      ]
    },
    {
      "name": "women",
      "type": "PERSON",
      "metadata": {},
      "salience": 0.003931677,
      "mentions": [
        {
          "text": {
            "content": "women",
            "beginOffset": -1
          },
          "type": "COMMON"
        }
      ]
    },
    {
      "name": "fish pond",
      "type": "LOCATION",
      "metadata": {},
      "salience": 0.0034613563,
      "mentions": [
        {
          "text": {
            "content": "fish pond",
            "beginOffset": -1
          },
          "type": "COMMON"
        }
      ]
    }
  ],
  "documentSentiment": {
    "magnitude": 4.4,
    "score": 0.6
  },
  "language": "en",
  "categories": []
}
