{
  "sentences": [
    {
      "text": {
        "content": "Brownie Boy is quite funny, Coffee Girl is the black beauty Four cute 3 months old puppies are looking for good homes, they are all healthy, dewormed &amp; vaccinated.",
        "beginOffset": -1
      },
      "sentiment": {
        "magnitude": 0.8,
        "score": 0.8
      }
    },
    {
      "text": {
        "content": "Subject to be neutered / spayed prior to adoption.",
        "beginOffset": -1
      },
      "sentiment": {
        "magnitude": 0,
        "score": 0
      }
    },
    {
      "text": {
        "content": "If you are patient with puppies and are able to give any one of these cuties a loving home.",
        "beginOffset": -1
      },
      "sentiment": {
        "magnitude": 0.9,
        "score": 0.9
      }
    },
    {
      "text": {
        "content": "Please contact: SANDY @",
        "beginOffset": -1
      },
      "sentiment": {
        "magnitude": 0,
        "score": 0
      }
    }
  ],
  "tokens": [],
  "entities": [
    {
      "name": "puppies",
      "type": "PERSON",
      "metadata": {},
      "salience": 0.3350569,
      "mentions": [
        {
          "text": {
            "content": "puppies",
            "beginOffset": -1
          },
          "type": "COMMON"
        }
      ]
    },
    {
      "name": "Brownie Boy",
      "type": "PERSON",
      "metadata": {},
      "salience": 0.17420752,
      "mentions": [
        {
          "text": {
            "content": "Brownie Boy",
            "beginOffset": -1
          },
          "type": "PROPER"
        }
      ]
    },
    {
      "name": "Coffee Girl",
      "type": "PERSON",
      "metadata": {},
      "salience": 0.17420752,
      "mentions": [
        {
          "text": {
            "content": "Coffee Girl",
            "beginOffset": -1
          },
          "type": "PROPER"
        }
      ]
    },
    {
      "name": "beauty",
      "type": "OTHER",
      "metadata": {},
      "salience": 0.12187564,
      "mentions": [
        {
          "text": {
            "content": "beauty",
            "beginOffset": -1
          },
          "type": "COMMON"
        }
      ]
    },
    {
      "name": "homes",
      "type": "LOCATION",
      "metadata": {},
      "salience": 0.07493798,
      "mentions": [
        {
          "text": {
            "content": "homes",
            "beginOffset": -1
          },
          "type": "COMMON"
        }
      ]
    },
    {
      "name": "adoption",
      "type": "OTHER",
      "metadata": {},
      "salience": 0.029974988,
      "mentions": [
        {
          "text": {
            "content": "adoption",
            "beginOffset": -1
          },
          "type": "COMMON"
        }
      ]
    },
    {
      "name": "one",
      "type": "PERSON",
      "metadata": {},
      "salience": 0.022827001,
      "mentions": [
        {
          "text": {
            "content": "one",
            "beginOffset": -1
          },
          "type": "COMMON"
        }
      ]
    },
    {
      "name": "cuties",
      "type": "OTHER",
      "metadata": {},
      "salience": 0.02255065,
      "mentions": [
        {
          "text": {
            "content": "cuties",
            "beginOffset": -1
          },
          "type": "COMMON"
        }
      ]
    },
    {
      "name": "home",
      "type": "LOCATION",
      "metadata": {},
      "salience": 0.013760142,
      "mentions": [
        {
          "text": {
            "content": "home",
            "beginOffset": -1
          },
          "type": "COMMON"
        }
      ]
    },
    {
      "name": "puppies",
      "type": "OTHER",
      "metadata": {},
      "salience": 0.011312428,
      "mentions": [
        {
          "text": {
            "content": "puppies",
            "beginOffset": -1
          },
          "type": "COMMON"
        }
      ]
    },
    {
      "name": "patient",
      "type": "PERSON",
      "metadata": {},
      "salience": 0.009941555,
      "mentions": [
        {
          "text": {
            "content": "patient",
            "beginOffset": -1
          },
          "type": "COMMON"
        }
      ]
    },
    {
      "name": "SANDY @",
      "type": "OTHER",
      "metadata": {},
      "salience": 0.009347659,
      "mentions": [
        {
          "text": {
            "content": "SANDY @",
            "beginOffset": -1
          },
          "type": "PROPER"
        }
      ]
    }
  ],
  "documentSentiment": {
    "magnitude": 1.8,
    "score": 0.4
  },
  "language": "en",
  "categories": []
}
