{
  "sentences": [
    {
      "text": {
        "content": "Playful and and sometimes lazy, likes play with feathers and leaves.",
        "beginOffset": -1
      },
      "sentiment": {
        "magnitude": 0.6,
        "score": 0.6
      }
    }
  ],
  "tokens": [],
  "entities": [
    {
      "name": "likes",
      "type": "OTHER",
      "metadata": {},
      "salience": 0.47920343,
      "mentions": [
        {
          "text": {
            "content": "likes",
            "beginOffset": -1
          },
          "type": "COMMON"
        }
      ]
    },
    {
      "name": "leaves",
      "type": "OTHER",
      "metadata": {},
      "salience": 0.35618293,
      "mentions": [
        {
          "text": {
            "content": "leaves",
            "beginOffset": -1
          },
          "type": "COMMON"
        }
      ]
    },
    {
      "name": "feathers",
      "type": "OTHER",
      "metadata": {},
      "salience": 0.16461365,
      "mentions": [
        {
          "text": {
            "content": "feathers",
            "beginOffset": -1
          },
          "type": "COMMON"
        }
      ]
    }
  ],
  "documentSentiment": {
    "magnitude": 0.6,
    "score": 0.6
  },
  "language": "en",
  "categories": []
}
