{
  "sentences": [
    {
      "text": {
        "content": "Hello, Attention to all adopter / cat lovers / life saviors out there!",
        "beginOffset": -1
      },
      "sentiment": {
        "magnitude": 0.9,
        "score": 0.9
      }
    },
    {
      "text": {
        "content": "Urgent adopter needed to take care of their welfare.",
        "beginOffset": -1
      },
      "sentiment": {
        "magnitude": 0.6,
        "score": 0.6
      }
    },
    {
      "text": {
        "content": "Please contact me ASAP if you are interested to take him.",
        "beginOffset": -1
      },
      "sentiment": {
        "magnitude": 0.3,
        "score": -0.3
      }
    },
    {
      "text": {
        "content": "naoura - location - kuantan",
        "beginOffset": -1
      },
      "sentiment": {
        "magnitude": 0.1,
        "score": 0.1
      }
    }
  ],
  "tokens": [],
  "entities": [
    {
      "name": "Attention",
      "type": "OTHER",
      "metadata": {},
      "salience": 0.39127344,
      "mentions": [
        {
          "text": {
            "content": "Attention",
            "beginOffset": -1
          },
          "type": "COMMON"
        }
      ]
    },
    {
      "name": "lovers",
      "type": "PERSON",
      "metadata": {},
      "salience": 0.16133764,
      "mentions": [
        {
          "text": {
            "content": "lovers",
            "beginOffset": -1
          },
          "type": "COMMON"
        }
      ]
    },
    {
      "name": "cat",
      "type": "OTHER",
      "metadata": {},
      "salience": 0.16133764,
      "mentions": [
        {
          "text": {
            "content": "cat",
            "beginOffset": -1
          },
          "type": "COMMON"
        }
      ]
    },
    {
      "name": "life saviors",
      "type": "PERSON",
      "metadata": {},
      "salience": 0.11077713,
      "mentions": [
        {
          "text": {
            "content": "life saviors",
            "beginOffset": -1
          },
          "type": "COMMON"
        }
      ]
    },
    {
      "name": "care",
      "type": "OTHER",
      "metadata": {},
      "salience": 0.06261873,
      "mentions": [
        {
          "text": {
            "content": "care",
            "beginOffset": -1
          },
          "type": "COMMON"
        }
      ]
    },
    {
      "name": "adopter",
      "type": "PERSON",
      "metadata": {},
      "salience": 0.06227405,
      "mentions": [
        {
          "text": {
            "content": "adopter",
            "beginOffset": -1
          },
          "type": "COMMON"
        }
      ]
    },
    {
      "name": "welfare",
      "type": "OTHER",
      "metadata": {},
      "salience": 0.05038135,
      "mentions": [
        {
          "text": {
            "content": "welfare",
            "beginOffset": -1
          },
          "type": "COMMON"
        }
      ]
    }
  ],
  "documentSentiment": {
    "magnitude": 2,
    "score": 0.3
  },
  "language": "en",
  "categories": []
}
