{
  "sentences": [
    {
      "text": {
        "content": "Lovely cutties... their mother gave birth to them near the staircase in a commercial area in Puchong.",
        "beginOffset": -1
      },
      "sentiment": {
        "magnitude": 0.8,
        "score": 0.8
      }
    },
    {
      "text": {
        "content": "The puppies are healthy and so adorable.",
        "beginOffset": -1
      },
      "sentiment": {
        "magnitude": 0.9,
        "score": 0.9
      }
    },
    {
      "text": {
        "content": "Theses babies are looking for some kind souls to adopt them.",
        "beginOffset": -1
      },
      "sentiment": {
        "magnitude": 0.4,
        "score": 0.4
      }
    },
    {
      "text": {
        "content": "Thanks so much and GOD bless.",
        "beginOffset": -1
      },
      "sentiment": {
        "magnitude": 0.9,
        "score": 0.9
      }
    },
    {
      "text": {
        "content": "The brown and white one has been adopted...",
        "beginOffset": -1
      },
      "sentiment": {
        "magnitude": 0,
        "score": 0
      }
    },
    {
      "text": {
        "content": "thanks so much",
        "beginOffset": -1
      },
      "sentiment": {
        "magnitude": 0.4,
        "score": 0.4
      }
    }
  ],
  "tokens": [],
  "entities": [
    {
      "name": "cutties",
      "type": "OTHER",
      "metadata": {},
      "salience": 0.49860647,
      "mentions": [
        {
          "text": {
            "content": "cutties",
            "beginOffset": -1
          },
          "type": "COMMON"
        }
      ]
    },
    {
      "name": "mother",
      "type": "PERSON",
      "metadata": {},
      "salience": 0.13668695,
      "mentions": [
        {
          "text": {
            "content": "mother",
            "beginOffset": -1
          },
          "type": "COMMON"
        }
      ]
    },
    {
      "name": "birth",
      "type": "OTHER",
      "metadata": {},
      "salience": 0.13668695,
      "mentions": [
        {
          "text": {
            "content": "birth",
            "beginOffset": -1
          },
          "type": "COMMON"
        }
      ]
    },
    {
      "name": "staircase",
      "type": "LOCATION",
      "metadata": {},
      "salience": 0.054991674,
      "mentions": [
        {
          "text": {
            "content": "staircase",
            "beginOffset": -1
          },
          "type": "COMMON"
        }
      ]
    },
    {
      "name": "area",
      "type": "LOCATION",
      "metadata": {},
      "salience": 0.037557494,
      "mentions": [
        {
          "text": {
            "content": "area",
            "beginOffset": -1
          },
          "type": "COMMON"
        }
      ]
    },
    {
      "name": "souls",
      "type": "PERSON",
      "metadata": {},
      "salience": 0.033345483,
      "mentions": [
        {
          "text": {
            "content": "souls",
            "beginOffset": -1
          },
          "type": "COMMON"
        }
      ]
    },
    {
      "name": "Puchong",
      "type": "LOCATION",
      "metadata": {
        "mid": "/m/0cxff7",
        "wikipedia_url": "https://en.wikipedia.org/wiki/Puchong"
      },
      "salience": 0.022431595,
      "mentions": [
        {
          "text": {
            "content": "Puchong",
            "beginOffset": -1
          },
          "type": "PROPER"
        }
      ]
    },
    {
      "name": "babies",
      "type": "PERSON",
      "metadata": {},
      "salience": 0.017949004,
      "mentions": [
        {
          "text": {
            "content": "babies",
            "beginOffset": -1
          },
          "type": "COMMON"
        }
      ]
    },
    {
      "name": "puppies",
      "type": "OTHER",
      "metadata": {},
      "salience": 0.017819699,
      "mentions": [
        {
          "text": {
            "content": "puppies",
            "beginOffset": -1
          },
          "type": "COMMON"
        }
      ]
    },
    {
      "name": "one",
      "type": "OTHER",
      "metadata": {},
      "salience": 0.012681412,
      "mentions": [
        {
          "text": {
            "content": "one",
            "beginOffset": -1
          },
          "type": "COMMON"
        }
      ]
    },
    {
      "name": "brown",
      "type": "OTHER",
      "metadata": {},
      "salience": 0.012681412,
      "mentions": [
        {
          "text": {
            "content": "brown",
            "beginOffset": -1
          },
          "type": "COMMON"
        }
      ]
    },
    {
      "name": "much",
      "type": "OTHER",
      "metadata": {},
      "salience": 0.008876469,
      "mentions": [
        {
          "text": {
            "content": "much",
            "beginOffset": -1
          },
          "type": "COMMON"
        }
      ]
    },
    {
      "name": "Thanks",
      "type": "OTHER",
      "metadata": {},
      "salience": 0.00637234,
      "mentions": [
        {
          "text": {
            "content": "Thanks",
            "beginOffset": -1
          },
          "type": "COMMON"
        }
      ]
    },
    {
      "name": "GOD",
      "type": "PERSON",
      "metadata": {
        "mid": "/m/0d05l6",
        "wikipedia_url": "https://en.wikipedia.org/wiki/God"
      },
      "salience": 0.0033130324,
      "mentions": [
        {
          "text": {
            "content": "GOD",
            "beginOffset": -1
          },
          "type": "PROPER"
        }
      ]
    }
  ],
  "documentSentiment": {
    "magnitude": 3.8,
    "score": 0.6
  },
  "language": "en",
  "categories": []
}
