{
  "sentences": [
    {
      "text": {
        "content": "Faith is a very gentle dog.",
        "beginOffset": -1
      },
      "sentiment": {
        "magnitude": 0.9,
        "score": 0.9
      }
    },
    {
      "text": {
        "content": "She loves to play rubber ball and she knows how to fetch it.",
        "beginOffset": -1
      },
      "sentiment": {
        "magnitude": 0.8,
        "score": 0.8
      }
    }
  ],
  "tokens": [],
  "entities": [
    {
      "name": "Faith",
      "type": "OTHER",
      "metadata": {
        "wikipedia_url": "https://en.wikipedia.org/wiki/Faith",
        "mid": "/m/02zq2"
      },
      "salience": 0.97047555,
      "mentions": [
        {
          "text": {
            "content": "Faith",
            "beginOffset": -1
          },
          "type": "PROPER"
        },
        {
          "text": {
            "content": "dog",
            "beginOffset": -1
          },
          "type": "COMMON"
        }
      ]
    },
    {
      "name": "rubber ball",
      "type": "OTHER",
      "metadata": {},
      "salience": 0.029524466,
      "mentions": [
        {
          "text": {
            "content": "rubber ball",
            "beginOffset": -1
          },
          "type": "COMMON"
        }
      ]
    }
  ],
  "documentSentiment": {
    "magnitude": 1.7,
    "score": 0.8
  },
  "language": "en",
  "categories": []
}
