{
  "sentences": [
    {
      "text": {
        "content": "the brown - white one i called angah...this little boy was rescued by my sister at melaka..he was found having swollen hand and having a lot of injury..already take care of him around 2 month now..n he is now in a great shape...playfull and manja..",
        "beginOffset": -1
      },
      "sentiment": {
        "magnitude": 0.9,
        "score": 0.9
      }
    }
  ],
  "tokens": [],
  "entities": [
    {
      "name": "boy",
      "type": "PERSON",
      "metadata": {},
      "salience": 0.5622498,
      "mentions": [
        {
          "text": {
            "content": "boy",
            "beginOffset": -1
          },
          "type": "COMMON"
        }
      ]
    },
    {
      "name": "one",
      "type": "OTHER",
      "metadata": {},
      "salience": 0.18452875,
      "mentions": [
        {
          "text": {
            "content": "one",
            "beginOffset": -1
          },
          "type": "COMMON"
        }
      ]
    },
    {
      "name": "care",
      "type": "OTHER",
      "metadata": {},
      "salience": 0.038278893,
      "mentions": [
        {
          "text": {
            "content": "care",
            "beginOffset": -1
          },
          "type": "COMMON"
        }
      ]
    },
    {
      "name": "hand",
      "type": "OTHER",
      "metadata": {},
      "salience": 0.036491618,
      "mentions": [
        {
          "text": {
            "content": "hand",
            "beginOffset": -1
          },
          "type": "COMMON"
        }
      ]
    },
    {
      "name": "sister",
      "type": "PERSON",
      "metadata": {},
      "salience": 0.036057606,
      "mentions": [
        {
          "text": {
            "content": "sister",
            "beginOffset": -1
          },
          "type": "COMMON"
        }
      ]
    },
    {
      "name": "lot",
      "type": "OTHER",
      "metadata": {},
      "salience": 0.033556905,
      "mentions": [
        {
          "text": {
            "content": "lot",
            "beginOffset": -1
          },
          "type": "COMMON"
        }
      ]
    },
    {
      "name": "injury",
      "type": "OTHER",
      "metadata": {},
      "salience": 0.033556905,
      "mentions": [
        {
          "text": {
            "content": "injury",
            "beginOffset": -1
          },
          "type": "COMMON"
        }
      ]
    },
    {
      "name": "melaka",
      "type": "LOCATION",
      "metadata": {
        "mid": "/m/05fsj1",
        "wikipedia_url": "https://en.wikipedia.org/wiki/Malacca_City"
      },
      "salience": 0.021550968,
      "mentions": [
        {
          "text": {
            "content": "melaka",
            "beginOffset": -1
          },
          "type": "PROPER"
        }
      ]
    },
    {
      "name": "shape",
      "type": "OTHER",
      "metadata": {},
      "salience": 0.01790952,
      "mentions": [
        {
          "text": {
            "content": "shape",
            "beginOffset": -1
          },
          "type": "COMMON"
        }
      ]
    },
    {
      "name": "playfull",
      "type": "OTHER",
      "metadata": {},
      "salience": 0.01790952,
      "mentions": [
        {
          "text": {
            "content": "playfull",
            "beginOffset": -1
          },
          "type": "COMMON"
        }
      ]
    },
    {
      "name": "manja",
      "type": "OTHER",
      "metadata": {},
      "salience": 0.01790952,
      "mentions": [
        {
          "text": {
            "content": "manja",
            "beginOffset": -1
          },
          "type": "COMMON"
        }
      ]
    }
  ],
  "documentSentiment": {
    "magnitude": 0.9,
    "score": 0.9
  },
  "language": "en",
  "categories": []
}
