{
  "sentences": [
    {
      "text": {
        "content": "Blue Eyed Beauty was in healthy condition when feeders helped me to cage her.",
        "beginOffset": -1
      },
      "sentiment": {
        "magnitude": 0.9,
        "score": 0.9
      }
    },
    {
      "text": {
        "content": "On 10 May , she gave birth.",
        "beginOffset": -1
      },
      "sentiment": {
        "magnitude": 0,
        "score": 0
      }
    },
    {
      "text": {
        "content": "Herself + her / other blue-eyed kitty for ADOPTION.",
        "beginOffset": -1
      },
      "sentiment": {
        "magnitude": 0,
        "score": 0
      }
    },
    {
      "text": {
        "content": "Blue Eyed Beauty has undergone : 1.",
        "beginOffset": -1
      },
      "sentiment": {
        "magnitude": 0.3,
        "score": 0.3
      }
    },
    {
      "text": {
        "content": "Spot-on anti-flea treatment 2x 2.",
        "beginOffset": -1
      },
      "sentiment": {
        "magnitude": 0.3,
        "score": 0.3
      }
    },
    {
      "text": {
        "content": "De-wormed 1st time on 15Jul'15 3.",
        "beginOffset": -1
      },
      "sentiment": {
        "magnitude": 0,
        "score": 0
      }
    },
    {
      "text": {
        "content": "Vaccinated 1x 11Jul'15 4.",
        "beginOffset": -1
      },
      "sentiment": {
        "magnitude": 0,
        "score": 0
      }
    },
    {
      "text": {
        "content": "Nail Clip on 19 Jul 15 5.",
        "beginOffset": -1
      },
      "sentiment": {
        "magnitude": 0,
        "score": 0
      }
    },
    {
      "text": {
        "content": "Ear Clean on 19 Jul 15 6.",
        "beginOffset": -1
      },
      "sentiment": {
        "magnitude": 0.4,
        "score": 0.4
      }
    },
    {
      "text": {
        "content": "Grooming on ~20 Jul 15 7.",
        "beginOffset": -1
      },
      "sentiment": {
        "magnitude": 0,
        "score": 0
      }
    },
    {
      "text": {
        "content": "To be neutered xx Refer to Pets + Strays : other blue-eyed / other kittens.",
        "beginOffset": -1
      },
      "sentiment": {
        "magnitude": 0.2,
        "score": 0.2
      }
    },
    {
      "text": {
        "content": "Adopter MUST commit to neutering her : * 1 week AFTER nursing or * 2 months + 1 week AFTER nursing i.e. 1 week AFTER 2nd vaccination.",
        "beginOffset": -1
      },
      "sentiment": {
        "magnitude": 0.1,
        "score": -0.1
      }
    },
    {
      "text": {
        "content": "RM 30 is MINIMUM adoption fee to qualify for a FREE gift.",
        "beginOffset": -1
      },
      "sentiment": {
        "magnitude": 0,
        "score": 0
      }
    },
    {
      "text": {
        "content": "Contribute FULLY to her medical costs of RM 80 + nail clip RM 12 + ear clean RM 12+groom RM 8 for GIFT UPGRADE.",
        "beginOffset": -1
      },
      "sentiment": {
        "magnitude": 0.2,
        "score": 0.2
      }
    },
    {
      "text": {
        "content": "Even better if can contribute to her boarding costs of RM 56 for FREE Starter Kit.",
        "beginOffset": -1
      },
      "sentiment": {
        "magnitude": 0.3,
        "score": 0.3
      }
    },
    {
      "text": {
        "content": "Adopt together with her baby cat for SUPER / BONUS FREE gift(s).",
        "beginOffset": -1
      },
      "sentiment": {
        "magnitude": 0.9,
        "score": 0.9
      }
    },
    {
      "text": {
        "content": "ALTERNATELY, sign up contract with Pets + Strays to buy supplies from them.",
        "beginOffset": -1
      },
      "sentiment": {
        "magnitude": 0,
        "score": 0
      }
    },
    {
      "text": {
        "content": "Comes with FREE gifts, whilst stocks last.",
        "beginOffset": -1
      },
      "sentiment": {
        "magnitude": 0.8,
        "score": 0.8
      }
    },
    {
      "text": {
        "content": "Like &amp; regularly check Pets + Strays for : * Products &amp; Services Review / Endorsement * Whatsapp your contact details incl.",
        "beginOffset": -1
      },
      "sentiment": {
        "magnitude": 0.7,
        "score": 0.7
      }
    },
    {
      "text": {
        "content": "email address &amp; FB Linkup * Suggestions / Ideas for strays' / deployment etc * LATEST updates",
        "beginOffset": -1
      },
      "sentiment": {
        "magnitude": 0.7,
        "score": 0.7
      }
    }
  ],
  "tokens": [],
  "entities": [
    {
      "name": "Adopter",
      "type": "PERSON",
      "metadata": {},
      "salience": 0.26642692,
      "mentions": [
        {
          "text": {
            "content": "Adopter",
            "beginOffset": -1
          },
          "type": "COMMON"
        }
      ]
    },
    {
      "name": "feeders",
      "type": "OTHER",
      "metadata": {},
      "salience": 0.122312345,
      "mentions": [
        {
          "text": {
            "content": "feeders",
            "beginOffset": -1
          },
          "type": "COMMON"
        }
      ]
    },
    {
      "name": "condition",
      "type": "OTHER",
      "metadata": {},
      "salience": 0.073408596,
      "mentions": [
        {
          "text": {
            "content": "condition",
            "beginOffset": -1
          },
          "type": "COMMON"
        }
      ]
    },
    {
      "name": "cage",
      "type": "OTHER",
      "metadata": {},
      "salience": 0.073408596,
      "mentions": [
        {
          "text": {
            "content": "cage",
            "beginOffset": -1
          },
          "type": "COMMON"
        }
      ]
    },
    {
      "name": "Blue Eyed Beauty",
      "type": "WORK_OF_ART",
      "metadata": {},
      "salience": 0.05098024,
      "mentions": [
        {
          "text": {
            "content": "Blue Eyed Beauty",
            "beginOffset": -1
          },
          "type": "PROPER"
        },
        {
          "text": {
            "content": "Blue Eyed Beauty",
            "beginOffset": -1
          },
          "type": "PROPER"
        }
      ]
    },
    {
      "name": "ADOPTION",
      "type": "OTHER",
      "metadata": {},
      "salience": 0.044211756,
      "mentions": [
        {
          "text": {
            "content": "ADOPTION",
            "beginOffset": -1
          },
          "type": "COMMON"
        }
      ]
    },
    {
      "name": "RM 30",
      "type": "OTHER",
      "metadata": {},
      "salience": 0.04414068,
      "mentions": [
        {
          "text": {
            "content": "RM 30",
            "beginOffset": -1
          },
          "type": "PROPER"
        },
        {
          "text": {
            "content": "adoption fee",
            "beginOffset": -1
          },
          "type": "COMMON"
        }
      ]
    },
    {
      "name": "kitty",
      "type": "OTHER",
      "metadata": {},
      "salience": 0.040379517,
      "mentions": [
        {
          "text": {
            "content": "kitty",
            "beginOffset": -1
          },
          "type": "COMMON"
        }
      ]
    },
    {
      "name": "birth",
      "type": "OTHER",
      "metadata": {},
      "salience": 0.03570344,
      "mentions": [
        {
          "text": {
            "content": "birth",
            "beginOffset": -1
          },
          "type": "COMMON"
        }
      ]
    },
    {
      "name": "Pets",
      "type": "PERSON",
      "metadata": {},
      "salience": 0.019903619,
      "mentions": [
        {
          "text": {
            "content": "Pets",
            "beginOffset": -1
          },
          "type": "COMMON"
        }
      ]
    },
    {
      "name": "treatment",
      "type": "OTHER",
      "metadata": {},
      "salience": 0.013454268,
      "mentions": [
        {
          "text": {
            "content": "treatment",
            "beginOffset": -1
          },
          "type": "COMMON"
        }
      ]
    },
    {
      "name": "Strays",
      "type": "OTHER",
      "metadata": {},
      "salience": 0.011226123,
      "mentions": [
        {
          "text": {
            "content": "Strays",
            "beginOffset": -1
          },
          "type": "COMMON"
        }
      ]
    },
    {
      "name": "Pets",
      "type": "PERSON",
      "metadata": {},
      "salience": 0.011226123,
      "mentions": [
        {
          "text": {
            "content": "Pets",
            "beginOffset": -1
          },
          "type": "COMMON"
        }
      ]
    },
    {
      "name": "gift",
      "type": "OTHER",
      "metadata": {},
      "salience": 0.0111759305,
      "mentions": [
        {
          "text": {
            "content": "gift",
            "beginOffset": -1
          },
          "type": "COMMON"
        }
      ]
    },
    {
      "name": "kittens",
      "type": "PERSON",
      "metadata": {},
      "salience": 0.010368271,
      "mentions": [
        {
          "text": {
            "content": "kittens",
            "beginOffset": -1
          },
          "type": "COMMON"
        }
      ]
    },
    {
      "name": "nursing",
      "type": "OTHER",
      "metadata": {},
      "salience": 0.010357207,
      "mentions": [
        {
          "text": {
            "content": "nursing",
            "beginOffset": -1
          },
          "type": "COMMON"
        }
      ]
    },
    {
      "name": "ear",
      "type": "OTHER",
      "metadata": {},
      "salience": 0.009486659,
      "mentions": [
        {
          "text": {
            "content": "ear",
            "beginOffset": -1
          },
          "type": "COMMON"
        }
      ]
    },
    {
      "name": "costs",
      "type": "OTHER",
      "metadata": {},
      "salience": 0.009486659,
      "mentions": [
        {
          "text": {
            "content": "costs",
            "beginOffset": -1
          },
          "type": "COMMON"
        }
      ]
    },
    {
      "name": "vaccination",
      "type": "OTHER",
      "metadata": {},
      "salience": 0.00910023,
      "mentions": [
        {
          "text": {
            "content": "vaccination",
            "beginOffset": -1
          },
          "type": "COMMON"
        }
      ]
    },
    {
      "name": "Nail Clip",
      "type": "WORK_OF_ART",
      "metadata": {},
      "salience": 0.009012486,
      "mentions": [
        {
          "text": {
            "content": "Nail Clip",
            "beginOffset": -1
          },
          "type": "PROPER"
        }
      ]
    },
    {
      "name": "gifts",
      "type": "OTHER",
      "metadata": {},
      "salience": 0.008393776,
      "mentions": [
        {
          "text": {
            "content": "gifts",
            "beginOffset": -1
          },
          "type": "COMMON"
        }
      ]
    },
    {
      "name": "Spot",
      "type": "OTHER",
      "metadata": {},
      "salience": 0.007964057,
      "mentions": [
        {
          "text": {
            "content": "Spot",
            "beginOffset": -1
          },
          "type": "PROPER"
        }
      ]
    },
    {
      "name": "Pets",
      "type": "PERSON",
      "metadata": {},
      "salience": 0.007811354,
      "mentions": [
        {
          "text": {
            "content": "Pets",
            "beginOffset": -1
          },
          "type": "COMMON"
        }
      ]
    },
    {
      "name": "RM 8",
      "type": "CONSUMER_GOOD",
      "metadata": {},
      "salience": 0.0073567666,
      "mentions": [
        {
          "text": {
            "content": "RM 8",
            "beginOffset": -1
          },
          "type": "PROPER"
        }
      ]
    },
    {
      "name": "contract",
      "type": "OTHER",
      "metadata": {},
      "salience": 0.0071353973,
      "mentions": [
        {
          "text": {
            "content": "contract",
            "beginOffset": -1
          },
          "type": "COMMON"
        }
      ]
    },
    {
      "name": "supplies",
      "type": "CONSUMER_GOOD",
      "metadata": {},
      "salience": 0.006915997,
      "mentions": [
        {
          "text": {
            "content": "supplies",
            "beginOffset": -1
          },
          "type": "COMMON"
        }
      ]
    },
    {
      "name": "RM",
      "type": "LOCATION",
      "metadata": {},
      "salience": 0.0064976797,
      "mentions": [
        {
          "text": {
            "content": "RM",
            "beginOffset": -1
          },
          "type": "PROPER"
        },
        {
          "text": {
            "content": "RM",
            "beginOffset": -1
          },
          "type": "PROPER"
        }
      ]
    },
    {
      "name": "stocks",
      "type": "OTHER",
      "metadata": {},
      "salience": 0.0062640985,
      "mentions": [
        {
          "text": {
            "content": "stocks",
            "beginOffset": -1
          },
          "type": "COMMON"
        }
      ]
    },
    {
      "name": "Ear Clean",
      "type": "CONSUMER_GOOD",
      "metadata": {},
      "salience": 0.005336192,
      "mentions": [
        {
          "text": {
            "content": "Ear Clean",
            "beginOffset": -1
          },
          "type": "PROPER"
        }
      ]
    },
    {
      "name": "contact details",
      "type": "OTHER",
      "metadata": {},
      "salience": 0.0050794785,
      "mentions": [
        {
          "text": {
            "content": "contact details",
            "beginOffset": -1
          },
          "type": "COMMON"
        }
      ]
    },
    {
      "name": "Endorsement",
      "type": "OTHER",
      "metadata": {},
      "salience": 0.004382655,
      "mentions": [
        {
          "text": {
            "content": "Endorsement",
            "beginOffset": -1
          },
          "type": "COMMON"
        }
      ]
    },
    {
      "name": "Services Review",
      "type": "OTHER",
      "metadata": {},
      "salience": 0.004382655,
      "mentions": [
        {
          "text": {
            "content": "Services Review",
            "beginOffset": -1
          },
          "type": "COMMON"
        }
      ]
    },
    {
      "name": "Products",
      "type": "CONSUMER_GOOD",
      "metadata": {},
      "salience": 0.004382655,
      "mentions": [
        {
          "text": {
            "content": "Products",
            "beginOffset": -1
          },
          "type": "COMMON"
        }
      ]
    },
    {
      "name": "Suggestions",
      "type": "OTHER",
      "metadata": {},
      "salience": 0.0043798913,
      "mentions": [
        {
          "text": {
            "content": "Suggestions",
            "beginOffset": -1
          },
          "type": "COMMON"
        }
      ]
    },
    {
      "name": "email address",
      "type": "OTHER",
      "metadata": {},
      "salience": 0.0043798913,
      "mentions": [
        {
          "text": {
            "content": "email address",
            "beginOffset": -1
          },
          "type": "COMMON"
        }
      ]
    },
    {
      "name": "Ideas",
      "type": "OTHER",
      "metadata": {},
      "salience": 0.0043798913,
      "mentions": [
        {
          "text": {
            "content": "Ideas",
            "beginOffset": -1
          },
          "type": "COMMON"
        }
      ]
    },
    {
      "name": "deployment",
      "type": "EVENT",
      "metadata": {},
      "salience": 0.0043798913,
      "mentions": [
        {
          "text": {
            "content": "deployment",
            "beginOffset": -1
          },
          "type": "COMMON"
        }
      ]
    },
    {
      "name": "updates",
      "type": "OTHER",
      "metadata": {},
      "salience": 0.0043798913,
      "mentions": [
        {
          "text": {
            "content": "updates",
            "beginOffset": -1
          },
          "type": "COMMON"
        }
      ]
    },
    {
      "name": "gift(s)",
      "type": "OTHER",
      "metadata": {},
      "salience": 0.0036891892,
      "mentions": [
        {
          "text": {
            "content": "gift(s)",
            "beginOffset": -1
          },
          "type": "COMMON"
        }
      ]
    },
    {
      "name": "boarding costs",
      "type": "OTHER",
      "metadata": {},
      "salience": 0.0031355617,
      "mentions": [
        {
          "text": {
            "content": "boarding costs",
            "beginOffset": -1
          },
          "type": "COMMON"
        }
      ]
    },
    {
      "name": "GIFT UPGRADE",
      "type": "OTHER",
      "metadata": {},
      "salience": 0.0027564478,
      "mentions": [
        {
          "text": {
            "content": "GIFT UPGRADE",
            "beginOffset": -1
          },
          "type": "COMMON"
        }
      ]
    },
    {
      "name": "Starter Kit",
      "type": "CONSUMER_GOOD",
      "metadata": {},
      "salience": 0.0027541087,
      "mentions": [
        {
          "text": {
            "content": "Starter Kit",
            "beginOffset": -1
          },
          "type": "COMMON"
        }
      ]
    },
    {
      "name": "SUPER",
      "type": "PERSON",
      "metadata": {},
      "salience": 0.0027519222,
      "mentions": [
        {
          "text": {
            "content": "SUPER",
            "beginOffset": -1
          },
          "type": "COMMON"
        }
      ]
    },
    {
      "name": "baby cat",
      "type": "OTHER",
      "metadata": {},
      "salience": 0.0027519222,
      "mentions": [
        {
          "text": {
            "content": "baby cat",
            "beginOffset": -1
          },
          "type": "COMMON"
        }
      ]
    },
    {
      "name": "FB Linkup",
      "type": "OTHER",
      "metadata": {},
      "salience": 0.0025889804,
      "mentions": [
        {
          "text": {
            "content": "FB Linkup",
            "beginOffset": -1
          },
          "type": "PROPER"
        }
      ]
    }
  ],
  "documentSentiment": {
    "magnitude": 6.6,
    "score": 0.3
  },
  "language": "en",
  "categories": []
}
