{
  "sentences": [
    {
      "text": {
        "content": "Jem Jem and Ton Ton are siblings.",
        "beginOffset": -1
      },
      "sentiment": {
        "magnitude": 0,
        "score": 0
      }
    },
    {
      "text": {
        "content": "Jem Jem is a male kitten with cream color, and Ton Ton is female.",
        "beginOffset": -1
      },
      "sentiment": {
        "magnitude": 0.3,
        "score": -0.3
      }
    },
    {
      "text": {
        "content": "Both very active.",
        "beginOffset": -1
      },
      "sentiment": {
        "magnitude": 0.6,
        "score": 0.6
      }
    },
    {
      "text": {
        "content": "Please call if your are interested to adopt (with fees).",
        "beginOffset": -1
      },
      "sentiment": {
        "magnitude": 0,
        "score": 0
      }
    },
    {
      "text": {
        "content": "Area Klang, Selangor.",
        "beginOffset": -1
      },
      "sentiment": {
        "magnitude": 0.2,
        "score": 0.2
      }
    }
  ],
  "tokens": [],
  "entities": [
    {
      "name": "Jem Jem",
      "type": "ORGANIZATION",
      "metadata": {
        "wikipedia_url": "https://en.wikipedia.org/wiki/JemJem",
        "mid": "/g/11fz9d2w8k"
      },
      "salience": 0.4024026,
      "mentions": [
        {
          "text": {
            "content": "Jem Jem",
            "beginOffset": -1
          },
          "type": "PROPER"
        },
        {
          "text": {
            "content": "Jem Jem",
            "beginOffset": -1
          },
          "type": "PROPER"
        }
      ]
    },
    {
      "name": "Ton Ton",
      "type": "OTHER",
      "metadata": {},
      "salience": 0.25207278,
      "mentions": [
        {
          "text": {
            "content": "Ton Ton",
            "beginOffset": -1
          },
          "type": "PROPER"
        },
        {
          "text": {
            "content": "Ton Ton",
            "beginOffset": -1
          },
          "type": "PROPER"
        }
      ]
    },
    {
      "name": "siblings",
      "type": "PERSON",
      "metadata": {},
      "salience": 0.17614375,
      "mentions": [
        {
          "text": {
            "content": "siblings",
            "beginOffset": -1
          },
          "type": "COMMON"
        }
      ]
    },
    {
      "name": "kitten",
      "type": "PERSON",
      "metadata": {},
      "salience": 0.06069264,
      "mentions": [
        {
          "text": {
            "content": "kitten",
            "beginOffset": -1
          },
          "type": "COMMON"
        }
      ]
    },
    {
      "name": "cream color",
      "type": "OTHER",
      "metadata": {},
      "salience": 0.047708523,
      "mentions": [
        {
          "text": {
            "content": "cream color",
            "beginOffset": -1
          },
          "type": "COMMON"
        }
      ]
    },
    {
      "name": "fees",
      "type": "OTHER",
      "metadata": {},
      "salience": 0.033300716,
      "mentions": [
        {
          "text": {
            "content": "fees",
            "beginOffset": -1
          },
          "type": "COMMON"
        }
      ]
    },
    {
      "name": "Area Klang",
      "type": "ORGANIZATION",
      "metadata": {},
      "salience": 0.013839491,
      "mentions": [
        {
          "text": {
            "content": "Area Klang",
            "beginOffset": -1
          },
          "type": "PROPER"
        }
      ]
    },
    {
      "name": "Selangor",
      "type": "LOCATION",
      "metadata": {
        "mid": "/m/01jc9d",
        "wikipedia_url": "https://en.wikipedia.org/wiki/Selangor"
      },
      "salience": 0.013839491,
      "mentions": [
        {
          "text": {
            "content": "Selangor",
            "beginOffset": -1
          },
          "type": "PROPER"
        }
      ]
    }
  ],
  "documentSentiment": {
    "magnitude": 1.4,
    "score": 0
  },
  "language": "en",
  "categories": []
}
