{
  "sentences": [
    {
      "text": {
        "content": "Tofu is a sparky pup full of life and love.",
        "beginOffset": -1
      },
      "sentiment": {
        "magnitude": 0.9,
        "score": 0.9
      }
    },
    {
      "text": {
        "content": "She's cuddly and sweet, playful and smart and she's sure to win your heart!",
        "beginOffset": -1
      },
      "sentiment": {
        "magnitude": 0.9,
        "score": 0.9
      }
    },
    {
      "text": {
        "content": "Come visit this adorable pooch at our adoption centre soon!",
        "beginOffset": -1
      },
      "sentiment": {
        "magnitude": 0.8,
        "score": 0.8
      }
    },
    {
      "text": {
        "content": "We have over one hundred gorgeous rescued dogs available for adoption at our rehabilitation centre in Bandar Makhota Cheras.",
        "beginOffset": -1
      },
      "sentiment": {
        "magnitude": 0.9,
        "score": 0.9
      }
    },
    {
      "text": {
        "content": "We are looking for loving homes that can offer: *a clean environment with no cages or chains *regular exercise and affection *adequate nutrition and healthcare All adoptions require a house-check before being finalised.",
        "beginOffset": -1
      },
      "sentiment": {
        "magnitude": 0.7,
        "score": 0.7
      }
    },
    {
      "text": {
        "content": "www.klpoochresortandrescue.org",
        "beginOffset": -1
      },
      "sentiment": {
        "magnitude": 0,
        "score": 0
      }
    }
  ],
  "tokens": [],
  "entities": [
    {
      "name": "pup",
      "type": "PERSON",
      "metadata": {},
      "salience": 0.58010757,
      "mentions": [
        {
          "text": {
            "content": "pup",
            "beginOffset": -1
          },
          "type": "COMMON"
        }
      ]
    },
    {
      "name": "life",
      "type": "OTHER",
      "metadata": {},
      "salience": 0.08934703,
      "mentions": [
        {
          "text": {
            "content": "life",
            "beginOffset": -1
          },
          "type": "COMMON"
        }
      ]
    },
    {
      "name": "love",
      "type": "OTHER",
      "metadata": {},
      "salience": 0.08934703,
      "mentions": [
        {
          "text": {
            "content": "love",
            "beginOffset": -1
          },
          "type": "COMMON"
        }
      ]
    },
    {
      "name": "Tofu",
      "type": "CONSUMER_GOOD",
      "metadata": {
        "mid": "/m/07s28",
        "wikipedia_url": "https://en.wikipedia.org/wiki/Tofu"
      },
      "salience": 0.064497605,
      "mentions": [
        {
          "text": {
            "content": "Tofu",
            "beginOffset": -1
          },
          "type": "PROPER"
        }
      ]
    },
    {
      "name": "homes",
      "type": "LOCATION",
      "metadata": {},
      "salience": 0.015411794,
      "mentions": [
        {
          "text": {
            "content": "homes",
            "beginOffset": -1
          },
          "type": "COMMON"
        }
      ]
    },
    {
      "name": "adoption",
      "type": "OTHER",
      "metadata": {},
      "salience": 0.014332653,
      "mentions": [
        {
          "text": {
            "content": "adoption",
            "beginOffset": -1
          },
          "type": "COMMON"
        }
      ]
    },
    {
      "name": "adoption centre",
      "type": "LOCATION",
      "metadata": {},
      "salience": 0.01296771,
      "mentions": [
        {
          "text": {
            "content": "adoption centre",
            "beginOffset": -1
          },
          "type": "COMMON"
        }
      ]
    },
    {
      "name": "adoptions",
      "type": "OTHER",
      "metadata": {},
      "salience": 0.012962784,
      "mentions": [
        {
          "text": {
            "content": "adoptions",
            "beginOffset": -1
          },
          "type": "COMMON"
        }
      ]
    },
    {
      "name": "rehabilitation centre",
      "type": "LOCATION",
      "metadata": {},
      "salience": 0.012008263,
      "mentions": [
        {
          "text": {
            "content": "rehabilitation centre",
            "beginOffset": -1
          },
          "type": "COMMON"
        }
      ]
    },
    {
      "name": "heart",
      "type": "OTHER",
      "metadata": {},
      "salience": 0.01145607,
      "mentions": [
        {
          "text": {
            "content": "heart",
            "beginOffset": -1
          },
          "type": "COMMON"
        }
      ]
    },
    {
      "name": "pooch",
      "type": "OTHER",
      "metadata": {},
      "salience": 0.011399388,
      "mentions": [
        {
          "text": {
            "content": "pooch",
            "beginOffset": -1
          },
          "type": "COMMON"
        }
      ]
    },
    {
      "name": "visit",
      "type": "EVENT",
      "metadata": {},
      "salience": 0.011399388,
      "mentions": [
        {
          "text": {
            "content": "visit",
            "beginOffset": -1
          },
          "type": "COMMON"
        }
      ]
    },
    {
      "name": "dogs",
      "type": "OTHER",
      "metadata": {},
      "salience": 0.0113593405,
      "mentions": [
        {
          "text": {
            "content": "dogs",
            "beginOffset": -1
          },
          "type": "COMMON"
        }
      ]
    },
    {
      "name": "cages",
      "type": "OTHER",
      "metadata": {},
      "salience": 0.00794185,
      "mentions": [
        {
          "text": {
            "content": "cages",
            "beginOffset": -1
          },
          "type": "COMMON"
        }
      ]
    },
    {
      "name": "chains",
      "type": "OTHER",
      "metadata": {},
      "salience": 0.00794185,
      "mentions": [
        {
          "text": {
            "content": "chains",
            "beginOffset": -1
          },
          "type": "COMMON"
        }
      ]
    },
    {
      "name": "exercise",
      "type": "OTHER",
      "metadata": {},
      "salience": 0.00794185,
      "mentions": [
        {
          "text": {
            "content": "exercise",
            "beginOffset": -1
          },
          "type": "COMMON"
        }
      ]
    },
    {
      "name": "affection",
      "type": "OTHER",
      "metadata": {},
      "salience": 0.00794185,
      "mentions": [
        {
          "text": {
            "content": "affection",
            "beginOffset": -1
          },
          "type": "COMMON"
        }
      ]
    },
    {
      "name": "nutrition",
      "type": "OTHER",
      "metadata": {},
      "salience": 0.00794185,
      "mentions": [
        {
          "text": {
            "content": "nutrition",
            "beginOffset": -1
          },
          "type": "COMMON"
        }
      ]
    },
    {
      "name": "healthcare",
      "type": "OTHER",
      "metadata": {},
      "salience": 0.00794185,
      "mentions": [
        {
          "text": {
            "content": "healthcare",
            "beginOffset": -1
          },
          "type": "COMMON"
        }
      ]
    },
    {
      "name": "Bandar Makhota Cheras",
      "type": "LOCATION",
      "metadata": {
        "mid": "/m/02w38df",
        "wikipedia_url": "https://en.wikipedia.org/wiki/Bandar_Mahkota_Cheras"
      },
      "salience": 0.0062513803,
      "mentions": [
        {
          "text": {
            "content": "Bandar Makhota Cheras",
            "beginOffset": -1
          },
          "type": "PROPER"
        }
      ]
    },
    {
      "name": "environment",
      "type": "OTHER",
      "metadata": {},
      "salience": 0.0034887283,
      "mentions": [
        {
          "text": {
            "content": "environment",
            "beginOffset": -1
          },
          "type": "COMMON"
        }
      ]
    },
    {
      "name": "www.klpoochresortandrescue.org",
      "type": "OTHER",
      "metadata": {},
      "salience": 0.0032840164,
      "mentions": [
        {
          "text": {
            "content": "www.klpoochresortandrescue.org",
            "beginOffset": -1
          },
          "type": "PROPER"
        }
      ]
    },
    {
      "name": "house-check",
      "type": "OTHER",
      "metadata": {},
      "salience": 0.0027281845,
      "mentions": [
        {
          "text": {
            "content": "house-check",
            "beginOffset": -1
          },
          "type": "COMMON"
        }
      ]
    }
  ],
  "documentSentiment": {
    "magnitude": 4.5,
    "score": 0.7
  },
  "language": "en",
  "categories": []
}
