{
  "sentences": [
    {
      "text": {
        "content": "SHIH TZU for Adoption Healthy Reason: owner can't not keep 2 Dogs in Condo, not able to take care 2 Dog.",
        "beginOffset": -1
      },
      "sentiment": {
        "magnitude": 0.5,
        "score": -0.5
      }
    },
    {
      "text": {
        "content": "Recently shaved fur due to Ticks , already done seen VET Vaccinated treatment.",
        "beginOffset": -1
      },
      "sentiment": {
        "magnitude": 0.5,
        "score": 0.5
      }
    },
    {
      "text": {
        "content": "Colour Golden &amp; white colour.",
        "beginOffset": -1
      },
      "sentiment": {
        "magnitude": 0.2,
        "score": 0.2
      }
    }
  ],
  "tokens": [],
  "entities": [
    {
      "name": "SHIH TZU for Adoption Healthy Reason",
      "type": "WORK_OF_ART",
      "metadata": {},
      "salience": 0.2900408,
      "mentions": [
        {
          "text": {
            "content": "SHIH TZU for Adoption Healthy Reason",
            "beginOffset": -1
          },
          "type": "PROPER"
        }
      ]
    },
    {
      "name": "owner",
      "type": "PERSON",
      "metadata": {},
      "salience": 0.15989617,
      "mentions": [
        {
          "text": {
            "content": "owner",
            "beginOffset": -1
          },
          "type": "COMMON"
        }
      ]
    },
    {
      "name": "Dog",
      "type": "OTHER",
      "metadata": {},
      "salience": 0.14060956,
      "mentions": [
        {
          "text": {
            "content": "Dog",
            "beginOffset": -1
          },
          "type": "COMMON"
        }
      ]
    },
    {
      "name": "Dogs",
      "type": "OTHER",
      "metadata": {},
      "salience": 0.120662905,
      "mentions": [
        {
          "text": {
            "content": "Dogs",
            "beginOffset": -1
          },
          "type": "COMMON"
        }
      ]
    },
    {
      "name": "Condo",
      "type": "OTHER",
      "metadata": {
        "wikipedia_url": "https://en.wikipedia.org/wiki/Condominium",
        "mid": "/m/020ys5"
      },
      "salience": 0.07980575,
      "mentions": [
        {
          "text": {
            "content": "Condo",
            "beginOffset": -1
          },
          "type": "PROPER"
        }
      ]
    },
    {
      "name": "fur",
      "type": "OTHER",
      "metadata": {},
      "salience": 0.060556088,
      "mentions": [
        {
          "text": {
            "content": "fur",
            "beginOffset": -1
          },
          "type": "COMMON"
        }
      ]
    },
    {
      "name": "VET",
      "type": "PERSON",
      "metadata": {},
      "salience": 0.04585032,
      "mentions": [
        {
          "text": {
            "content": "VET",
            "beginOffset": -1
          },
          "type": "COMMON"
        }
      ]
    },
    {
      "name": "treatment",
      "type": "OTHER",
      "metadata": {},
      "salience": 0.04585032,
      "mentions": [
        {
          "text": {
            "content": "treatment",
            "beginOffset": -1
          },
          "type": "COMMON"
        }
      ]
    },
    {
      "name": "colour",
      "type": "OTHER",
      "metadata": {},
      "salience": 0.0364624,
      "mentions": [
        {
          "text": {
            "content": "colour",
            "beginOffset": -1
          },
          "type": "COMMON"
        }
      ]
    },
    {
      "name": "Ticks",
      "type": "OTHER",
      "metadata": {},
      "salience": 0.020265706,
      "mentions": [
        {
          "text": {
            "content": "Ticks",
            "beginOffset": -1
          },
          "type": "COMMON"
        }
      ]
    }
  ],
  "documentSentiment": {
    "magnitude": 1.3,
    "score": 0.1
  },
  "language": "en",
  "categories": []
}
