{
  "sentences": [
    {
      "text": {
        "content": "Found an abandoned old dog with 10 puppies.",
        "beginOffset": -1
      },
      "sentiment": {
        "magnitude": 0.5,
        "score": -0.5
      }
    },
    {
      "text": {
        "content": "8 puppies are dead as the mother dog has no milk.",
        "beginOffset": -1
      },
      "sentiment": {
        "magnitude": 0.1,
        "score": -0.1
      }
    },
    {
      "text": {
        "content": "Only 2 survived.",
        "beginOffset": -1
      },
      "sentiment": {
        "magnitude": 0,
        "score": 0
      }
    },
    {
      "text": {
        "content": "Looking for fosterer urgently as I am renting a room and unable to take care of them due to work commitments.",
        "beginOffset": -1
      },
      "sentiment": {
        "magnitude": 0.6,
        "score": -0.6
      }
    }
  ],
  "tokens": [],
  "entities": [
    {
      "name": "dog",
      "type": "OTHER",
      "metadata": {},
      "salience": 0.4478016,
      "mentions": [
        {
          "text": {
            "content": "dog",
            "beginOffset": -1
          },
          "type": "COMMON"
        }
      ]
    },
    {
      "name": "puppies",
      "type": "OTHER",
      "metadata": {},
      "salience": 0.18815854,
      "mentions": [
        {
          "text": {
            "content": "puppies",
            "beginOffset": -1
          },
          "type": "COMMON"
        }
      ]
    },
    {
      "name": "puppies",
      "type": "OTHER",
      "metadata": {},
      "salience": 0.09130402,
      "mentions": [
        {
          "text": {
            "content": "puppies",
            "beginOffset": -1
          },
          "type": "COMMON"
        }
      ]
    },
    {
      "name": "mother dog",
      "type": "OTHER",
      "metadata": {},
      "salience": 0.07451782,
      "mentions": [
        {
          "text": {
            "content": "mother dog",
            "beginOffset": -1
          },
          "type": "COMMON"
        }
      ]
    },
    {
      "name": "milk",
      "type": "OTHER",
      "metadata": {},
      "salience": 0.05682127,
      "mentions": [
        {
          "text": {
            "content": "milk",
            "beginOffset": -1
          },
          "type": "COMMON"
        }
      ]
    },
    {
      "name": "fosterer",
      "type": "PERSON",
      "metadata": {},
      "salience": 0.05177997,
      "mentions": [
        {
          "text": {
            "content": "fosterer",
            "beginOffset": -1
          },
          "type": "COMMON"
        }
      ]
    },
    {
      "name": "care",
      "type": "OTHER",
      "metadata": {},
      "salience": 0.044779923,
      "mentions": [
        {
          "text": {
            "content": "care",
            "beginOffset": -1
          },
          "type": "COMMON"
        }
      ]
    },
    {
      "name": "commitments",
      "type": "OTHER",
      "metadata": {},
      "salience": 0.027532011,
      "mentions": [
        {
          "text": {
            "content": "commitments",
            "beginOffset": -1
          },
          "type": "COMMON"
        }
      ]
    },
    {
      "name": "room",
      "type": "LOCATION",
      "metadata": {},
      "salience": 0.017304847,
      "mentions": [
        {
          "text": {
            "content": "room",
            "beginOffset": -1
          },
          "type": "COMMON"
        }
      ]
    }
  ],
  "documentSentiment": {
    "magnitude": 1.3,
    "score": -0.3
  },
  "language": "en",
  "categories": []
}
