{
  "sentences": [
    {
      "text": {
        "content": "Name: Kiki Age: Almost 2-years old Gender: Female Color: Brownish black stripes Fur: Medium-long hair Litter-box trained, vaccinated and neutered.",
        "beginOffset": -1
      },
      "sentiment": {
        "magnitude": 0.1,
        "score": 0.1
      }
    },
    {
      "text": {
        "content": "Suitable for cat lover who wants to have one/fewer cat(s) at home.",
        "beginOffset": -1
      },
      "sentiment": {
        "magnitude": 0.8,
        "score": 0.8
      }
    },
    {
      "text": {
        "content": "COD in Penang island only.",
        "beginOffset": -1
      },
      "sentiment": {
        "magnitude": 0,
        "score": 0
      }
    },
    {
      "text": {
        "content": "Price: RM (price is given based on the vaccine and neuter costs) SMS/WhatsApp Eni at if you're interested",
        "beginOffset": -1
      },
      "sentiment": {
        "magnitude": 0,
        "score": 0
      }
    }
  ],
  "tokens": [],
  "entities": [
    {
      "name": "Name",
      "type": "OTHER",
      "metadata": {},
      "salience": 0.21925169,
      "mentions": [
        {
          "text": {
            "content": "Name",
            "beginOffset": -1
          },
          "type": "COMMON"
        }
      ]
    },
    {
      "name": "Gender: Female Color: Brownish",
      "type": "OTHER",
      "metadata": {},
      "salience": 0.18856794,
      "mentions": [
        {
          "text": {
            "content": "Fur",
            "beginOffset": -1
          },
          "type": "COMMON"
        },
        {
          "text": {
            "content": "Gender: Female Color: Brownish",
            "beginOffset": -1
          },
          "type": "PROPER"
        }
      ]
    },
    {
      "name": "Kiki Age",
      "type": "PERSON",
      "metadata": {},
      "salience": 0.1338783,
      "mentions": [
        {
          "text": {
            "content": "Kiki Age",
            "beginOffset": -1
          },
          "type": "PROPER"
        }
      ]
    },
    {
      "name": "stripes",
      "type": "OTHER",
      "metadata": {},
      "salience": 0.087174885,
      "mentions": [
        {
          "text": {
            "content": "stripes",
            "beginOffset": -1
          },
          "type": "COMMON"
        }
      ]
    },
    {
      "name": "cat lover",
      "type": "PERSON",
      "metadata": {},
      "salience": 0.07329407,
      "mentions": [
        {
          "text": {
            "content": "cat lover",
            "beginOffset": -1
          },
          "type": "COMMON"
        }
      ]
    },
    {
      "name": "Litter-box",
      "type": "OTHER",
      "metadata": {},
      "salience": 0.05938898,
      "mentions": [
        {
          "text": {
            "content": "Litter-box",
            "beginOffset": -1
          },
          "type": "COMMON"
        }
      ]
    },
    {
      "name": "hair",
      "type": "OTHER",
      "metadata": {},
      "salience": 0.05938898,
      "mentions": [
        {
          "text": {
            "content": "hair",
            "beginOffset": -1
          },
          "type": "COMMON"
        }
      ]
    },
    {
      "name": "WhatsApp Eni",
      "type": "OTHER",
      "metadata": {},
      "salience": 0.031389892,
      "mentions": [
        {
          "text": {
            "content": "WhatsApp Eni",
            "beginOffset": -1
          },
          "type": "PROPER"
        },
        {
          "text": {
            "content": "SMS",
            "beginOffset": -1
          },
          "type": "COMMON"
        }
      ]
    },
    {
      "name": "cat(s)",
      "type": "OTHER",
      "metadata": {},
      "salience": 0.030062122,
      "mentions": [
        {
          "text": {
            "content": "cat(s)",
            "beginOffset": -1
          },
          "type": "COMMON"
        }
      ]
    },
    {
      "name": "home",
      "type": "LOCATION",
      "metadata": {},
      "salience": 0.026760785,
      "mentions": [
        {
          "text": {
            "content": "home",
            "beginOffset": -1
          },
          "type": "COMMON"
        }
      ]
    },
    {
      "name": "vaccine",
      "type": "OTHER",
      "metadata": {},
      "salience": 0.020036334,
      "mentions": [
        {
          "text": {
            "content": "vaccine",
            "beginOffset": -1
          },
          "type": "COMMON"
        }
      ]
    },
    {
      "name": "neuter costs",
      "type": "OTHER",
      "metadata": {},
      "salience": 0.020036334,
      "mentions": [
        {
          "text": {
            "content": "neuter costs",
            "beginOffset": -1
          },
          "type": "COMMON"
        }
      ]
    },
    {
      "name": "price",
      "type": "OTHER",
      "metadata": {},
      "salience": 0.017847167,
      "mentions": [
        {
          "text": {
            "content": "price",
            "beginOffset": -1
          },
          "type": "COMMON"
        }
      ]
    },
    {
      "name": "Price",
      "type": "OTHER",
      "metadata": {},
      "salience": 0.010031685,
      "mentions": [
        {
          "text": {
            "content": "Price",
            "beginOffset": -1
          },
          "type": "COMMON"
        }
      ]
    },
    {
      "name": "COD",
      "type": "OTHER",
      "metadata": {},
      "salience": 0.008845124,
      "mentions": [
        {
          "text": {
            "content": "COD",
            "beginOffset": -1
          },
          "type": "COMMON"
        }
      ]
    },
    {
      "name": "RM",
      "type": "OTHER",
      "metadata": {},
      "salience": 0.008813935,
      "mentions": [
        {
          "text": {
            "content": "RM",
            "beginOffset": -1
          },
          "type": "COMMON"
        }
      ]
    },
    {
      "name": "Penang island",
      "type": "LOCATION",
      "metadata": {
        "mid": "/m/03bx9_p",
        "wikipedia_url": "https://en.wikipedia.org/wiki/Penang_Island"
      },
      "salience": 0.0052317553,
      "mentions": [
        {
          "text": {
            "content": "Penang island",
            "beginOffset": -1
          },
          "type": "PROPER"
        }
      ]
    }
  ],
  "documentSentiment": {
    "magnitude": 1,
    "score": 0.2
  },
  "language": "en",
  "categories": []
}
