{
  "sentences": [
    {
      "text": {
        "content": "Medium fluffy bob tail cat Very Cute and Active Toilet Train (Clumping Sand) Blackwood Kitten For cat lovers only Adoption fees:RM50 Please SMS me at (affi)",
        "beginOffset": -1
      },
      "sentiment": {
        "magnitude": 0.9,
        "score": 0.9
      }
    }
  ],
  "tokens": [],
  "entities": [
    {
      "name": "bob tail cat",
      "type": "PERSON",
      "metadata": {},
      "salience": 0.3886341,
      "mentions": [
        {
          "text": {
            "content": "bob tail cat",
            "beginOffset": -1
          },
          "type": "COMMON"
        }
      ]
    },
    {
      "name": "Active Toilet Train",
      "type": "OTHER",
      "metadata": {},
      "salience": 0.2801405,
      "mentions": [
        {
          "text": {
            "content": "Active Toilet Train",
            "beginOffset": -1
          },
          "type": "PROPER"
        },
        {
          "text": {
            "content": "Clumping Sand",
            "beginOffset": -1
          },
          "type": "COMMON"
        }
      ]
    },
    {
      "name": "cat lovers",
      "type": "PERSON",
      "metadata": {},
      "salience": 0.09517234,
      "mentions": [
        {
          "text": {
            "content": "cat lovers",
            "beginOffset": -1
          },
          "type": "COMMON"
        }
      ]
    },
    {
      "name": "Very Cute",
      "type": "OTHER",
      "metadata": {},
      "salience": 0.09001683,
      "mentions": [
        {
          "text": {
            "content": "Very Cute",
            "beginOffset": -1
          },
          "type": "PROPER"
        }
      ]
    },
    {
      "name": "Blackwood Kitten",
      "type": "PERSON",
      "metadata": {},
      "salience": 0.062320046,
      "mentions": [
        {
          "text": {
            "content": "Blackwood Kitten",
            "beginOffset": -1
          },
          "type": "PROPER"
        }
      ]
    },
    {
      "name": "affi",
      "type": "OTHER",
      "metadata": {},
      "salience": 0.05129173,
      "mentions": [
        {
          "text": {
            "content": "affi",
            "beginOffset": -1
          },
          "type": "COMMON"
        }
      ]
    },
    {
      "name": "Adoption fees",
      "type": "OTHER",
      "metadata": {},
      "salience": 0.03242447,
      "mentions": [
        {
          "text": {
            "content": "Adoption fees",
            "beginOffset": -1
          },
          "type": "COMMON"
        }
      ]
    }
  ],
  "documentSentiment": {
    "magnitude": 0.9,
    "score": 0.9
  },
  "language": "en",
  "categories": []
}
