{
  "sentences": [
    {
      "text": {
        "content": "This 2 month old angel with hazel (green-ish) eyes was rescued by my family a week ago.",
        "beginOffset": -1
      },
      "sentiment": {
        "magnitude": 0,
        "score": 0
      }
    },
    {
      "text": {
        "content": "She is very sweet and loves to cuddle and play.",
        "beginOffset": -1
      },
      "sentiment": {
        "magnitude": 0.9,
        "score": 0.9
      }
    },
    {
      "text": {
        "content": "If you would like to give her a forever home, do call or drop a text! :)",
        "beginOffset": -1
      },
      "sentiment": {
        "magnitude": 0.6,
        "score": 0.6
      }
    }
  ],
  "tokens": [],
  "entities": [
    {
      "name": "angel",
      "type": "PERSON",
      "metadata": {},
      "salience": 0.4814682,
      "mentions": [
        {
          "text": {
            "content": "angel",
            "beginOffset": -1
          },
          "type": "COMMON"
        }
      ]
    },
    {
      "name": "hazel",
      "type": "OTHER",
      "metadata": {},
      "salience": 0.2763096,
      "mentions": [
        {
          "text": {
            "content": "hazel",
            "beginOffset": -1
          },
          "type": "COMMON"
        }
      ]
    },
    {
      "name": "eyes",
      "type": "OTHER",
      "metadata": {},
      "salience": 0.11574211,
      "mentions": [
        {
          "text": {
            "content": "eyes",
            "beginOffset": -1
          },
          "type": "COMMON"
        }
      ]
    },
    {
      "name": "family",
      "type": "PERSON",
      "metadata": {},
      "salience": 0.079748854,
      "mentions": [
        {
          "text": {
            "content": "family",
            "beginOffset": -1
          },
          "type": "COMMON"
        }
      ]
    },
    {
      "name": "home",
      "type": "LOCATION",
      "metadata": {},
      "salience": 0.027441926,
      "mentions": [
        {
          "text": {
            "content": "home",
            "beginOffset": -1
          },
          "type": "COMMON"
        }
      ]
    },
    {
      "name": "text",
      "type": "OTHER",
      "metadata": {},
      "salience": 0.019289304,
      "mentions": [
        {
          "text": {
            "content": "text",
            "beginOffset": -1
          },
          "type": "COMMON"
        }
      ]
    }
  ],
  "documentSentiment": {
    "magnitude": 1.7,
    "score": 0.5
  },
  "language": "en",
  "categories": []
}
