{
  "sentences": [
    {
      "text": {
        "content": "- Please if anyone pet lover love her n can give her a warmth family.",
        "beginOffset": -1
      },
      "sentiment": {
        "magnitude": 0.7,
        "score": 0.7
      }
    },
    {
      "text": {
        "content": "I wish new owner adopt her not for breeding purposes,if u interested pls call maggie within 1pm-7pm, thanks.........",
        "beginOffset": -1
      },
      "sentiment": {
        "magnitude": 0.1,
        "score": 0.1
      }
    }
  ],
  "tokens": [],
  "entities": [
    {
      "name": "lover",
      "type": "PERSON",
      "metadata": {},
      "salience": 0.6681173,
      "mentions": [
        {
          "text": {
            "content": "lover",
            "beginOffset": -1
          },
          "type": "COMMON"
        }
      ]
    },
    {
      "name": "anyone",
      "type": "PERSON",
      "metadata": {},
      "salience": 0.16420183,
      "mentions": [
        {
          "text": {
            "content": "anyone",
            "beginOffset": -1
          },
          "type": "COMMON"
        }
      ]
    },
    {
      "name": "n",
      "type": "OTHER",
      "metadata": {},
      "salience": 0.07175579,
      "mentions": [
        {
          "text": {
            "content": "n",
            "beginOffset": -1
          },
          "type": "COMMON"
        }
      ]
    },
    {
      "name": "warmth family",
      "type": "PERSON",
      "metadata": {},
      "salience": 0.035775974,
      "mentions": [
        {
          "text": {
            "content": "warmth family",
            "beginOffset": -1
          },
          "type": "COMMON"
        }
      ]
    },
    {
      "name": "owner",
      "type": "PERSON",
      "metadata": {},
      "salience": 0.023011215,
      "mentions": [
        {
          "text": {
            "content": "owner",
            "beginOffset": -1
          },
          "type": "COMMON"
        }
      ]
    },
    {
      "name": "breeding purposes",
      "type": "OTHER",
      "metadata": {},
      "salience": 0.02114304,
      "mentions": [
        {
          "text": {
            "content": "breeding purposes",
            "beginOffset": -1
          },
          "type": "COMMON"
        }
      ]
    },
    {
      "name": "maggie",
      "type": "PERSON",
      "metadata": {},
      "salience": 0.015994888,
      "mentions": [
        {
          "text": {
            "content": "maggie",
            "beginOffset": -1
          },
          "type": "COMMON"
        }
      ]
    }
  ],
  "documentSentiment": {
    "magnitude": 0.9,
    "score": 0.4
  },
  "language": "en",
  "categories": []
}
