{
  "sentences": [
    {
      "text": {
        "content": "Hi, we found this two abandoned by the mother at a friend's home ceiling and we've been taking care of them since.",
        "beginOffset": -1
      },
      "sentiment": {
        "magnitude": 0.1,
        "score": -0.1
      }
    },
    {
      "text": {
        "content": "They are playful and active.",
        "beginOffset": -1
      },
      "sentiment": {
        "magnitude": 0.8,
        "score": 0.8
      }
    },
    {
      "text": {
        "content": "Didi is the male cat (white with a streak of gold) while jojo is the female cat (white with a mix of grey).",
        "beginOffset": -1
      },
      "sentiment": {
        "magnitude": 0.2,
        "score": 0.2
      }
    },
    {
      "text": {
        "content": "Both have blue eyes.",
        "beginOffset": -1
      },
      "sentiment": {
        "magnitude": 0,
        "score": 0
      }
    },
    {
      "text": {
        "content": "Looking to rehome as our son started to have an allergic reaction to them.",
        "beginOffset": -1
      },
      "sentiment": {
        "magnitude": 0.5,
        "score": -0.5
      }
    }
  ],
  "tokens": [],
  "entities": [
    {
      "name": "mother",
      "type": "PERSON",
      "metadata": {},
      "salience": 0.2753462,
      "mentions": [
        {
          "text": {
            "content": "mother",
            "beginOffset": -1
          },
          "type": "COMMON"
        }
      ]
    },
    {
      "name": "jojo",
      "type": "OTHER",
      "metadata": {},
      "salience": 0.16792,
      "mentions": [
        {
          "text": {
            "content": "jojo",
            "beginOffset": -1
          },
          "type": "COMMON"
        },
        {
          "text": {
            "content": "cat",
            "beginOffset": -1
          },
          "type": "COMMON"
        }
      ]
    },
    {
      "name": "home ceiling",
      "type": "OTHER",
      "metadata": {},
      "salience": 0.10922517,
      "mentions": [
        {
          "text": {
            "content": "home ceiling",
            "beginOffset": -1
          },
          "type": "COMMON"
        }
      ]
    },
    {
      "name": "friend",
      "type": "PERSON",
      "metadata": {},
      "salience": 0.10922517,
      "mentions": [
        {
          "text": {
            "content": "friend",
            "beginOffset": -1
          },
          "type": "COMMON"
        }
      ]
    },
    {
      "name": "care",
      "type": "OTHER",
      "metadata": {},
      "salience": 0.085941344,
      "mentions": [
        {
          "text": {
            "content": "care",
            "beginOffset": -1
          },
          "type": "COMMON"
        }
      ]
    },
    {
      "name": "cat",
      "type": "OTHER",
      "metadata": {},
      "salience": 0.052639782,
      "mentions": [
        {
          "text": {
            "content": "cat",
            "beginOffset": -1
          },
          "type": "COMMON"
        }
      ]
    },
    {
      "name": "streak",
      "type": "OTHER",
      "metadata": {},
      "salience": 0.033329,
      "mentions": [
        {
          "text": {
            "content": "streak",
            "beginOffset": -1
          },
          "type": "COMMON"
        }
      ]
    },
    {
      "name": "gold",
      "type": "OTHER",
      "metadata": {},
      "salience": 0.033329,
      "mentions": [
        {
          "text": {
            "content": "gold",
            "beginOffset": -1
          },
          "type": "COMMON"
        }
      ]
    },
    {
      "name": "son",
      "type": "PERSON",
      "metadata": {},
      "salience": 0.03232303,
      "mentions": [
        {
          "text": {
            "content": "son",
            "beginOffset": -1
          },
          "type": "COMMON"
        }
      ]
    },
    {
      "name": "Didi",
      "type": "PERSON",
      "metadata": {},
      "salience": 0.02586962,
      "mentions": [
        {
          "text": {
            "content": "Didi",
            "beginOffset": -1
          },
          "type": "PROPER"
        }
      ]
    },
    {
      "name": "eyes",
      "type": "OTHER",
      "metadata": {},
      "salience": 0.024770051,
      "mentions": [
        {
          "text": {
            "content": "eyes",
            "beginOffset": -1
          },
          "type": "COMMON"
        }
      ]
    },
    {
      "name": "reaction",
      "type": "OTHER",
      "metadata": {},
      "salience": 0.017317789,
      "mentions": [
        {
          "text": {
            "content": "reaction",
            "beginOffset": -1
          },
          "type": "COMMON"
        }
      ]
    },
    {
      "name": "mix",
      "type": "OTHER",
      "metadata": {},
      "salience": 0.011067269,
      "mentions": [
        {
          "text": {
            "content": "mix",
            "beginOffset": -1
          },
          "type": "COMMON"
        }
      ]
    },
    {
      "name": "grey",
      "type": "OTHER",
      "metadata": {},
      "salience": 0.011067269,
      "mentions": [
        {
          "text": {
            "content": "grey",
            "beginOffset": -1
          },
          "type": "COMMON"
        }
      ]
    },
    {
      "name": "Both",
      "type": "OTHER",
      "metadata": {},
      "salience": 0.010629312,
      "mentions": [
        {
          "text": {
            "content": "Both",
            "beginOffset": -1
          },
          "type": "COMMON"
        }
      ]
    }
  ],
  "documentSentiment": {
    "magnitude": 1.8,
    "score": 0
  },
  "language": "en",
  "categories": []
}
