{
  "sentences": [
    {
      "text": {
        "content": "A Family of 4 for adoption, a mother and her 3 kitten, mummy cat very friendly, can be adopted together or separately.",
        "beginOffset": -1
      },
      "sentiment": {
        "magnitude": 0.9,
        "score": 0.9
      }
    },
    {
      "text": {
        "content": "Pick up location : Bandar Utama, PJ.",
        "beginOffset": -1
      },
      "sentiment": {
        "magnitude": 0,
        "score": 0
      }
    }
  ],
  "tokens": [],
  "entities": [
    {
      "name": "Family",
      "type": "PERSON",
      "metadata": {},
      "salience": 0.50187075,
      "mentions": [
        {
          "text": {
            "content": "Family",
            "beginOffset": -1
          },
          "type": "COMMON"
        }
      ]
    },
    {
      "name": "adoption",
      "type": "OTHER",
      "metadata": {},
      "salience": 0.13009481,
      "mentions": [
        {
          "text": {
            "content": "adoption",
            "beginOffset": -1
          },
          "type": "COMMON"
        }
      ]
    },
    {
      "name": "mother",
      "type": "PERSON",
      "metadata": {},
      "salience": 0.13009481,
      "mentions": [
        {
          "text": {
            "content": "mother",
            "beginOffset": -1
          },
          "type": "COMMON"
        }
      ]
    },
    {
      "name": "mummy cat",
      "type": "OTHER",
      "metadata": {},
      "salience": 0.09089879,
      "mentions": [
        {
          "text": {
            "content": "mummy cat",
            "beginOffset": -1
          },
          "type": "COMMON"
        }
      ]
    },
    {
      "name": "kitten",
      "type": "PERSON",
      "metadata": {},
      "salience": 0.08984183,
      "mentions": [
        {
          "text": {
            "content": "kitten",
            "beginOffset": -1
          },
          "type": "COMMON"
        }
      ]
    },
    {
      "name": "location",
      "type": "LOCATION",
      "metadata": {},
      "salience": 0.031169971,
      "mentions": [
        {
          "text": {
            "content": "location",
            "beginOffset": -1
          },
          "type": "COMMON"
        }
      ]
    },
    {
      "name": "Bandar Utama",
      "type": "PERSON",
      "metadata": {
        "mid": "/m/031ljk",
        "wikipedia_url": "https://en.wikipedia.org/wiki/Bandar_Utama"
      },
      "salience": 0.013014531,
      "mentions": [
        {
          "text": {
            "content": "Bandar Utama",
            "beginOffset": -1
          },
          "type": "PROPER"
        }
      ]
    },
    {
      "name": "PJ",
      "type": "PERSON",
      "metadata": {
        "wikipedia_url": "https://en.wikipedia.org/wiki/Petaling_Jaya",
        "mid": "/m/03dqts"
      },
      "salience": 0.013014531,
      "mentions": [
        {
          "text": {
            "content": "PJ",
            "beginOffset": -1
          },
          "type": "PROPER"
        }
      ]
    }
  ],
  "documentSentiment": {
    "magnitude": 0.9,
    "score": 0.4
  },
  "language": "en",
  "categories": []
}
