{
  "sentences": [
    {
      "text": {
        "content": "Name: Mickey 6 months old, Male kitten..",
        "beginOffset": -1
      },
      "sentiment": {
        "magnitude": 0,
        "score": 0
      }
    },
    {
      "text": {
        "content": "Fully vaccinated and dewormed.",
        "beginOffset": -1
      },
      "sentiment": {
        "magnitude": 0.4,
        "score": 0.4
      }
    },
    {
      "text": {
        "content": "Vaccination record will be given.",
        "beginOffset": -1
      },
      "sentiment": {
        "magnitude": 0,
        "score": 0
      }
    },
    {
      "text": {
        "content": "Living indoors.",
        "beginOffset": -1
      },
      "sentiment": {
        "magnitude": 0.2,
        "score": 0.2
      }
    },
    {
      "text": {
        "content": "Rescued at work place.",
        "beginOffset": -1
      },
      "sentiment": {
        "magnitude": 0.1,
        "score": 0.1
      }
    },
    {
      "text": {
        "content": "Found at 3 months suffering from fungus.",
        "beginOffset": -1
      },
      "sentiment": {
        "magnitude": 0.1,
        "score": -0.1
      }
    },
    {
      "text": {
        "content": "Now perfectly healthy, fungi and fleas free!",
        "beginOffset": -1
      },
      "sentiment": {
        "magnitude": 0.5,
        "score": 0.5
      }
    },
    {
      "text": {
        "content": "Litter box -well trained.",
        "beginOffset": -1
      },
      "sentiment": {
        "magnitude": 0.3,
        "score": 0.3
      }
    },
    {
      "text": {
        "content": "Very Friendly, Active and Playful.",
        "beginOffset": -1
      },
      "sentiment": {
        "magnitude": 0.9,
        "score": 0.9
      }
    },
    {
      "text": {
        "content": "Finding a new home as owner is going overseas to further her studies.",
        "beginOffset": -1
      },
      "sentiment": {
        "magnitude": 0.2,
        "score": 0.2
      }
    },
    {
      "text": {
        "content": "Looking for a new loving owner to take care of him.",
        "beginOffset": -1
      },
      "sentiment": {
        "magnitude": 0.9,
        "score": 0.9
      }
    },
    {
      "text": {
        "content": "To be kept indoors if possible.",
        "beginOffset": -1
      },
      "sentiment": {
        "magnitude": 0,
        "score": 0
      }
    },
    {
      "text": {
        "content": "Can arrange for neutering if new owner willing to pay the fees.",
        "beginOffset": -1
      },
      "sentiment": {
        "magnitude": 0.2,
        "score": -0.2
      }
    },
    {
      "text": {
        "content": "FOC delivery KL - Kuala Selangor -Shah Alam -Sg Buloh - Selayang -Puncak Alam -Saujana Utama -Rawang",
        "beginOffset": -1
      },
      "sentiment": {
        "magnitude": 0.1,
        "score": 0.1
      }
    }
  ],
  "tokens": [],
  "entities": [
    {
      "name": "kitten",
      "type": "PERSON",
      "metadata": {},
      "salience": 0.19368199,
      "mentions": [
        {
          "text": {
            "content": "kitten",
            "beginOffset": -1
          },
          "type": "COMMON"
        }
      ]
    },
    {
      "name": "Name",
      "type": "OTHER",
      "metadata": {},
      "salience": 0.19368199,
      "mentions": [
        {
          "text": {
            "content": "Name",
            "beginOffset": -1
          },
          "type": "COMMON"
        }
      ]
    },
    {
      "name": "Mickey 6",
      "type": "OTHER",
      "metadata": {},
      "salience": 0.11763976,
      "mentions": [
        {
          "text": {
            "content": "Mickey 6",
            "beginOffset": -1
          },
          "type": "PROPER"
        }
      ]
    },
    {
      "name": "owner",
      "type": "PERSON",
      "metadata": {},
      "salience": 0.09575118,
      "mentions": [
        {
          "text": {
            "content": "owner",
            "beginOffset": -1
          },
          "type": "COMMON"
        }
      ]
    },
    {
      "name": "owner",
      "type": "PERSON",
      "metadata": {},
      "salience": 0.042082634,
      "mentions": [
        {
          "text": {
            "content": "owner",
            "beginOffset": -1
          },
          "type": "COMMON"
        }
      ]
    },
    {
      "name": "home",
      "type": "LOCATION",
      "metadata": {},
      "salience": 0.038687117,
      "mentions": [
        {
          "text": {
            "content": "home",
            "beginOffset": -1
          },
          "type": "COMMON"
        }
      ]
    },
    {
      "name": "work place",
      "type": "LOCATION",
      "metadata": {},
      "salience": 0.036713596,
      "mentions": [
        {
          "text": {
            "content": "work place",
            "beginOffset": -1
          },
          "type": "COMMON"
        }
      ]
    },
    {
      "name": "Vaccination record",
      "type": "OTHER",
      "metadata": {},
      "salience": 0.028956532,
      "mentions": [
        {
          "text": {
            "content": "Vaccination record",
            "beginOffset": -1
          },
          "type": "COMMON"
        }
      ]
    },
    {
      "name": "fungus",
      "type": "OTHER",
      "metadata": {},
      "salience": 0.02820675,
      "mentions": [
        {
          "text": {
            "content": "fungus",
            "beginOffset": -1
          },
          "type": "COMMON"
        }
      ]
    },
    {
      "name": "fungi",
      "type": "OTHER",
      "metadata": {},
      "salience": 0.028153762,
      "mentions": [
        {
          "text": {
            "content": "fungi",
            "beginOffset": -1
          },
          "type": "COMMON"
        }
      ]
    },
    {
      "name": "fleas",
      "type": "OTHER",
      "metadata": {},
      "salience": 0.024754591,
      "mentions": [
        {
          "text": {
            "content": "fleas",
            "beginOffset": -1
          },
          "type": "COMMON"
        }
      ]
    },
    {
      "name": "Litter box",
      "type": "OTHER",
      "metadata": {},
      "salience": 0.024714256,
      "mentions": [
        {
          "text": {
            "content": "Litter box",
            "beginOffset": -1
          },
          "type": "COMMON"
        }
      ]
    },
    {
      "name": "studies",
      "type": "OTHER",
      "metadata": {},
      "salience": 0.022904994,
      "mentions": [
        {
          "text": {
            "content": "studies",
            "beginOffset": -1
          },
          "type": "COMMON"
        }
      ]
    },
    {
      "name": "owner",
      "type": "PERSON",
      "metadata": {},
      "salience": 0.021483768,
      "mentions": [
        {
          "text": {
            "content": "owner",
            "beginOffset": -1
          },
          "type": "COMMON"
        }
      ]
    },
    {
      "name": "fees",
      "type": "OTHER",
      "metadata": {},
      "salience": 0.017232306,
      "mentions": [
        {
          "text": {
            "content": "fees",
            "beginOffset": -1
          },
          "type": "COMMON"
        }
      ]
    },
    {
      "name": "delivery",
      "type": "EVENT",
      "metadata": {},
      "salience": 0.017216677,
      "mentions": [
        {
          "text": {
            "content": "delivery",
            "beginOffset": -1
          },
          "type": "COMMON"
        }
      ]
    },
    {
      "name": "Playful",
      "type": "OTHER",
      "metadata": {},
      "salience": 0.014809465,
      "mentions": [
        {
          "text": {
            "content": "Playful",
            "beginOffset": -1
          },
          "type": "PROPER"
        }
      ]
    },
    {
      "name": "Kuala Selangor",
      "type": "LOCATION",
      "metadata": {
        "mid": "/m/065qmb",
        "wikipedia_url": "https://en.wikipedia.org/wiki/Kuala_Selangor"
      },
      "salience": 0.0116029065,
      "mentions": [
        {
          "text": {
            "content": "Kuala Selangor",
            "beginOffset": -1
          },
          "type": "PROPER"
        }
      ]
    },
    {
      "name": "FOC",
      "type": "ORGANIZATION",
      "metadata": {},
      "salience": 0.010194892,
      "mentions": [
        {
          "text": {
            "content": "FOC",
            "beginOffset": -1
          },
          "type": "PROPER"
        }
      ]
    },
    {
      "name": "care",
      "type": "OTHER",
      "metadata": {},
      "salience": 0.008688529,
      "mentions": [
        {
          "text": {
            "content": "care",
            "beginOffset": -1
          },
          "type": "COMMON"
        }
      ]
    },
    {
      "name": "Shah Alam -Sg Buloh - Selayang -Puncak Alam",
      "type": "PERSON",
      "metadata": {},
      "salience": 0.008127384,
      "mentions": [
        {
          "text": {
            "content": "Shah Alam -Sg Buloh - Selayang -Puncak Alam",
            "beginOffset": -1
          },
          "type": "PROPER"
        }
      ]
    },
    {
      "name": "neutering",
      "type": "OTHER",
      "metadata": {},
      "salience": 0.007574852,
      "mentions": [
        {
          "text": {
            "content": "neutering",
            "beginOffset": -1
          },
          "type": "COMMON"
        }
      ]
    },
    {
      "name": "Saujana Utama -Rawang",
      "type": "LOCATION",
      "metadata": {},
      "salience": 0.007140077,
      "mentions": [
        {
          "text": {
            "content": "Saujana Utama -Rawang",
            "beginOffset": -1
          },
          "type": "PROPER"
        }
      ]
    }
  ],
  "documentSentiment": {
    "magnitude": 4.6,
    "score": 0.2
  },
  "language": "en",
  "categories": []
}
