{
  "sentences": [
    {
      "text": {
        "content": "Introducing Aslan: Male kitten, 1 1/2 months old, has white/orange patched fur and striking green eyes (slightly blue around the ends).",
        "beginOffset": -1
      },
      "sentiment": {
        "magnitude": 0.1,
        "score": -0.1
      }
    },
    {
      "text": {
        "content": "Aslan was discovered wandering alone and meowing for attention at a morning marketplace in Serdang.",
        "beginOffset": -1
      },
      "sentiment": {
        "magnitude": 0.2,
        "score": 0.2
      }
    },
    {
      "text": {
        "content": "He was slightly thin and dehydrated then, but has improved tremendously since his rescue.",
        "beginOffset": -1
      },
      "sentiment": {
        "magnitude": 0.8,
        "score": 0.8
      }
    },
    {
      "text": {
        "content": "This fella will make a particularly great companion for people seeking &quot;manja&quot; or &quot;sweet-lap&quot; cats.",
        "beginOffset": -1
      },
      "sentiment": {
        "magnitude": 0.9,
        "score": 0.9
      }
    },
    {
      "text": {
        "content": "He has a mild attitude towards play (not hyper) and is friendly with other cats as well.",
        "beginOffset": -1
      },
      "sentiment": {
        "magnitude": 0.6,
        "score": 0.6
      }
    },
    {
      "text": {
        "content": "Quite vocal too if left alone for too long without pampering :)",
        "beginOffset": -1
      },
      "sentiment": {
        "magnitude": 0.3,
        "score": 0.3
      }
    },
    {
      "text": {
        "content": "Additional details: Aslan's current diet is Royal Canin Babycat 34.",
        "beginOffset": -1
      },
      "sentiment": {
        "magnitude": 0,
        "score": 0
      }
    },
    {
      "text": {
        "content": "He is very independent and clever with the litter-box.",
        "beginOffset": -1
      },
      "sentiment": {
        "magnitude": 0.6,
        "score": 0.6
      }
    },
    {
      "text": {
        "content": "Aslan has been de-flead and de-wormed (is currently too young to be vaccinated).",
        "beginOffset": -1
      },
      "sentiment": {
        "magnitude": 0,
        "score": 0
      }
    },
    {
      "text": {
        "content": "Please drop me a call or e-mail if interested.",
        "beginOffset": -1
      },
      "sentiment": {
        "magnitude": 0.3,
        "score": -0.3
      }
    },
    {
      "text": {
        "content": "Details on your past experience with cats will be much appreciated :)",
        "beginOffset": -1
      },
      "sentiment": {
        "magnitude": 0.8,
        "score": 0.8
      }
    },
    {
      "text": {
        "content": "Thank you!",
        "beginOffset": -1
      },
      "sentiment": {
        "magnitude": 0.1,
        "score": 0.1
      }
    }
  ],
  "tokens": [],
  "entities": [
    {
      "name": "kitten",
      "type": "PERSON",
      "metadata": {},
      "salience": 0.34184894,
      "mentions": [
        {
          "text": {
            "content": "Aslan",
            "beginOffset": -1
          },
          "type": "COMMON"
        },
        {
          "text": {
            "content": "kitten",
            "beginOffset": -1
          },
          "type": "COMMON"
        }
      ]
    },
    {
      "name": "Aslan",
      "type": "PERSON",
      "metadata": {},
      "salience": 0.31149116,
      "mentions": [
        {
          "text": {
            "content": "Aslan",
            "beginOffset": -1
          },
          "type": "PROPER"
        },
        {
          "text": {
            "content": "Aslan",
            "beginOffset": -1
          },
          "type": "PROPER"
        },
        {
          "text": {
            "content": "Aslan",
            "beginOffset": -1
          },
          "type": "PROPER"
        }
      ]
    },
    {
      "name": "fur",
      "type": "OTHER",
      "metadata": {},
      "salience": 0.06968911,
      "mentions": [
        {
          "text": {
            "content": "fur",
            "beginOffset": -1
          },
          "type": "COMMON"
        }
      ]
    },
    {
      "name": "eyes",
      "type": "OTHER",
      "metadata": {},
      "salience": 0.06968911,
      "mentions": [
        {
          "text": {
            "content": "eyes",
            "beginOffset": -1
          },
          "type": "COMMON"
        }
      ]
    },
    {
      "name": "fella",
      "type": "PERSON",
      "metadata": {},
      "salience": 0.034855712,
      "mentions": [
        {
          "text": {
            "content": "fella",
            "beginOffset": -1
          },
          "type": "COMMON"
        }
      ]
    },
    {
      "name": "ends",
      "type": "OTHER",
      "metadata": {},
      "salience": 0.027117888,
      "mentions": [
        {
          "text": {
            "content": "ends",
            "beginOffset": -1
          },
          "type": "COMMON"
        }
      ]
    },
    {
      "name": "attention",
      "type": "OTHER",
      "metadata": {},
      "salience": 0.013122511,
      "mentions": [
        {
          "text": {
            "content": "attention",
            "beginOffset": -1
          },
          "type": "COMMON"
        }
      ]
    },
    {
      "name": "morning marketplace",
      "type": "OTHER",
      "metadata": {},
      "salience": 0.013122511,
      "mentions": [
        {
          "text": {
            "content": "morning marketplace",
            "beginOffset": -1
          },
          "type": "COMMON"
        }
      ]
    },
    {
      "name": "cats",
      "type": "OTHER",
      "metadata": {},
      "salience": 0.011103708,
      "mentions": [
        {
          "text": {
            "content": "cats",
            "beginOffset": -1
          },
          "type": "COMMON"
        }
      ]
    },
    {
      "name": "cats",
      "type": "OTHER",
      "metadata": {},
      "salience": 0.010164824,
      "mentions": [
        {
          "text": {
            "content": "cats",
            "beginOffset": -1
          },
          "type": "COMMON"
        }
      ]
    },
    {
      "name": "people",
      "type": "PERSON",
      "metadata": {},
      "salience": 0.008906283,
      "mentions": [
        {
          "text": {
            "content": "people",
            "beginOffset": -1
          },
          "type": "COMMON"
        }
      ]
    },
    {
      "name": "manja",
      "type": "OTHER",
      "metadata": {},
      "salience": 0.008906283,
      "mentions": [
        {
          "text": {
            "content": "manja",
            "beginOffset": -1
          },
          "type": "COMMON"
        }
      ]
    },
    {
      "name": "attitude",
      "type": "OTHER",
      "metadata": {},
      "salience": 0.008881981,
      "mentions": [
        {
          "text": {
            "content": "attitude",
            "beginOffset": -1
          },
          "type": "COMMON"
        }
      ]
    },
    {
      "name": "play",
      "type": "OTHER",
      "metadata": {},
      "salience": 0.008881981,
      "mentions": [
        {
          "text": {
            "content": "play",
            "beginOffset": -1
          },
          "type": "COMMON"
        }
      ]
    },
    {
      "name": "rescue",
      "type": "EVENT",
      "metadata": {},
      "salience": 0.008828935,
      "mentions": [
        {
          "text": {
            "content": "rescue",
            "beginOffset": -1
          },
          "type": "COMMON"
        }
      ]
    },
    {
      "name": "Serdang",
      "type": "LOCATION",
      "metadata": {},
      "salience": 0.007779363,
      "mentions": [
        {
          "text": {
            "content": "Serdang",
            "beginOffset": -1
          },
          "type": "PROPER"
        }
      ]
    },
    {
      "name": "companion",
      "type": "OTHER",
      "metadata": {},
      "salience": 0.007056513,
      "mentions": [
        {
          "text": {
            "content": "companion",
            "beginOffset": -1
          },
          "type": "COMMON"
        }
      ]
    },
    {
      "name": "litter-box",
      "type": "OTHER",
      "metadata": {},
      "salience": 0.0061137723,
      "mentions": [
        {
          "text": {
            "content": "litter-box",
            "beginOffset": -1
          },
          "type": "COMMON"
        }
      ]
    },
    {
      "name": "Details",
      "type": "OTHER",
      "metadata": {},
      "salience": 0.0059819743,
      "mentions": [
        {
          "text": {
            "content": "Details",
            "beginOffset": -1
          },
          "type": "COMMON"
        }
      ]
    },
    {
      "name": "cats",
      "type": "OTHER",
      "metadata": {},
      "salience": 0.005322376,
      "mentions": [
        {
          "text": {
            "content": "cats",
            "beginOffset": -1
          },
          "type": "COMMON"
        }
      ]
    },
    {
      "name": "call",
      "type": "OTHER",
      "metadata": {},
      "salience": 0.0042708013,
      "mentions": [
        {
          "text": {
            "content": "call",
            "beginOffset": -1
          },
          "type": "COMMON"
        }
      ]
    },
    {
      "name": "e-mail",
      "type": "OTHER",
      "metadata": {},
      "salience": 0.0042708013,
      "mentions": [
        {
          "text": {
            "content": "e-mail",
            "beginOffset": -1
          },
          "type": "COMMON"
        }
      ]
    },
    {
      "name": "experience",
      "type": "OTHER",
      "metadata": {},
      "salience": 0.0042658043,
      "mentions": [
        {
          "text": {
            "content": "experience",
            "beginOffset": -1
          },
          "type": "COMMON"
        }
      ]
    },
    {
      "name": "diet",
      "type": "OTHER",
      "metadata": {},
      "salience": 0.0032335191,
      "mentions": [
        {
          "text": {
            "content": "diet",
            "beginOffset": -1
          },
          "type": "COMMON"
        }
      ]
    },
    {
      "name": "details",
      "type": "OTHER",
      "metadata": {},
      "salience": 0.0030610966,
      "mentions": [
        {
          "text": {
            "content": "details",
            "beginOffset": -1
          },
          "type": "COMMON"
        }
      ]
    },
    {
      "name": "Royal Canin Babycat",
      "type": "ORGANIZATION",
      "metadata": {},
      "salience": 0.0020330278,
      "mentions": [
        {
          "text": {
            "content": "Royal Canin Babycat",
            "beginOffset": -1
          },
          "type": "PROPER"
        }
      ]
    }
  ],
  "documentSentiment": {
    "magnitude": 5.1,
    "score": 0.3
  },
  "language": "en",
  "categories": []
}
