{
  "sentences": [
    {
      "text": {
        "content": "2 Weeks Puppy just opened eyes (unknown gender).",
        "beginOffset": -1
      },
      "sentiment": {
        "magnitude": 0.1,
        "score": -0.1
      }
    },
    {
      "text": {
        "content": "A little poor puppy without brother / sister also not in a safe place as that place is a lot of india boy &amp; they are look like will abuse dog.",
        "beginOffset": -1
      },
      "sentiment": {
        "magnitude": 0.4,
        "score": -0.4
      }
    },
    {
      "text": {
        "content": "If you are interest or can temporarily take care of puppy help puppy find a forever home, please contact me Please help to share this.",
        "beginOffset": -1
      },
      "sentiment": {
        "magnitude": 0,
        "score": 0
      }
    },
    {
      "text": {
        "content": "Urgent!!!!",
        "beginOffset": -1
      },
      "sentiment": {
        "magnitude": 0,
        "score": 0
      }
    }
  ],
  "tokens": [],
  "entities": [
    {
      "name": "Puppy",
      "type": "OTHER",
      "metadata": {},
      "salience": 0.37657282,
      "mentions": [
        {
          "text": {
            "content": "Puppy",
            "beginOffset": -1
          },
          "type": "COMMON"
        }
      ]
    },
    {
      "name": "eyes",
      "type": "OTHER",
      "metadata": {},
      "salience": 0.24528852,
      "mentions": [
        {
          "text": {
            "content": "eyes",
            "beginOffset": -1
          },
          "type": "COMMON"
        }
      ]
    },
    {
      "name": "gender",
      "type": "OTHER",
      "metadata": {},
      "salience": 0.13104895,
      "mentions": [
        {
          "text": {
            "content": "gender",
            "beginOffset": -1
          },
          "type": "COMMON"
        }
      ]
    },
    {
      "name": "interest",
      "type": "OTHER",
      "metadata": {},
      "salience": 0.049412165,
      "mentions": [
        {
          "text": {
            "content": "interest",
            "beginOffset": -1
          },
          "type": "COMMON"
        }
      ]
    },
    {
      "name": "puppy",
      "type": "OTHER",
      "metadata": {},
      "salience": 0.040833056,
      "mentions": [
        {
          "text": {
            "content": "puppy",
            "beginOffset": -1
          },
          "type": "COMMON"
        }
      ]
    },
    {
      "name": "brother / sister",
      "type": "OTHER",
      "metadata": {},
      "salience": 0.025577374,
      "mentions": [
        {
          "text": {
            "content": "brother / sister",
            "beginOffset": -1
          },
          "type": "COMMON"
        }
      ]
    },
    {
      "name": "lot",
      "type": "OTHER",
      "metadata": {},
      "salience": 0.022384794,
      "mentions": [
        {
          "text": {
            "content": "lot",
            "beginOffset": -1
          },
          "type": "COMMON"
        }
      ]
    },
    {
      "name": "place",
      "type": "OTHER",
      "metadata": {},
      "salience": 0.019714884,
      "mentions": [
        {
          "text": {
            "content": "place",
            "beginOffset": -1
          },
          "type": "COMMON"
        }
      ]
    },
    {
      "name": "place",
      "type": "OTHER",
      "metadata": {},
      "salience": 0.019714884,
      "mentions": [
        {
          "text": {
            "content": "place",
            "beginOffset": -1
          },
          "type": "COMMON"
        }
      ]
    },
    {
      "name": "boy",
      "type": "PERSON",
      "metadata": {},
      "salience": 0.017554296,
      "mentions": [
        {
          "text": {
            "content": "boy",
            "beginOffset": -1
          },
          "type": "COMMON"
        }
      ]
    },
    {
      "name": "dog",
      "type": "OTHER",
      "metadata": {},
      "salience": 0.016119724,
      "mentions": [
        {
          "text": {
            "content": "dog",
            "beginOffset": -1
          },
          "type": "COMMON"
        }
      ]
    },
    {
      "name": "home",
      "type": "LOCATION",
      "metadata": {},
      "salience": 0.012114952,
      "mentions": [
        {
          "text": {
            "content": "home",
            "beginOffset": -1
          },
          "type": "COMMON"
        }
      ]
    },
    {
      "name": "india",
      "type": "LOCATION",
      "metadata": {
        "mid": "/m/03rk0",
        "wikipedia_url": "https://en.wikipedia.org/wiki/India"
      },
      "salience": 0.010419571,
      "mentions": [
        {
          "text": {
            "content": "india",
            "beginOffset": -1
          },
          "type": "PROPER"
        }
      ]
    },
    {
      "name": "puppy help puppy",
      "type": "PERSON",
      "metadata": {},
      "salience": 0.0071416306,
      "mentions": [
        {
          "text": {
            "content": "puppy help puppy",
            "beginOffset": -1
          },
          "type": "COMMON"
        }
      ]
    },
    {
      "name": "care",
      "type": "OTHER",
      "metadata": {},
      "salience": 0.006102377,
      "mentions": [
        {
          "text": {
            "content": "care",
            "beginOffset": -1
          },
          "type": "COMMON"
        }
      ]
    }
  ],
  "documentSentiment": {
    "magnitude": 0.7,
    "score": -0.1
  },
  "language": "en",
  "categories": []
}
