{
  "sentences": [
    {
      "text": {
        "content": "This four cutie ( New Year Gang) was related to Max.",
        "beginOffset": -1
      },
      "sentiment": {
        "magnitude": 0.4,
        "score": 0.4
      }
    },
    {
      "text": {
        "content": "They were also born on the 1st of January Princess was the only female in the group.",
        "beginOffset": -1
      },
      "sentiment": {
        "magnitude": 0.1,
        "score": -0.1
      }
    },
    {
      "text": {
        "content": "All puppies was very cute and active as I was taking care of them since they were born.",
        "beginOffset": -1
      },
      "sentiment": {
        "magnitude": 0.7,
        "score": 0.7
      }
    },
    {
      "text": {
        "content": "I was hoping to get a potential and caring adopter for them by this week before Saturday because the man who put them up at his house is going to send them away in Kluang JB is there is still no potential adopter.",
        "beginOffset": -1
      },
      "sentiment": {
        "magnitude": 0.1,
        "score": -0.1
      }
    },
    {
      "text": {
        "content": "Myself already got 2 dogs with me (also rescued) therefore I am unable to adopt any at the moment.",
        "beginOffset": -1
      },
      "sentiment": {
        "magnitude": 0.2,
        "score": -0.2
      }
    },
    {
      "text": {
        "content": "I sincerely hope that those who are caring enough will contact me if you are keen to take up this puppies.",
        "beginOffset": -1
      },
      "sentiment": {
        "magnitude": 0.6,
        "score": 0.6
      }
    },
    {
      "text": {
        "content": "Deworm and spray and the necessary will be arrange.",
        "beginOffset": -1
      },
      "sentiment": {
        "magnitude": 0.2,
        "score": 0.2
      }
    },
    {
      "text": {
        "content": "Thank you very much for your love and concern..",
        "beginOffset": -1
      },
      "sentiment": {
        "magnitude": 0.9,
        "score": 0.9
      }
    }
  ],
  "tokens": [],
  "entities": [
    {
      "name": "cutie",
      "type": "OTHER",
      "metadata": {},
      "salience": 0.19873813,
      "mentions": [
        {
          "text": {
            "content": "cutie",
            "beginOffset": -1
          },
          "type": "COMMON"
        }
      ]
    },
    {
      "name": "man",
      "type": "PERSON",
      "metadata": {},
      "salience": 0.15154673,
      "mentions": [
        {
          "text": {
            "content": "man",
            "beginOffset": -1
          },
          "type": "COMMON"
        }
      ]
    },
    {
      "name": "puppies",
      "type": "OTHER",
      "metadata": {},
      "salience": 0.15079936,
      "mentions": [
        {
          "text": {
            "content": "puppies",
            "beginOffset": -1
          },
          "type": "COMMON"
        }
      ]
    },
    {
      "name": "New Year Gang",
      "type": "PERSON",
      "metadata": {},
      "salience": 0.10616379,
      "mentions": [
        {
          "text": {
            "content": "New Year Gang",
            "beginOffset": -1
          },
          "type": "PROPER"
        }
      ]
    },
    {
      "name": "Max",
      "type": "PERSON",
      "metadata": {},
      "salience": 0.10616379,
      "mentions": [
        {
          "text": {
            "content": "Max",
            "beginOffset": -1
          },
          "type": "PROPER"
        }
      ]
    },
    {
      "name": "female",
      "type": "PERSON",
      "metadata": {},
      "salience": 0.036089186,
      "mentions": [
        {
          "text": {
            "content": "female",
            "beginOffset": -1
          },
          "type": "COMMON"
        }
      ]
    },
    {
      "name": "group",
      "type": "ORGANIZATION",
      "metadata": {},
      "salience": 0.033130985,
      "mentions": [
        {
          "text": {
            "content": "group",
            "beginOffset": -1
          },
          "type": "COMMON"
        }
      ]
    },
    {
      "name": "Princess",
      "type": "PERSON",
      "metadata": {},
      "salience": 0.033130985,
      "mentions": [
        {
          "text": {
            "content": "Princess",
            "beginOffset": -1
          },
          "type": "COMMON"
        }
      ]
    },
    {
      "name": "potential",
      "type": "OTHER",
      "metadata": {},
      "salience": 0.028367484,
      "mentions": [
        {
          "text": {
            "content": "potential",
            "beginOffset": -1
          },
          "type": "COMMON"
        }
      ]
    },
    {
      "name": "care",
      "type": "OTHER",
      "metadata": {},
      "salience": 0.025812222,
      "mentions": [
        {
          "text": {
            "content": "care",
            "beginOffset": -1
          },
          "type": "COMMON"
        }
      ]
    },
    {
      "name": "house",
      "type": "LOCATION",
      "metadata": {},
      "salience": 0.022479296,
      "mentions": [
        {
          "text": {
            "content": "house",
            "beginOffset": -1
          },
          "type": "COMMON"
        }
      ]
    },
    {
      "name": "puppies",
      "type": "OTHER",
      "metadata": {},
      "salience": 0.020165285,
      "mentions": [
        {
          "text": {
            "content": "puppies",
            "beginOffset": -1
          },
          "type": "COMMON"
        }
      ]
    },
    {
      "name": "Deworm",
      "type": "OTHER",
      "metadata": {},
      "salience": 0.019036928,
      "mentions": [
        {
          "text": {
            "content": "Deworm",
            "beginOffset": -1
          },
          "type": "COMMON"
        }
      ]
    },
    {
      "name": "dogs",
      "type": "OTHER",
      "metadata": {},
      "salience": 0.01290733,
      "mentions": [
        {
          "text": {
            "content": "dogs",
            "beginOffset": -1
          },
          "type": "COMMON"
        }
      ]
    },
    {
      "name": "Kluang JB",
      "type": "LOCATION",
      "metadata": {},
      "salience": 0.01221128,
      "mentions": [
        {
          "text": {
            "content": "Kluang JB",
            "beginOffset": -1
          },
          "type": "PROPER"
        }
      ]
    },
    {
      "name": "spray",
      "type": "CONSUMER_GOOD",
      "metadata": {},
      "salience": 0.010823174,
      "mentions": [
        {
          "text": {
            "content": "spray",
            "beginOffset": -1
          },
          "type": "COMMON"
        }
      ]
    },
    {
      "name": "necessary",
      "type": "OTHER",
      "metadata": {},
      "salience": 0.010823174,
      "mentions": [
        {
          "text": {
            "content": "necessary",
            "beginOffset": -1
          },
          "type": "COMMON"
        }
      ]
    },
    {
      "name": "love",
      "type": "OTHER",
      "metadata": {},
      "salience": 0.010805432,
      "mentions": [
        {
          "text": {
            "content": "love",
            "beginOffset": -1
          },
          "type": "COMMON"
        }
      ]
    },
    {
      "name": "concern",
      "type": "OTHER",
      "metadata": {},
      "salience": 0.010805432,
      "mentions": [
        {
          "text": {
            "content": "concern",
            "beginOffset": -1
          },
          "type": "COMMON"
        }
      ]
    }
  ],
  "documentSentiment": {
    "magnitude": 3.5,
    "score": 0.3
  },
  "language": "en",
  "categories": []
}
