{
  "sentences": [
    {
      "text": {
        "content": "Good guard dog, very alert, active, obedience waiting for her good master, plz call or sms for more details if you really get interested, thanks!!",
        "beginOffset": -1
      },
      "sentiment": {
        "magnitude": 0.9,
        "score": 0.9
      }
    }
  ],
  "tokens": [],
  "entities": [
    {
      "name": "guard dog",
      "type": "OTHER",
      "metadata": {},
      "salience": 0.44557172,
      "mentions": [
        {
          "text": {
            "content": "guard dog",
            "beginOffset": -1
          },
          "type": "COMMON"
        }
      ]
    },
    {
      "name": "master",
      "type": "PERSON",
      "metadata": {},
      "salience": 0.13369152,
      "mentions": [
        {
          "text": {
            "content": "master",
            "beginOffset": -1
          },
          "type": "COMMON"
        }
      ]
    },
    {
      "name": "obedience",
      "type": "OTHER",
      "metadata": {},
      "salience": 0.13214657,
      "mentions": [
        {
          "text": {
            "content": "obedience",
            "beginOffset": -1
          },
          "type": "COMMON"
        }
      ]
    },
    {
      "name": "call",
      "type": "OTHER",
      "metadata": {},
      "salience": 0.12322426,
      "mentions": [
        {
          "text": {
            "content": "call",
            "beginOffset": -1
          },
          "type": "COMMON"
        }
      ]
    },
    {
      "name": "sms",
      "type": "OTHER",
      "metadata": {},
      "salience": 0.12322426,
      "mentions": [
        {
          "text": {
            "content": "sms",
            "beginOffset": -1
          },
          "type": "COMMON"
        }
      ]
    },
    {
      "name": "details",
      "type": "OTHER",
      "metadata": {},
      "salience": 0.04214169,
      "mentions": [
        {
          "text": {
            "content": "details",
            "beginOffset": -1
          },
          "type": "COMMON"
        }
      ]
    }
  ],
  "documentSentiment": {
    "magnitude": 0.9,
    "score": 0.9
  },
  "language": "en",
  "categories": []
}
