{
  "sentences": [
    {
      "text": {
        "content": "Dear all, my name is pipi, I'm 2 years old.",
        "beginOffset": -1
      },
      "sentiment": {
        "magnitude": 0,
        "score": 0
      }
    },
    {
      "text": {
        "content": "I'm like to eat, everyday having 3 meals, which is breakfast &amp; supper with dry biscuits, and dinner with wet can food :)",
        "beginOffset": -1
      },
      "sentiment": {
        "magnitude": 0.8,
        "score": 0.8
      }
    },
    {
      "text": {
        "content": "I like pink color!",
        "beginOffset": -1
      },
      "sentiment": {
        "magnitude": 0,
        "score": 0
      }
    },
    {
      "text": {
        "content": "Cause I have a pink color cats fur-stick.",
        "beginOffset": -1
      },
      "sentiment": {
        "magnitude": 0,
        "score": 0
      }
    },
    {
      "text": {
        "content": "I can lay on the floor &amp; play it by myself.",
        "beginOffset": -1
      },
      "sentiment": {
        "magnitude": 0.3,
        "score": 0.3
      }
    },
    {
      "text": {
        "content": "I don't like to shower, but every month I need to get a insect spray to keep insect away from me.",
        "beginOffset": -1
      },
      "sentiment": {
        "magnitude": 0.7,
        "score": -0.7
      }
    },
    {
      "text": {
        "content": "I never going step on the street, because I am an house born cat.",
        "beginOffset": -1
      },
      "sentiment": {
        "magnitude": 0,
        "score": 0
      }
    },
    {
      "text": {
        "content": "I have an microchip at my neck.",
        "beginOffset": -1
      },
      "sentiment": {
        "magnitude": 0,
        "score": 0
      }
    },
    {
      "text": {
        "content": "So I will never getting lost.",
        "beginOffset": -1
      },
      "sentiment": {
        "magnitude": 0.1,
        "score": 0.1
      }
    },
    {
      "text": {
        "content": "I have been train do not claim over table, always need to keep the claw.",
        "beginOffset": -1
      },
      "sentiment": {
        "magnitude": 0.1,
        "score": 0.1
      }
    },
    {
      "text": {
        "content": "So I will never make any one else getting hurt.",
        "beginOffset": -1
      },
      "sentiment": {
        "magnitude": 0,
        "score": 0
      }
    },
    {
      "text": {
        "content": "Beside, I'm a very clever cat, I can understand mandarin too!",
        "beginOffset": -1
      },
      "sentiment": {
        "magnitude": 0.5,
        "score": 0.5
      }
    },
    {
      "text": {
        "content": "Ever night I will going back to my cage to sleep, but sometimes I need you to carry me back to the cage.",
        "beginOffset": -1
      },
      "sentiment": {
        "magnitude": 0.4,
        "score": 0.4
      }
    }
  ],
  "tokens": [],
  "entities": [
    {
      "name": "cat",
      "type": "OTHER",
      "metadata": {},
      "salience": 0.33099625,
      "mentions": [
        {
          "text": {
            "content": "cat",
            "beginOffset": -1
          },
          "type": "COMMON"
        }
      ]
    },
    {
      "name": "pipi",
      "type": "OTHER",
      "metadata": {},
      "salience": 0.24325198,
      "mentions": [
        {
          "text": {
            "content": "all",
            "beginOffset": -1
          },
          "type": "COMMON"
        },
        {
          "text": {
            "content": "pipi",
            "beginOffset": -1
          },
          "type": "COMMON"
        }
      ]
    },
    {
      "name": "cat",
      "type": "OTHER",
      "metadata": {},
      "salience": 0.1347974,
      "mentions": [
        {
          "text": {
            "content": "cat",
            "beginOffset": -1
          },
          "type": "COMMON"
        }
      ]
    },
    {
      "name": "meals",
      "type": "OTHER",
      "metadata": {},
      "salience": 0.08789768,
      "mentions": [
        {
          "text": {
            "content": "meals",
            "beginOffset": -1
          },
          "type": "COMMON"
        }
      ]
    },
    {
      "name": "name",
      "type": "OTHER",
      "metadata": {},
      "salience": 0.06283977,
      "mentions": [
        {
          "text": {
            "content": "name",
            "beginOffset": -1
          },
          "type": "COMMON"
        }
      ]
    },
    {
      "name": "breakfast",
      "type": "OTHER",
      "metadata": {},
      "salience": 0.01247982,
      "mentions": [
        {
          "text": {
            "content": "breakfast",
            "beginOffset": -1
          },
          "type": "COMMON"
        }
      ]
    },
    {
      "name": "color",
      "type": "OTHER",
      "metadata": {},
      "salience": 0.012198668,
      "mentions": [
        {
          "text": {
            "content": "color",
            "beginOffset": -1
          },
          "type": "COMMON"
        }
      ]
    },
    {
      "name": "supper",
      "type": "OTHER",
      "metadata": {},
      "salience": 0.009770418,
      "mentions": [
        {
          "text": {
            "content": "supper",
            "beginOffset": -1
          },
          "type": "COMMON"
        }
      ]
    },
    {
      "name": "biscuits",
      "type": "OTHER",
      "metadata": {},
      "salience": 0.009770418,
      "mentions": [
        {
          "text": {
            "content": "biscuits",
            "beginOffset": -1
          },
          "type": "COMMON"
        }
      ]
    },
    {
      "name": "dinner",
      "type": "OTHER",
      "metadata": {},
      "salience": 0.009770418,
      "mentions": [
        {
          "text": {
            "content": "dinner",
            "beginOffset": -1
          },
          "type": "COMMON"
        }
      ]
    },
    {
      "name": "food",
      "type": "OTHER",
      "metadata": {},
      "salience": 0.009770418,
      "mentions": [
        {
          "text": {
            "content": "food",
            "beginOffset": -1
          },
          "type": "COMMON"
        }
      ]
    },
    {
      "name": "insect spray",
      "type": "OTHER",
      "metadata": {},
      "salience": 0.008424342,
      "mentions": [
        {
          "text": {
            "content": "insect spray",
            "beginOffset": -1
          },
          "type": "COMMON"
        }
      ]
    },
    {
      "name": "insect",
      "type": "OTHER",
      "metadata": {},
      "salience": 0.0068007903,
      "mentions": [
        {
          "text": {
            "content": "insect",
            "beginOffset": -1
          },
          "type": "COMMON"
        }
      ]
    },
    {
      "name": "step",
      "type": "OTHER",
      "metadata": {},
      "salience": 0.00657949,
      "mentions": [
        {
          "text": {
            "content": "step",
            "beginOffset": -1
          },
          "type": "COMMON"
        }
      ]
    },
    {
      "name": "floor",
      "type": "LOCATION",
      "metadata": {},
      "salience": 0.0065261386,
      "mentions": [
        {
          "text": {
            "content": "floor",
            "beginOffset": -1
          },
          "type": "COMMON"
        }
      ]
    },
    {
      "name": "color cats fur-stick",
      "type": "OTHER",
      "metadata": {},
      "salience": 0.006464222,
      "mentions": [
        {
          "text": {
            "content": "color cats fur-stick",
            "beginOffset": -1
          },
          "type": "COMMON"
        }
      ]
    },
    {
      "name": "street",
      "type": "LOCATION",
      "metadata": {},
      "salience": 0.006037869,
      "mentions": [
        {
          "text": {
            "content": "street",
            "beginOffset": -1
          },
          "type": "COMMON"
        }
      ]
    },
    {
      "name": "house",
      "type": "LOCATION",
      "metadata": {},
      "salience": 0.006037869,
      "mentions": [
        {
          "text": {
            "content": "house",
            "beginOffset": -1
          },
          "type": "COMMON"
        }
      ]
    },
    {
      "name": "neck",
      "type": "OTHER",
      "metadata": {},
      "salience": 0.006027981,
      "mentions": [
        {
          "text": {
            "content": "neck",
            "beginOffset": -1
          },
          "type": "COMMON"
        }
      ]
    },
    {
      "name": "microchip",
      "type": "OTHER",
      "metadata": {},
      "salience": 0.0059544425,
      "mentions": [
        {
          "text": {
            "content": "microchip",
            "beginOffset": -1
          },
          "type": "COMMON"
        }
      ]
    },
    {
      "name": "mandarin",
      "type": "OTHER",
      "metadata": {},
      "salience": 0.004522171,
      "mentions": [
        {
          "text": {
            "content": "mandarin",
            "beginOffset": -1
          },
          "type": "COMMON"
        }
      ]
    },
    {
      "name": "cage",
      "type": "OTHER",
      "metadata": {},
      "salience": 0.0036009024,
      "mentions": [
        {
          "text": {
            "content": "cage",
            "beginOffset": -1
          },
          "type": "COMMON"
        }
      ]
    },
    {
      "name": "cage",
      "type": "OTHER",
      "metadata": {},
      "salience": 0.0036009024,
      "mentions": [
        {
          "text": {
            "content": "cage",
            "beginOffset": -1
          },
          "type": "COMMON"
        }
      ]
    },
    {
      "name": "train",
      "type": "OTHER",
      "metadata": {},
      "salience": 0.0020888962,
      "mentions": [
        {
          "text": {
            "content": "train",
            "beginOffset": -1
          },
          "type": "COMMON"
        }
      ]
    },
    {
      "name": "table",
      "type": "OTHER",
      "metadata": {},
      "salience": 0.0019885837,
      "mentions": [
        {
          "text": {
            "content": "table",
            "beginOffset": -1
          },
          "type": "COMMON"
        }
      ]
    },
    {
      "name": "claw",
      "type": "OTHER",
      "metadata": {},
      "salience": 0.0018021637,
      "mentions": [
        {
          "text": {
            "content": "claw",
            "beginOffset": -1
          },
          "type": "COMMON"
        }
      ]
    }
  ],
  "documentSentiment": {
    "magnitude": 3.7,
    "score": 0.1
  },
  "language": "en",
  "categories": []
}
