{
  "sentences": [
    {
      "text": {
        "content": "Wed 13th Oct , 6:50 pm.",
        "beginOffset": -1
      },
      "sentiment": {
        "magnitude": 0,
        "score": 0
      }
    },
    {
      "text": {
        "content": "Kitten could hv been fallen off from a moving vehicle.",
        "beginOffset": -1
      },
      "sentiment": {
        "magnitude": 0.2,
        "score": -0.2
      }
    },
    {
      "text": {
        "content": "He crouched on the fast lane of the road near Kepong Central Station.",
        "beginOffset": -1
      },
      "sentiment": {
        "magnitude": 0.2,
        "score": 0.2
      }
    },
    {
      "text": {
        "content": "I was on the second lane when I noticed a car at halt and hestitated to move.",
        "beginOffset": -1
      },
      "sentiment": {
        "magnitude": 0.1,
        "score": 0.1
      }
    },
    {
      "text": {
        "content": "The road around 6pm - 7pm was very busy.",
        "beginOffset": -1
      },
      "sentiment": {
        "magnitude": 0.2,
        "score": 0.2
      }
    },
    {
      "text": {
        "content": "Then I was astonished when I saw this little fellow there and the driver was trying to avoid it.",
        "beginOffset": -1
      },
      "sentiment": {
        "magnitude": 0.4,
        "score": -0.4
      }
    },
    {
      "text": {
        "content": "Since the traffic was heavy and my second lane was also at halt, I went out and try to pick the fellow up.",
        "beginOffset": -1
      },
      "sentiment": {
        "magnitude": 0.2,
        "score": 0.2
      }
    },
    {
      "text": {
        "content": "Well for all you know God was kind and as the little fellow started crawling under the car, the driver moved slowly.",
        "beginOffset": -1
      },
      "sentiment": {
        "magnitude": 0.4,
        "score": 0.4
      }
    },
    {
      "text": {
        "content": "Other cars that followed also slowed down to see what was happening.As I neared the fellow it ran to the side of the divider and to the pavement.",
        "beginOffset": -1
      },
      "sentiment": {
        "magnitude": 0.7,
        "score": -0.7
      }
    },
    {
      "text": {
        "content": "Luckily for this divider there was a big piece of land (pavement).",
        "beginOffset": -1
      },
      "sentiment": {
        "magnitude": 0.1,
        "score": -0.1
      }
    },
    {
      "text": {
        "content": "Seeing that he was safe for a moment, I went back to my car and drove slightly up as I was blocking the traffic.",
        "beginOffset": -1
      },
      "sentiment": {
        "magnitude": 0.2,
        "score": 0.2
      }
    },
    {
      "text": {
        "content": "Luckily I was able to park my car near a taxi stand.",
        "beginOffset": -1
      },
      "sentiment": {
        "magnitude": 0.3,
        "score": 0.3
      }
    },
    {
      "text": {
        "content": "I took some cat food which I always have with me in my car and headed back to the kitten.",
        "beginOffset": -1
      },
      "sentiment": {
        "magnitude": 0,
        "score": 0
      }
    },
    {
      "text": {
        "content": "When it saw me it ran away into an exposed drain.",
        "beginOffset": -1
      },
      "sentiment": {
        "magnitude": 0.6,
        "score": -0.6
      }
    },
    {
      "text": {
        "content": "Oh! dear I thought, every where was covered up except this part and in he went.",
        "beginOffset": -1
      },
      "sentiment": {
        "magnitude": 0,
        "score": 0
      }
    },
    {
      "text": {
        "content": "I inched up to him slowly making sure I do not frighten him.I extended my cat food to him and luckily this poor fellow was very hungry.",
        "beginOffset": -1
      },
      "sentiment": {
        "magnitude": 0.8,
        "score": -0.8
      }
    },
    {
      "text": {
        "content": "It came for the food and I slowly caught hold of him.",
        "beginOffset": -1
      },
      "sentiment": {
        "magnitude": 0.1,
        "score": 0.1
      }
    },
    {
      "text": {
        "content": "All the while I was praying to GOD to help and my prayer was answered.",
        "beginOffset": -1
      },
      "sentiment": {
        "magnitude": 0.3,
        "score": 0.3
      }
    },
    {
      "text": {
        "content": "Thank You GOD Very smart fellow,tries to communicate to you.",
        "beginOffset": -1
      },
      "sentiment": {
        "magnitude": 0.8,
        "score": 0.8
      }
    }
  ],
  "tokens": [],
  "entities": [
    {
      "name": "fellow",
      "type": "PERSON",
      "metadata": {},
      "salience": 0.15328245,
      "mentions": [
        {
          "text": {
            "content": "fellow",
            "beginOffset": -1
          },
          "type": "COMMON"
        },
        {
          "text": {
            "content": "fellow",
            "beginOffset": -1
          },
          "type": "COMMON"
        }
      ]
    },
    {
      "name": "Kitten",
      "type": "PERSON",
      "metadata": {},
      "salience": 0.12939896,
      "mentions": [
        {
          "text": {
            "content": "Kitten",
            "beginOffset": -1
          },
          "type": "COMMON"
        }
      ]
    },
    {
      "name": "fast lane",
      "type": "LOCATION",
      "metadata": {},
      "salience": 0.055326134,
      "mentions": [
        {
          "text": {
            "content": "fast lane",
            "beginOffset": -1
          },
          "type": "COMMON"
        }
      ]
    },
    {
      "name": "lane",
      "type": "LOCATION",
      "metadata": {},
      "salience": 0.055132434,
      "mentions": [
        {
          "text": {
            "content": "lane",
            "beginOffset": -1
          },
          "type": "COMMON"
        }
      ]
    },
    {
      "name": "road",
      "type": "LOCATION",
      "metadata": {},
      "salience": 0.05050225,
      "mentions": [
        {
          "text": {
            "content": "road",
            "beginOffset": -1
          },
          "type": "COMMON"
        }
      ]
    },
    {
      "name": "car",
      "type": "CONSUMER_GOOD",
      "metadata": {},
      "salience": 0.0500378,
      "mentions": [
        {
          "text": {
            "content": "car",
            "beginOffset": -1
          },
          "type": "COMMON"
        },
        {
          "text": {
            "content": "car",
            "beginOffset": -1
          },
          "type": "COMMON"
        },
        {
          "text": {
            "content": "car",
            "beginOffset": -1
          },
          "type": "COMMON"
        }
      ]
    },
    {
      "name": "vehicle",
      "type": "CONSUMER_GOOD",
      "metadata": {},
      "salience": 0.044623483,
      "mentions": [
        {
          "text": {
            "content": "vehicle",
            "beginOffset": -1
          },
          "type": "COMMON"
        }
      ]
    },
    {
      "name": "Kepong Central Station",
      "type": "LOCATION",
      "metadata": {},
      "salience": 0.026318355,
      "mentions": [
        {
          "text": {
            "content": "Kepong Central Station",
            "beginOffset": -1
          },
          "type": "PROPER"
        }
      ]
    },
    {
      "name": "car",
      "type": "CONSUMER_GOOD",
      "metadata": {},
      "salience": 0.02386332,
      "mentions": [
        {
          "text": {
            "content": "car",
            "beginOffset": -1
          },
          "type": "COMMON"
        }
      ]
    },
    {
      "name": "road",
      "type": "LOCATION",
      "metadata": {},
      "salience": 0.021567987,
      "mentions": [
        {
          "text": {
            "content": "road",
            "beginOffset": -1
          },
          "type": "COMMON"
        }
      ]
    },
    {
      "name": "traffic",
      "type": "OTHER",
      "metadata": {},
      "salience": 0.021479137,
      "mentions": [
        {
          "text": {
            "content": "traffic",
            "beginOffset": -1
          },
          "type": "COMMON"
        }
      ]
    },
    {
      "name": "halt",
      "type": "LOCATION",
      "metadata": {},
      "salience": 0.019129554,
      "mentions": [
        {
          "text": {
            "content": "halt",
            "beginOffset": -1
          },
          "type": "COMMON"
        }
      ]
    },
    {
      "name": "cars",
      "type": "CONSUMER_GOOD",
      "metadata": {},
      "salience": 0.019091694,
      "mentions": [
        {
          "text": {
            "content": "cars",
            "beginOffset": -1
          },
          "type": "COMMON"
        }
      ]
    },
    {
      "name": "driver",
      "type": "PERSON",
      "metadata": {},
      "salience": 0.019034587,
      "mentions": [
        {
          "text": {
            "content": "driver",
            "beginOffset": -1
          },
          "type": "COMMON"
        }
      ]
    },
    {
      "name": "cat food",
      "type": "CONSUMER_GOOD",
      "metadata": {},
      "salience": 0.017791616,
      "mentions": [
        {
          "text": {
            "content": "cat food",
            "beginOffset": -1
          },
          "type": "COMMON"
        }
      ]
    },
    {
      "name": "fellow",
      "type": "PERSON",
      "metadata": {},
      "salience": 0.016965026,
      "mentions": [
        {
          "text": {
            "content": "fellow",
            "beginOffset": -1
          },
          "type": "COMMON"
        }
      ]
    },
    {
      "name": "fellow",
      "type": "PERSON",
      "metadata": {},
      "salience": 0.016809776,
      "mentions": [
        {
          "text": {
            "content": "fellow",
            "beginOffset": -1
          },
          "type": "COMMON"
        }
      ]
    },
    {
      "name": "car",
      "type": "CONSUMER_GOOD",
      "metadata": {},
      "salience": 0.015976228,
      "mentions": [
        {
          "text": {
            "content": "car",
            "beginOffset": -1
          },
          "type": "COMMON"
        }
      ]
    },
    {
      "name": "lane",
      "type": "LOCATION",
      "metadata": {},
      "salience": 0.015896263,
      "mentions": [
        {
          "text": {
            "content": "lane",
            "beginOffset": -1
          },
          "type": "COMMON"
        }
      ]
    },
    {
      "name": "God",
      "type": "PERSON",
      "metadata": {
        "wikipedia_url": "https://en.wikipedia.org/wiki/God",
        "mid": "/m/0d05l6"
      },
      "salience": 0.015685486,
      "mentions": [
        {
          "text": {
            "content": "God",
            "beginOffset": -1
          },
          "type": "PROPER"
        },
        {
          "text": {
            "content": "GOD",
            "beginOffset": -1
          },
          "type": "PROPER"
        },
        {
          "text": {
            "content": "GOD",
            "beginOffset": -1
          },
          "type": "PROPER"
        }
      ]
    },
    {
      "name": "fellow",
      "type": "PERSON",
      "metadata": {},
      "salience": 0.013176216,
      "mentions": [
        {
          "text": {
            "content": "fellow",
            "beginOffset": -1
          },
          "type": "COMMON"
        }
      ]
    },
    {
      "name": "driver",
      "type": "PERSON",
      "metadata": {},
      "salience": 0.012961575,
      "mentions": [
        {
          "text": {
            "content": "driver",
            "beginOffset": -1
          },
          "type": "COMMON"
        }
      ]
    },
    {
      "name": "divider",
      "type": "OTHER",
      "metadata": {},
      "salience": 0.012942828,
      "mentions": [
        {
          "text": {
            "content": "divider",
            "beginOffset": -1
          },
          "type": "COMMON"
        }
      ]
    },
    {
      "name": "pavement",
      "type": "OTHER",
      "metadata": {},
      "salience": 0.012942828,
      "mentions": [
        {
          "text": {
            "content": "pavement",
            "beginOffset": -1
          },
          "type": "COMMON"
        }
      ]
    },
    {
      "name": "divider",
      "type": "OTHER",
      "metadata": {},
      "salience": 0.012926082,
      "mentions": [
        {
          "text": {
            "content": "divider",
            "beginOffset": -1
          },
          "type": "COMMON"
        }
      ]
    },
    {
      "name": "halt",
      "type": "EVENT",
      "metadata": {},
      "salience": 0.012824298,
      "mentions": [
        {
          "text": {
            "content": "halt",
            "beginOffset": -1
          },
          "type": "COMMON"
        }
      ]
    },
    {
      "name": "piece",
      "type": "WORK_OF_ART",
      "metadata": {},
      "salience": 0.0123754935,
      "mentions": [
        {
          "text": {
            "content": "piece",
            "beginOffset": -1
          },
          "type": "COMMON"
        }
      ]
    },
    {
      "name": "kind",
      "type": "OTHER",
      "metadata": {},
      "salience": 0.012257902,
      "mentions": [
        {
          "text": {
            "content": "kind",
            "beginOffset": -1
          },
          "type": "COMMON"
        }
      ]
    },
    {
      "name": "cat food",
      "type": "CONSUMER_GOOD",
      "metadata": {},
      "salience": 0.011920344,
      "mentions": [
        {
          "text": {
            "content": "cat food",
            "beginOffset": -1
          },
          "type": "COMMON"
        }
      ]
    },
    {
      "name": "pavement",
      "type": "OTHER",
      "metadata": {},
      "salience": 0.011860573,
      "mentions": [
        {
          "text": {
            "content": "pavement",
            "beginOffset": -1
          },
          "type": "COMMON"
        }
      ]
    },
    {
      "name": "traffic",
      "type": "OTHER",
      "metadata": {},
      "salience": 0.011846687,
      "mentions": [
        {
          "text": {
            "content": "traffic",
            "beginOffset": -1
          },
          "type": "COMMON"
        }
      ]
    },
    {
      "name": "side",
      "type": "OTHER",
      "metadata": {},
      "salience": 0.011369989,
      "mentions": [
        {
          "text": {
            "content": "side",
            "beginOffset": -1
          },
          "type": "COMMON"
        }
      ]
    },
    {
      "name": "land",
      "type": "LOCATION",
      "metadata": {},
      "salience": 0.010418995,
      "mentions": [
        {
          "text": {
            "content": "land",
            "beginOffset": -1
          },
          "type": "COMMON"
        }
      ]
    },
    {
      "name": "fellow",
      "type": "PERSON",
      "metadata": {},
      "salience": 0.00814034,
      "mentions": [
        {
          "text": {
            "content": "fellow",
            "beginOffset": -1
          },
          "type": "COMMON"
        }
      ]
    },
    {
      "name": "part",
      "type": "OTHER",
      "metadata": {},
      "salience": 0.007813139,
      "mentions": [
        {
          "text": {
            "content": "part",
            "beginOffset": -1
          },
          "type": "COMMON"
        }
      ]
    },
    {
      "name": "him.",
      "type": "OTHER",
      "metadata": {},
      "salience": 0.0078069395,
      "mentions": [
        {
          "text": {
            "content": "him.",
            "beginOffset": -1
          },
          "type": "COMMON"
        }
      ]
    },
    {
      "name": "food",
      "type": "OTHER",
      "metadata": {},
      "salience": 0.0068156486,
      "mentions": [
        {
          "text": {
            "content": "food",
            "beginOffset": -1
          },
          "type": "COMMON"
        }
      ]
    },
    {
      "name": "hold",
      "type": "OTHER",
      "metadata": {},
      "salience": 0.0054601696,
      "mentions": [
        {
          "text": {
            "content": "hold",
            "beginOffset": -1
          },
          "type": "COMMON"
        }
      ]
    },
    {
      "name": "prayer",
      "type": "OTHER",
      "metadata": {},
      "salience": 0.0054563303,
      "mentions": [
        {
          "text": {
            "content": "prayer",
            "beginOffset": -1
          },
          "type": "COMMON"
        }
      ]
    },
    {
      "name": "kitten",
      "type": "PERSON",
      "metadata": {},
      "salience": 0.003907295,
      "mentions": [
        {
          "text": {
            "content": "kitten",
            "beginOffset": -1
          },
          "type": "COMMON"
        }
      ]
    },
    {
      "name": "taxi stand",
      "type": "LOCATION",
      "metadata": {},
      "salience": 0.003435151,
      "mentions": [
        {
          "text": {
            "content": "taxi stand",
            "beginOffset": -1
          },
          "type": "COMMON"
        }
      ]
    },
    {
      "name": "drain",
      "type": "OTHER",
      "metadata": {},
      "salience": 0.0034286384,
      "mentions": [
        {
          "text": {
            "content": "drain",
            "beginOffset": -1
          },
          "type": "COMMON"
        }
      ]
    }
  ],
  "documentSentiment": {
    "magnitude": 6.6,
    "score": 0
  },
  "language": "en",
  "categories": []
}
