{
  "sentences": [
    {
      "text": {
        "content": "Hi!",
        "beginOffset": -1
      },
      "sentiment": {
        "magnitude": 0.3,
        "score": 0.3
      }
    },
    {
      "text": {
        "content": "We are Moomoo(B&amp;W with black spot under mouth), Galgal (White&amp;Orange) and Kecik (B&amp;W) We are 3 months old now, found by the roadside at midnight by our hooman, but hooman already has 4 cats so we are looking for a loving owner and a forever home!",
        "beginOffset": -1
      },
      "sentiment": {
        "magnitude": 0.8,
        "score": 0.8
      }
    },
    {
      "text": {
        "content": "We loveeeeee to play and can run all day and play hide-and-seek with each other.",
        "beginOffset": -1
      },
      "sentiment": {
        "magnitude": 0.7,
        "score": 0.7
      }
    },
    {
      "text": {
        "content": "We are litter-trained, cage-trained and hope to be adopted together.",
        "beginOffset": -1
      },
      "sentiment": {
        "magnitude": 0.2,
        "score": 0.2
      }
    },
    {
      "text": {
        "content": "If you'd like to be our forever family please call/whatssap (Sugee)",
        "beginOffset": -1
      },
      "sentiment": {
        "magnitude": 0.2,
        "score": 0.2
      }
    }
  ],
  "tokens": [],
  "entities": [
    {
      "name": "black spot",
      "type": "OTHER",
      "metadata": {},
      "salience": 0.15092966,
      "mentions": [
        {
          "text": {
            "content": "black spot",
            "beginOffset": -1
          },
          "type": "COMMON"
        }
      ]
    },
    {
      "name": "mouth",
      "type": "OTHER",
      "metadata": {},
      "salience": 0.15092966,
      "mentions": [
        {
          "text": {
            "content": "mouth",
            "beginOffset": -1
          },
          "type": "COMMON"
        }
      ]
    },
    {
      "name": "Moomoo",
      "type": "PERSON",
      "metadata": {
        "mid": "/g/11c73hgtn1"
      },
      "salience": 0.11358698,
      "mentions": [
        {
          "text": {
            "content": "Moomoo",
            "beginOffset": -1
          },
          "type": "PROPER"
        }
      ]
    },
    {
      "name": "B&W",
      "type": "ORGANIZATION",
      "metadata": {
        "mid": "/m/074_kz",
        "wikipedia_url": "https://en.wikipedia.org/wiki/Bowers_&_Wilkins"
      },
      "salience": 0.10259298,
      "mentions": [
        {
          "text": {
            "content": "B&amp;W",
            "beginOffset": -1
          },
          "type": "PROPER"
        }
      ]
    },
    {
      "name": "B&W",
      "type": "OTHER",
      "metadata": {},
      "salience": 0.06615129,
      "mentions": [
        {
          "text": {
            "content": "B&amp;W",
            "beginOffset": -1
          },
          "type": "COMMON"
        }
      ]
    },
    {
      "name": "hooman",
      "type": "PERSON",
      "metadata": {},
      "salience": 0.052500997,
      "mentions": [
        {
          "text": {
            "content": "hooman",
            "beginOffset": -1
          },
          "type": "COMMON"
        }
      ]
    },
    {
      "name": "hooman",
      "type": "PERSON",
      "metadata": {},
      "salience": 0.04480616,
      "mentions": [
        {
          "text": {
            "content": "hooman",
            "beginOffset": -1
          },
          "type": "COMMON"
        }
      ]
    },
    {
      "name": "cats",
      "type": "OTHER",
      "metadata": {},
      "salience": 0.03987938,
      "mentions": [
        {
          "text": {
            "content": "cats",
            "beginOffset": -1
          },
          "type": "COMMON"
        }
      ]
    },
    {
      "name": "owner",
      "type": "PERSON",
      "metadata": {},
      "salience": 0.03987938,
      "mentions": [
        {
          "text": {
            "content": "owner",
            "beginOffset": -1
          },
          "type": "COMMON"
        }
      ]
    },
    {
      "name": "roadside",
      "type": "OTHER",
      "metadata": {},
      "salience": 0.039395235,
      "mentions": [
        {
          "text": {
            "content": "roadside",
            "beginOffset": -1
          },
          "type": "COMMON"
        }
      ]
    },
    {
      "name": "home",
      "type": "LOCATION",
      "metadata": {},
      "salience": 0.036610376,
      "mentions": [
        {
          "text": {
            "content": "home",
            "beginOffset": -1
          },
          "type": "COMMON"
        }
      ]
    },
    {
      "name": "Kecik",
      "type": "PERSON",
      "metadata": {},
      "salience": 0.03455055,
      "mentions": [
        {
          "text": {
            "content": "Kecik",
            "beginOffset": -1
          },
          "type": "PROPER"
        }
      ]
    },
    {
      "name": "White&Orange",
      "type": "CONSUMER_GOOD",
      "metadata": {},
      "salience": 0.03455055,
      "mentions": [
        {
          "text": {
            "content": "White&amp;Orange",
            "beginOffset": -1
          },
          "type": "PROPER"
        }
      ]
    },
    {
      "name": "Galgal",
      "type": "PERSON",
      "metadata": {},
      "salience": 0.03455055,
      "mentions": [
        {
          "text": {
            "content": "Galgal",
            "beginOffset": -1
          },
          "type": "PROPER"
        }
      ]
    },
    {
      "name": "family",
      "type": "PERSON",
      "metadata": {},
      "salience": 0.023586888,
      "mentions": [
        {
          "text": {
            "content": "family",
            "beginOffset": -1
          },
          "type": "COMMON"
        }
      ]
    },
    {
      "name": "hide-and-seek",
      "type": "OTHER",
      "metadata": {},
      "salience": 0.012084658,
      "mentions": [
        {
          "text": {
            "content": "hide-and-seek",
            "beginOffset": -1
          },
          "type": "COMMON"
        }
      ]
    },
    {
      "name": "each other",
      "type": "PERSON",
      "metadata": {},
      "salience": 0.012084658,
      "mentions": [
        {
          "text": {
            "content": "each other",
            "beginOffset": -1
          },
          "type": "COMMON"
        }
      ]
    },
    {
      "name": "Sugee",
      "type": "PERSON",
      "metadata": {},
      "salience": 0.011330026,
      "mentions": [
        {
          "text": {
            "content": "Sugee",
            "beginOffset": -1
          },
          "type": "PROPER"
        }
      ]
    }
  ],
  "documentSentiment": {
    "magnitude": 2.4,
    "score": 0.4
  },
  "language": "en",
  "categories": []
}
