{
  "sentences": [
    {
      "text": {
        "content": "Presumably abandoned and estimated to be around 5 years old.",
        "beginOffset": -1
      },
      "sentiment": {
        "magnitude": 0.4,
        "score": -0.4
      }
    },
    {
      "text": {
        "content": "We doubt that she has been spayed.",
        "beginOffset": -1
      },
      "sentiment": {
        "magnitude": 0,
        "score": 0
      }
    },
    {
      "text": {
        "content": "We saw her wandering around the neighbourhood for a few days before she settled outside our house.",
        "beginOffset": -1
      },
      "sentiment": {
        "magnitude": 0.4,
        "score": 0.4
      }
    },
    {
      "text": {
        "content": "Vet has treated her high fever and minor liver disease already, but her paws are injured and are currently being treated.",
        "beginOffset": -1
      },
      "sentiment": {
        "magnitude": 0.3,
        "score": 0.3
      }
    },
    {
      "text": {
        "content": "Recovery time estimated to be around 1 to 2 weeks.",
        "beginOffset": -1
      },
      "sentiment": {
        "magnitude": 0,
        "score": 0
      }
    },
    {
      "text": {
        "content": "Being nursed back to health and we are looking for someone to adopt her.",
        "beginOffset": -1
      },
      "sentiment": {
        "magnitude": 0.2,
        "score": 0.2
      }
    },
    {
      "text": {
        "content": "She is very tame, quiet and well tempered.",
        "beginOffset": -1
      },
      "sentiment": {
        "magnitude": 0.8,
        "score": 0.8
      }
    },
    {
      "text": {
        "content": "Minor injuries from living on the streets but is making a quick recovery.",
        "beginOffset": -1
      },
      "sentiment": {
        "magnitude": 0.9,
        "score": 0.9
      }
    },
    {
      "text": {
        "content": "Please comment your contact details or direct message me via email if you are interested.",
        "beginOffset": -1
      },
      "sentiment": {
        "magnitude": 0.2,
        "score": -0.2
      }
    }
  ],
  "tokens": [],
  "entities": [
    {
      "name": "someone",
      "type": "PERSON",
      "metadata": {},
      "salience": 0.12868014,
      "mentions": [
        {
          "text": {
            "content": "someone",
            "beginOffset": -1
          },
          "type": "COMMON"
        }
      ]
    },
    {
      "name": "neighbourhood",
      "type": "LOCATION",
      "metadata": {},
      "salience": 0.11853814,
      "mentions": [
        {
          "text": {
            "content": "neighbourhood",
            "beginOffset": -1
          },
          "type": "COMMON"
        }
      ]
    },
    {
      "name": "paws",
      "type": "OTHER",
      "metadata": {},
      "salience": 0.09032577,
      "mentions": [
        {
          "text": {
            "content": "paws",
            "beginOffset": -1
          },
          "type": "COMMON"
        }
      ]
    },
    {
      "name": "house",
      "type": "LOCATION",
      "metadata": {},
      "salience": 0.080219105,
      "mentions": [
        {
          "text": {
            "content": "house",
            "beginOffset": -1
          },
          "type": "COMMON"
        }
      ]
    },
    {
      "name": "fever",
      "type": "OTHER",
      "metadata": {},
      "salience": 0.07993751,
      "mentions": [
        {
          "text": {
            "content": "fever",
            "beginOffset": -1
          },
          "type": "COMMON"
        }
      ]
    },
    {
      "name": "liver disease",
      "type": "OTHER",
      "metadata": {},
      "salience": 0.07993751,
      "mentions": [
        {
          "text": {
            "content": "liver disease",
            "beginOffset": -1
          },
          "type": "COMMON"
        }
      ]
    },
    {
      "name": "health",
      "type": "OTHER",
      "metadata": {},
      "salience": 0.073915556,
      "mentions": [
        {
          "text": {
            "content": "health",
            "beginOffset": -1
          },
          "type": "COMMON"
        }
      ]
    },
    {
      "name": "recovery",
      "type": "EVENT",
      "metadata": {},
      "salience": 0.07324454,
      "mentions": [
        {
          "text": {
            "content": "recovery",
            "beginOffset": -1
          },
          "type": "COMMON"
        }
      ]
    },
    {
      "name": "injuries",
      "type": "OTHER",
      "metadata": {},
      "salience": 0.05558041,
      "mentions": [
        {
          "text": {
            "content": "injuries",
            "beginOffset": -1
          },
          "type": "COMMON"
        }
      ]
    },
    {
      "name": "streets",
      "type": "LOCATION",
      "metadata": {},
      "salience": 0.05558041,
      "mentions": [
        {
          "text": {
            "content": "streets",
            "beginOffset": -1
          },
          "type": "COMMON"
        }
      ]
    },
    {
      "name": "Vet",
      "type": "ORGANIZATION",
      "metadata": {
        "mid": "/m/01hbsc",
        "wikipedia_url": "https://en.wikipedia.org/wiki/Veterinary_physician"
      },
      "salience": 0.047368076,
      "mentions": [
        {
          "text": {
            "content": "Vet",
            "beginOffset": -1
          },
          "type": "PROPER"
        }
      ]
    },
    {
      "name": "contact details",
      "type": "OTHER",
      "metadata": {},
      "salience": 0.03889094,
      "mentions": [
        {
          "text": {
            "content": "contact details",
            "beginOffset": -1
          },
          "type": "COMMON"
        }
      ]
    },
    {
      "name": "message",
      "type": "OTHER",
      "metadata": {},
      "salience": 0.03889094,
      "mentions": [
        {
          "text": {
            "content": "message",
            "beginOffset": -1
          },
          "type": "COMMON"
        }
      ]
    },
    {
      "name": "email",
      "type": "OTHER",
      "metadata": {},
      "salience": 0.03889094,
      "mentions": [
        {
          "text": {
            "content": "email",
            "beginOffset": -1
          },
          "type": "COMMON"
        }
      ]
    }
  ],
  "documentSentiment": {
    "magnitude": 3.5,
    "score": 0.2
  },
  "language": "en",
  "categories": []
}
