{
  "sentences": [
    {
      "text": {
        "content": "Miu Miu was given to my housemate in the past 3 months.",
        "beginOffset": -1
      },
      "sentiment": {
        "magnitude": 0,
        "score": 0
      }
    },
    {
      "text": {
        "content": "She is very cuddly and love being petted.",
        "beginOffset": -1
      },
      "sentiment": {
        "magnitude": 0.9,
        "score": 0.9
      }
    },
    {
      "text": {
        "content": "Rather shy at first, but once she has warmed up to you she will be very &quot;manja&quot; .",
        "beginOffset": -1
      },
      "sentiment": {
        "magnitude": 0,
        "score": 0
      }
    },
    {
      "text": {
        "content": "She love any wet cat food and we are giving her Pro-Diet kibbles at the moment.",
        "beginOffset": -1
      },
      "sentiment": {
        "magnitude": 0.7,
        "score": 0.7
      }
    },
    {
      "text": {
        "content": "Sadly, my housemate has developed an asthma allergic towards cat's fur and her health has deteriorated.",
        "beginOffset": -1
      },
      "sentiment": {
        "magnitude": 0.8,
        "score": -0.8
      }
    },
    {
      "text": {
        "content": "As I'm always away from town as well, we have decided to find her a new home.",
        "beginOffset": -1
      },
      "sentiment": {
        "magnitude": 0.3,
        "score": 0.3
      }
    },
    {
      "text": {
        "content": "Miu Miu is very curious and loves to play.",
        "beginOffset": -1
      },
      "sentiment": {
        "magnitude": 0.9,
        "score": 0.9
      }
    },
    {
      "text": {
        "content": "She has been kept indoor for now.",
        "beginOffset": -1
      },
      "sentiment": {
        "magnitude": 0.5,
        "score": 0.5
      }
    },
    {
      "text": {
        "content": "She will be vaccinated and neutered soon.",
        "beginOffset": -1
      },
      "sentiment": {
        "magnitude": 0,
        "score": 0
      }
    },
    {
      "text": {
        "content": "We are looking for a new owner who could care for Miu Miu, dote on her and provide her with a loving family!",
        "beginOffset": -1
      },
      "sentiment": {
        "magnitude": 0.9,
        "score": 0.9
      }
    }
  ],
  "tokens": [],
  "entities": [
    {
      "name": "Miu Miu",
      "type": "PERSON",
      "metadata": {},
      "salience": 0.5307122,
      "mentions": [
        {
          "text": {
            "content": "Miu Miu",
            "beginOffset": -1
          },
          "type": "PROPER"
        }
      ]
    },
    {
      "name": "housemate",
      "type": "PERSON",
      "metadata": {},
      "salience": 0.39686197,
      "mentions": [
        {
          "text": {
            "content": "housemate",
            "beginOffset": -1
          },
          "type": "COMMON"
        },
        {
          "text": {
            "content": "housemate",
            "beginOffset": -1
          },
          "type": "COMMON"
        }
      ]
    },
    {
      "name": "Miu Miu",
      "type": "OTHER",
      "metadata": {
        "wikipedia_url": "https://en.wikipedia.org/wiki/Miu_Miu",
        "mid": "/m/0h01k9"
      },
      "salience": 0.0075771064,
      "mentions": [
        {
          "text": {
            "content": "Miu Miu",
            "beginOffset": -1
          },
          "type": "PROPER"
        },
        {
          "text": {
            "content": "Miu Miu",
            "beginOffset": -1
          },
          "type": "PROPER"
        }
      ]
    },
    {
      "name": "manja",
      "type": "OTHER",
      "metadata": {},
      "salience": 0.0074048485,
      "mentions": [
        {
          "text": {
            "content": "manja",
            "beginOffset": -1
          },
          "type": "COMMON"
        }
      ]
    },
    {
      "name": "cat",
      "type": "OTHER",
      "metadata": {},
      "salience": 0.006883482,
      "mentions": [
        {
          "text": {
            "content": "cat",
            "beginOffset": -1
          },
          "type": "COMMON"
        }
      ]
    },
    {
      "name": "cat food",
      "type": "CONSUMER_GOOD",
      "metadata": {},
      "salience": 0.00637122,
      "mentions": [
        {
          "text": {
            "content": "cat food",
            "beginOffset": -1
          },
          "type": "COMMON"
        }
      ]
    },
    {
      "name": "asthma",
      "type": "OTHER",
      "metadata": {},
      "salience": 0.0060501653,
      "mentions": [
        {
          "text": {
            "content": "asthma",
            "beginOffset": -1
          },
          "type": "COMMON"
        }
      ]
    },
    {
      "name": "fur",
      "type": "OTHER",
      "metadata": {},
      "salience": 0.0060501653,
      "mentions": [
        {
          "text": {
            "content": "fur",
            "beginOffset": -1
          },
          "type": "COMMON"
        }
      ]
    },
    {
      "name": "health",
      "type": "OTHER",
      "metadata": {},
      "salience": 0.0060501653,
      "mentions": [
        {
          "text": {
            "content": "health",
            "beginOffset": -1
          },
          "type": "COMMON"
        }
      ]
    },
    {
      "name": "kibbles",
      "type": "OTHER",
      "metadata": {},
      "salience": 0.0059928824,
      "mentions": [
        {
          "text": {
            "content": "kibbles",
            "beginOffset": -1
          },
          "type": "COMMON"
        }
      ]
    },
    {
      "name": "town",
      "type": "LOCATION",
      "metadata": {},
      "salience": 0.0055406606,
      "mentions": [
        {
          "text": {
            "content": "town",
            "beginOffset": -1
          },
          "type": "COMMON"
        }
      ]
    },
    {
      "name": "owner",
      "type": "PERSON",
      "metadata": {},
      "salience": 0.0051910435,
      "mentions": [
        {
          "text": {
            "content": "owner",
            "beginOffset": -1
          },
          "type": "COMMON"
        }
      ]
    },
    {
      "name": "Pro-Diet",
      "type": "OTHER",
      "metadata": {
        "wikipedia_url": "https://en.wikipedia.org/wiki/Diet_(nutrition)",
        "mid": "/m/02zkwn"
      },
      "salience": 0.00354854,
      "mentions": [
        {
          "text": {
            "content": "Pro-Diet",
            "beginOffset": -1
          },
          "type": "PROPER"
        }
      ]
    },
    {
      "name": "family",
      "type": "PERSON",
      "metadata": {},
      "salience": 0.0029091546,
      "mentions": [
        {
          "text": {
            "content": "family",
            "beginOffset": -1
          },
          "type": "COMMON"
        }
      ]
    },
    {
      "name": "home",
      "type": "LOCATION",
      "metadata": {},
      "salience": 0.0028564236,
      "mentions": [
        {
          "text": {
            "content": "home",
            "beginOffset": -1
          },
          "type": "COMMON"
        }
      ]
    }
  ],
  "documentSentiment": {
    "magnitude": 5.4,
    "score": 0.3
  },
  "language": "en",
  "categories": []
}
