{
  "sentences": [
    {
      "text": {
        "content": "A stray kitten around a coffee shop at Seksyen 17, Pumpkin was rescued by my friend from a neighbour that was driving her away by hosing her with water.",
        "beginOffset": -1
      },
      "sentiment": {
        "magnitude": 0.7,
        "score": 0.7
      }
    },
    {
      "text": {
        "content": "She has since been dewormed, de ticked, cleaned up and cured of her flu and conjunctivitis.",
        "beginOffset": -1
      },
      "sentiment": {
        "magnitude": 0.8,
        "score": 0.8
      }
    },
    {
      "text": {
        "content": "She is now a real happy and playful kitten.",
        "beginOffset": -1
      },
      "sentiment": {
        "magnitude": 0.9,
        "score": 0.9
      }
    },
    {
      "text": {
        "content": "She plays pretty much most of the time and is friendly with humans and dogs.",
        "beginOffset": -1
      },
      "sentiment": {
        "magnitude": 0.8,
        "score": 0.8
      }
    },
    {
      "text": {
        "content": "Pumpkin has medium hair but is quite fluffy and would probably grow up to be really furry and beautiful.",
        "beginOffset": -1
      },
      "sentiment": {
        "magnitude": 0.9,
        "score": 0.9
      }
    },
    {
      "text": {
        "content": "Our housemate has remarked that she is one pretty kitten.",
        "beginOffset": -1
      },
      "sentiment": {
        "magnitude": 0.3,
        "score": 0.3
      }
    },
    {
      "text": {
        "content": "We are looking for a good family to take her in, a family that will neuter her when the time comes (a must: we can chip in the costs), and will love her for all she deserves.",
        "beginOffset": -1
      },
      "sentiment": {
        "magnitude": 0.9,
        "score": 0.9
      }
    },
    {
      "text": {
        "content": "It would be great if the new family has a playful kitten or cat to play with it too.",
        "beginOffset": -1
      },
      "sentiment": {
        "magnitude": 0.7,
        "score": 0.7
      }
    },
    {
      "text": {
        "content": "Thank you!",
        "beginOffset": -1
      },
      "sentiment": {
        "magnitude": 0.1,
        "score": 0.1
      }
    }
  ],
  "tokens": [],
  "entities": [
    {
      "name": "kitten",
      "type": "PERSON",
      "metadata": {},
      "salience": 0.5053909,
      "mentions": [
        {
          "text": {
            "content": "kitten",
            "beginOffset": -1
          },
          "type": "COMMON"
        },
        {
          "text": {
            "content": "kitten",
            "beginOffset": -1
          },
          "type": "COMMON"
        }
      ]
    },
    {
      "name": "Pumpkin",
      "type": "OTHER",
      "metadata": {
        "wikipedia_url": "https://en.wikipedia.org/wiki/Pumpkin",
        "mid": "/m/05zsy"
      },
      "salience": 0.14194818,
      "mentions": [
        {
          "text": {
            "content": "Pumpkin",
            "beginOffset": -1
          },
          "type": "PROPER"
        }
      ]
    },
    {
      "name": "housemate",
      "type": "PERSON",
      "metadata": {},
      "salience": 0.060383055,
      "mentions": [
        {
          "text": {
            "content": "housemate",
            "beginOffset": -1
          },
          "type": "COMMON"
        },
        {
          "text": {
            "content": "kitten",
            "beginOffset": -1
          },
          "type": "COMMON"
        }
      ]
    },
    {
      "name": "family",
      "type": "PERSON",
      "metadata": {},
      "salience": 0.046101306,
      "mentions": [
        {
          "text": {
            "content": "family",
            "beginOffset": -1
          },
          "type": "COMMON"
        },
        {
          "text": {
            "content": "family",
            "beginOffset": -1
          },
          "type": "COMMON"
        }
      ]
    },
    {
      "name": "coffee shop",
      "type": "LOCATION",
      "metadata": {},
      "salience": 0.044543803,
      "mentions": [
        {
          "text": {
            "content": "coffee shop",
            "beginOffset": -1
          },
          "type": "COMMON"
        }
      ]
    },
    {
      "name": "friend",
      "type": "PERSON",
      "metadata": {},
      "salience": 0.044543803,
      "mentions": [
        {
          "text": {
            "content": "friend",
            "beginOffset": -1
          },
          "type": "COMMON"
        }
      ]
    },
    {
      "name": "neighbour",
      "type": "PERSON",
      "metadata": {},
      "salience": 0.044543803,
      "mentions": [
        {
          "text": {
            "content": "neighbour",
            "beginOffset": -1
          },
          "type": "COMMON"
        }
      ]
    },
    {
      "name": "Seksyen 17",
      "type": "LOCATION",
      "metadata": {
        "mid": "/g/1tfzd80h"
      },
      "salience": 0.026705433,
      "mentions": [
        {
          "text": {
            "content": "Seksyen 17",
            "beginOffset": -1
          },
          "type": "PROPER"
        }
      ]
    },
    {
      "name": "water",
      "type": "OTHER",
      "metadata": {},
      "salience": 0.017218288,
      "mentions": [
        {
          "text": {
            "content": "water",
            "beginOffset": -1
          },
          "type": "COMMON"
        }
      ]
    },
    {
      "name": "de",
      "type": "PERSON",
      "metadata": {},
      "salience": 0.008313918,
      "mentions": [
        {
          "text": {
            "content": "de",
            "beginOffset": -1
          },
          "type": "COMMON"
        }
      ]
    },
    {
      "name": "Pumpkin",
      "type": "OTHER",
      "metadata": {},
      "salience": 0.007503991,
      "mentions": [
        {
          "text": {
            "content": "Pumpkin",
            "beginOffset": -1
          },
          "type": "COMMON"
        }
      ]
    },
    {
      "name": "humans",
      "type": "PERSON",
      "metadata": {},
      "salience": 0.005638984,
      "mentions": [
        {
          "text": {
            "content": "humans",
            "beginOffset": -1
          },
          "type": "COMMON"
        }
      ]
    },
    {
      "name": "dogs",
      "type": "OTHER",
      "metadata": {},
      "salience": 0.005638984,
      "mentions": [
        {
          "text": {
            "content": "dogs",
            "beginOffset": -1
          },
          "type": "COMMON"
        }
      ]
    },
    {
      "name": "hair",
      "type": "OTHER",
      "metadata": {},
      "salience": 0.0056235758,
      "mentions": [
        {
          "text": {
            "content": "hair",
            "beginOffset": -1
          },
          "type": "COMMON"
        }
      ]
    },
    {
      "name": "conjunctivitis",
      "type": "OTHER",
      "metadata": {},
      "salience": 0.0056178067,
      "mentions": [
        {
          "text": {
            "content": "conjunctivitis",
            "beginOffset": -1
          },
          "type": "COMMON"
        }
      ]
    },
    {
      "name": "flu",
      "type": "OTHER",
      "metadata": {},
      "salience": 0.0056178067,
      "mentions": [
        {
          "text": {
            "content": "flu",
            "beginOffset": -1
          },
          "type": "COMMON"
        }
      ]
    },
    {
      "name": "family",
      "type": "PERSON",
      "metadata": {},
      "salience": 0.003966498,
      "mentions": [
        {
          "text": {
            "content": "family",
            "beginOffset": -1
          },
          "type": "COMMON"
        }
      ]
    },
    {
      "name": "must",
      "type": "OTHER",
      "metadata": {},
      "salience": 0.0038755871,
      "mentions": [
        {
          "text": {
            "content": "must",
            "beginOffset": -1
          },
          "type": "COMMON"
        }
      ]
    },
    {
      "name": "costs",
      "type": "OTHER",
      "metadata": {},
      "salience": 0.0038755871,
      "mentions": [
        {
          "text": {
            "content": "costs",
            "beginOffset": -1
          },
          "type": "COMMON"
        }
      ]
    },
    {
      "name": "all",
      "type": "OTHER",
      "metadata": {},
      "salience": 0.0038755871,
      "mentions": [
        {
          "text": {
            "content": "all",
            "beginOffset": -1
          },
          "type": "COMMON"
        }
      ]
    },
    {
      "name": "kitten",
      "type": "PERSON",
      "metadata": {},
      "salience": 0.003630922,
      "mentions": [
        {
          "text": {
            "content": "kitten",
            "beginOffset": -1
          },
          "type": "COMMON"
        }
      ]
    },
    {
      "name": "most",
      "type": "OTHER",
      "metadata": {},
      "salience": 0.002732703,
      "mentions": [
        {
          "text": {
            "content": "most",
            "beginOffset": -1
          },
          "type": "COMMON"
        }
      ]
    },
    {
      "name": "cat",
      "type": "OTHER",
      "metadata": {},
      "salience": 0.0027095205,
      "mentions": [
        {
          "text": {
            "content": "cat",
            "beginOffset": -1
          },
          "type": "COMMON"
        }
      ]
    }
  ],
  "documentSentiment": {
    "magnitude": 6.5,
    "score": 0.7
  },
  "language": "en",
  "categories": []
}
