{
  "sentences": [
    {
      "text": {
        "content": "She always come to me while I get my car key on,a bell attach on it.for the pass 2months I been feeding her which when she come to me at my parking lot,but am getting complain from my apartment management office,the reason I ask for help here is,this cat is pregnant.i couldn't keep her longer here with all the new born,could some one help Tis poor feller.",
        "beginOffset": -1
      },
      "sentiment": {
        "magnitude": 0.8,
        "score": -0.8
      }
    }
  ],
  "tokens": [],
  "entities": [
    {
      "name": "car key",
      "type": "OTHER",
      "metadata": {},
      "salience": 0.4399158,
      "mentions": [
        {
          "text": {
            "content": "car key",
            "beginOffset": -1
          },
          "type": "COMMON"
        }
      ]
    },
    {
      "name": "bell",
      "type": "OTHER",
      "metadata": {},
      "salience": 0.13781664,
      "mentions": [
        {
          "text": {
            "content": "bell",
            "beginOffset": -1
          },
          "type": "COMMON"
        }
      ]
    },
    {
      "name": "reason",
      "type": "OTHER",
      "metadata": {},
      "salience": 0.10446948,
      "mentions": [
        {
          "text": {
            "content": "reason",
            "beginOffset": -1
          },
          "type": "COMMON"
        }
      ]
    },
    {
      "name": "parking lot",
      "type": "LOCATION",
      "metadata": {},
      "salience": 0.094836935,
      "mentions": [
        {
          "text": {
            "content": "parking lot",
            "beginOffset": -1
          },
          "type": "COMMON"
        }
      ]
    },
    {
      "name": "apartment management office",
      "type": "ORGANIZATION",
      "metadata": {},
      "salience": 0.08712793,
      "mentions": [
        {
          "text": {
            "content": "apartment management office",
            "beginOffset": -1
          },
          "type": "COMMON"
        }
      ]
    },
    {
      "name": "feller",
      "type": "PERSON",
      "metadata": {},
      "salience": 0.046268523,
      "mentions": [
        {
          "text": {
            "content": "feller",
            "beginOffset": -1
          },
          "type": "COMMON"
        }
      ]
    },
    {
      "name": "help",
      "type": "OTHER",
      "metadata": {},
      "salience": 0.033071876,
      "mentions": [
        {
          "text": {
            "content": "help",
            "beginOffset": -1
          },
          "type": "COMMON"
        }
      ]
    },
    {
      "name": "cat",
      "type": "OTHER",
      "metadata": {},
      "salience": 0.029065952,
      "mentions": [
        {
          "text": {
            "content": "cat",
            "beginOffset": -1
          },
          "type": "COMMON"
        }
      ]
    },
    {
      "name": "Tis",
      "type": "OTHER",
      "metadata": {},
      "salience": 0.02742686,
      "mentions": [
        {
          "text": {
            "content": "Tis",
            "beginOffset": -1
          },
          "type": "PROPER"
        }
      ]
    }
  ],
  "documentSentiment": {
    "magnitude": 0.8,
    "score": -0.8
  },
  "language": "en",
  "categories": []
}
