{
  "sentences": [
    {
      "text": {
        "content": "Find someone who love cat to adopt them.",
        "beginOffset": -1
      },
      "sentiment": {
        "magnitude": 0.6,
        "score": 0.6
      }
    },
    {
      "text": {
        "content": "Along - 3 color (Black, White &amp; Golden) Angah - 1 color (orange) They born on 9 April Healthy and playful",
        "beginOffset": -1
      },
      "sentiment": {
        "magnitude": 0.8,
        "score": 0.8
      }
    }
  ],
  "tokens": [],
  "entities": [
    {
      "name": "someone",
      "type": "PERSON",
      "metadata": {},
      "salience": 0.69219613,
      "mentions": [
        {
          "text": {
            "content": "someone",
            "beginOffset": -1
          },
          "type": "COMMON"
        }
      ]
    },
    {
      "name": "cat",
      "type": "OTHER",
      "metadata": {},
      "salience": 0.22230004,
      "mentions": [
        {
          "text": {
            "content": "cat",
            "beginOffset": -1
          },
          "type": "COMMON"
        }
      ]
    },
    {
      "name": "color",
      "type": "OTHER",
      "metadata": {},
      "salience": 0.034487613,
      "mentions": [
        {
          "text": {
            "content": "color",
            "beginOffset": -1
          },
          "type": "COMMON"
        }
      ]
    },
    {
      "name": "Black",
      "type": "OTHER",
      "metadata": {},
      "salience": 0.030758742,
      "mentions": [
        {
          "text": {
            "content": "Black",
            "beginOffset": -1
          },
          "type": "COMMON"
        }
      ]
    },
    {
      "name": "color",
      "type": "OTHER",
      "metadata": {},
      "salience": 0.010780095,
      "mentions": [
        {
          "text": {
            "content": "color",
            "beginOffset": -1
          },
          "type": "COMMON"
        }
      ]
    },
    {
      "name": "orange",
      "type": "OTHER",
      "metadata": {},
      "salience": 0.009477409,
      "mentions": [
        {
          "text": {
            "content": "orange",
            "beginOffset": -1
          },
          "type": "COMMON"
        }
      ]
    }
  ],
  "documentSentiment": {
    "magnitude": 1.5,
    "score": 0.7
  },
  "language": "en",
  "categories": []
}
