{
  "sentences": [
    {
      "text": {
        "content": "I need to let go all of this cats as soon as possible because i have to go to the oversea (Australia, Singapore &amp; others)..they are healthy as you seen in the pic..they are small cats even they were 3 years old..hope who want them, take care of them very much..please contact me as soon as possible..TQ..",
        "beginOffset": -1
      },
      "sentiment": {
        "magnitude": 0,
        "score": 0
      }
    }
  ],
  "tokens": [],
  "entities": [
    {
      "name": "others",
      "type": "PERSON",
      "metadata": {},
      "salience": 0.24731503,
      "mentions": [
        {
          "text": {
            "content": "others",
            "beginOffset": -1
          },
          "type": "COMMON"
        }
      ]
    },
    {
      "name": "cats",
      "type": "OTHER",
      "metadata": {},
      "salience": 0.23370534,
      "mentions": [
        {
          "text": {
            "content": "cats",
            "beginOffset": -1
          },
          "type": "COMMON"
        }
      ]
    },
    {
      "name": "all",
      "type": "OTHER",
      "metadata": {},
      "salience": 0.20762172,
      "mentions": [
        {
          "text": {
            "content": "all",
            "beginOffset": -1
          },
          "type": "COMMON"
        }
      ]
    },
    {
      "name": "cats",
      "type": "OTHER",
      "metadata": {},
      "salience": 0.07481813,
      "mentions": [
        {
          "text": {
            "content": "cats",
            "beginOffset": -1
          },
          "type": "COMMON"
        }
      ]
    },
    {
      "name": "oversea",
      "type": "LOCATION",
      "metadata": {},
      "salience": 0.056411438,
      "mentions": [
        {
          "text": {
            "content": "oversea",
            "beginOffset": -1
          },
          "type": "COMMON"
        }
      ]
    },
    {
      "name": "pic",
      "type": "WORK_OF_ART",
      "metadata": {},
      "salience": 0.052477337,
      "mentions": [
        {
          "text": {
            "content": "pic",
            "beginOffset": -1
          },
          "type": "COMMON"
        }
      ]
    },
    {
      "name": "care",
      "type": "OTHER",
      "metadata": {},
      "salience": 0.04539806,
      "mentions": [
        {
          "text": {
            "content": "care",
            "beginOffset": -1
          },
          "type": "COMMON"
        }
      ]
    },
    {
      "name": "Singapore",
      "type": "LOCATION",
      "metadata": {
        "mid": "/m/06t2t",
        "wikipedia_url": "https://en.wikipedia.org/wiki/Singapore"
      },
      "salience": 0.033635017,
      "mentions": [
        {
          "text": {
            "content": "Singapore",
            "beginOffset": -1
          },
          "type": "PROPER"
        }
      ]
    },
    {
      "name": "Australia",
      "type": "LOCATION",
      "metadata": {
        "mid": "/m/0chghy",
        "wikipedia_url": "https://en.wikipedia.org/wiki/Australia"
      },
      "salience": 0.033635017,
      "mentions": [
        {
          "text": {
            "content": "Australia",
            "beginOffset": -1
          },
          "type": "PROPER"
        }
      ]
    },
    {
      "name": "hope",
      "type": "OTHER",
      "metadata": {},
      "salience": 0.014982894,
      "mentions": [
        {
          "text": {
            "content": "hope",
            "beginOffset": -1
          },
          "type": "COMMON"
        }
      ]
    }
  ],
  "documentSentiment": {
    "magnitude": 0,
    "score": 0
  },
  "language": "en",
  "categories": []
}
