{
  "sentences": [
    {
      "text": {
        "content": "Hi everyone Hashbrown is a cat that I foster since May He's a mix of persian+ragdoll.",
        "beginOffset": -1
      },
      "sentiment": {
        "magnitude": 0.6,
        "score": 0.6
      }
    },
    {
      "text": {
        "content": "He was given away due to some anxiety issue Due to having to care for another 4 pets I couldn't be able afford nor to spend time will all of them.",
        "beginOffset": -1
      },
      "sentiment": {
        "magnitude": 0.4,
        "score": -0.4
      }
    },
    {
      "text": {
        "content": "The adoption fee is to cover the cost of his vet visits and general upkeep.",
        "beginOffset": -1
      },
      "sentiment": {
        "magnitude": 0,
        "score": 0
      }
    },
    {
      "text": {
        "content": "However just to note he's not up to date with his vaccination, not neutered.",
        "beginOffset": -1
      },
      "sentiment": {
        "magnitude": 0.2,
        "score": -0.2
      }
    },
    {
      "text": {
        "content": "A general checkup was done on him on 25/6/.",
        "beginOffset": -1
      },
      "sentiment": {
        "magnitude": 0.2,
        "score": 0.2
      }
    },
    {
      "text": {
        "content": "Feel free to contact me at via whatsapp",
        "beginOffset": -1
      },
      "sentiment": {
        "magnitude": 0.8,
        "score": 0.8
      }
    }
  ],
  "tokens": [],
  "entities": [
    {
      "name": "everyone",
      "type": "PERSON",
      "metadata": {},
      "salience": 0.42937222,
      "mentions": [
        {
          "text": {
            "content": "everyone",
            "beginOffset": -1
          },
          "type": "COMMON"
        }
      ]
    },
    {
      "name": "Hashbrown",
      "type": "OTHER",
      "metadata": {
        "mid": "/m/04shrv",
        "wikipedia_url": "https://en.wikipedia.org/wiki/Hash_browns"
      },
      "salience": 0.4017344,
      "mentions": [
        {
          "text": {
            "content": "Hashbrown",
            "beginOffset": -1
          },
          "type": "PROPER"
        },
        {
          "text": {
            "content": "cat",
            "beginOffset": -1
          },
          "type": "COMMON"
        }
      ]
    },
    {
      "name": "mix",
      "type": "OTHER",
      "metadata": {},
      "salience": 0.03658765,
      "mentions": [
        {
          "text": {
            "content": "mix",
            "beginOffset": -1
          },
          "type": "COMMON"
        }
      ]
    },
    {
      "name": "ragdoll",
      "type": "OTHER",
      "metadata": {},
      "salience": 0.03658765,
      "mentions": [
        {
          "text": {
            "content": "ragdoll",
            "beginOffset": -1
          },
          "type": "COMMON"
        }
      ]
    },
    {
      "name": "checkup",
      "type": "OTHER",
      "metadata": {},
      "salience": 0.014464053,
      "mentions": [
        {
          "text": {
            "content": "checkup",
            "beginOffset": -1
          },
          "type": "COMMON"
        }
      ]
    },
    {
      "name": "adoption fee",
      "type": "OTHER",
      "metadata": {},
      "salience": 0.013363192,
      "mentions": [
        {
          "text": {
            "content": "adoption fee",
            "beginOffset": -1
          },
          "type": "COMMON"
        }
      ]
    },
    {
      "name": "all",
      "type": "OTHER",
      "metadata": {},
      "salience": 0.012179849,
      "mentions": [
        {
          "text": {
            "content": "all",
            "beginOffset": -1
          },
          "type": "COMMON"
        }
      ]
    },
    {
      "name": "anxiety issue",
      "type": "OTHER",
      "metadata": {},
      "salience": 0.012031982,
      "mentions": [
        {
          "text": {
            "content": "anxiety issue",
            "beginOffset": -1
          },
          "type": "COMMON"
        }
      ]
    },
    {
      "name": "vet visits",
      "type": "EVENT",
      "metadata": {},
      "salience": 0.011126161,
      "mentions": [
        {
          "text": {
            "content": "vet visits",
            "beginOffset": -1
          },
          "type": "COMMON"
        }
      ]
    },
    {
      "name": "pets",
      "type": "OTHER",
      "metadata": {},
      "salience": 0.010139504,
      "mentions": [
        {
          "text": {
            "content": "pets",
            "beginOffset": -1
          },
          "type": "COMMON"
        }
      ]
    },
    {
      "name": "vaccination",
      "type": "OTHER",
      "metadata": {},
      "salience": 0.0083676055,
      "mentions": [
        {
          "text": {
            "content": "vaccination",
            "beginOffset": -1
          },
          "type": "COMMON"
        }
      ]
    },
    {
      "name": "cost",
      "type": "OTHER",
      "metadata": {},
      "salience": 0.006902232,
      "mentions": [
        {
          "text": {
            "content": "cost",
            "beginOffset": -1
          },
          "type": "COMMON"
        }
      ]
    },
    {
      "name": "upkeep",
      "type": "OTHER",
      "metadata": {},
      "salience": 0.003690862,
      "mentions": [
        {
          "text": {
            "content": "upkeep",
            "beginOffset": -1
          },
          "type": "COMMON"
        }
      ]
    },
    {
      "name": "whatsapp",
      "type": "OTHER",
      "metadata": {
        "wikipedia_url": "https://en.wikipedia.org/wiki/WhatsApp",
        "mid": "/m/0gwzvs1"
      },
      "salience": 0.0034526405,
      "mentions": [
        {
          "text": {
            "content": "whatsapp",
            "beginOffset": -1
          },
          "type": "PROPER"
        }
      ]
    }
  ],
  "documentSentiment": {
    "magnitude": 2.4,
    "score": 0.1
  },
  "language": "en",
  "categories": []
}
