{
  "sentences": [
    {
      "text": {
        "content": "My Mia gave birth to 2 beautiful girls.",
        "beginOffset": -1
      },
      "sentiment": {
        "magnitude": 0.4,
        "score": 0.4
      }
    },
    {
      "text": {
        "content": "And now they're up for adoption since I have a very limited space to take care of them.",
        "beginOffset": -1
      },
      "sentiment": {
        "magnitude": 0.4,
        "score": -0.4
      }
    },
    {
      "text": {
        "content": "Both are very active and mischevious in their adorable ways.",
        "beginOffset": -1
      },
      "sentiment": {
        "magnitude": 0.8,
        "score": 0.8
      }
    }
  ],
  "tokens": [],
  "entities": [
    {
      "name": "girls",
      "type": "PERSON",
      "metadata": {},
      "salience": 0.3496881,
      "mentions": [
        {
          "text": {
            "content": "girls",
            "beginOffset": -1
          },
          "type": "COMMON"
        }
      ]
    },
    {
      "name": "birth",
      "type": "OTHER",
      "metadata": {},
      "salience": 0.26531208,
      "mentions": [
        {
          "text": {
            "content": "birth",
            "beginOffset": -1
          },
          "type": "COMMON"
        }
      ]
    },
    {
      "name": "Mia",
      "type": "PERSON",
      "metadata": {},
      "salience": 0.16517197,
      "mentions": [
        {
          "text": {
            "content": "Mia",
            "beginOffset": -1
          },
          "type": "PROPER"
        }
      ]
    },
    {
      "name": "Both",
      "type": "OTHER",
      "metadata": {},
      "salience": 0.09343792,
      "mentions": [
        {
          "text": {
            "content": "Both",
            "beginOffset": -1
          },
          "type": "COMMON"
        }
      ]
    },
    {
      "name": "care",
      "type": "OTHER",
      "metadata": {},
      "salience": 0.03866856,
      "mentions": [
        {
          "text": {
            "content": "care",
            "beginOffset": -1
          },
          "type": "COMMON"
        }
      ]
    },
    {
      "name": "adoption",
      "type": "OTHER",
      "metadata": {},
      "salience": 0.03639842,
      "mentions": [
        {
          "text": {
            "content": "adoption",
            "beginOffset": -1
          },
          "type": "COMMON"
        }
      ]
    },
    {
      "name": "space",
      "type": "OTHER",
      "metadata": {},
      "salience": 0.033438783,
      "mentions": [
        {
          "text": {
            "content": "space",
            "beginOffset": -1
          },
          "type": "COMMON"
        }
      ]
    },
    {
      "name": "ways",
      "type": "OTHER",
      "metadata": {},
      "salience": 0.017884195,
      "mentions": [
        {
          "text": {
            "content": "ways",
            "beginOffset": -1
          },
          "type": "COMMON"
        }
      ]
    }
  ],
  "documentSentiment": {
    "magnitude": 1.8,
    "score": 0.3
  },
  "language": "en",
  "categories": []
}
