{
  "sentences": [
    {
      "text": {
        "content": "Bobby is a FIV+ cat.",
        "beginOffset": -1
      },
      "sentiment": {
        "magnitude": 0,
        "score": 0
      }
    },
    {
      "text": {
        "content": "Despite this, with proper care, he will still be able to live a healthy and happy life.",
        "beginOffset": -1
      },
      "sentiment": {
        "magnitude": 0.9,
        "score": 0.9
      }
    },
    {
      "text": {
        "content": "Due to his FIV, bobby gets recurrent bouts of conjunctivitis and flu.",
        "beginOffset": -1
      },
      "sentiment": {
        "magnitude": 0.2,
        "score": -0.2
      }
    },
    {
      "text": {
        "content": "He needs nebulizing every now and then (the machine will be provided) and daily supplements.",
        "beginOffset": -1
      },
      "sentiment": {
        "magnitude": 0.6,
        "score": 0.6
      }
    },
    {
      "text": {
        "content": "Bobby loves attention and likes sleeping on the bed.",
        "beginOffset": -1
      },
      "sentiment": {
        "magnitude": 0.9,
        "score": 0.9
      }
    },
    {
      "text": {
        "content": "He knows how to use the litter box.",
        "beginOffset": -1
      },
      "sentiment": {
        "magnitude": 0,
        "score": 0
      }
    },
    {
      "text": {
        "content": "It is preferable that Bobby becomes a single pet.",
        "beginOffset": -1
      },
      "sentiment": {
        "magnitude": 0,
        "score": 0
      }
    },
    {
      "text": {
        "content": "However, he is fine with most cats.",
        "beginOffset": -1
      },
      "sentiment": {
        "magnitude": 0.5,
        "score": 0.5
      }
    }
  ],
  "tokens": [],
  "entities": [
    {
      "name": "Bobby",
      "type": "PERSON",
      "metadata": {},
      "salience": 0.65232235,
      "mentions": [
        {
          "text": {
            "content": "Bobby",
            "beginOffset": -1
          },
          "type": "PROPER"
        },
        {
          "text": {
            "content": "Bobby",
            "beginOffset": -1
          },
          "type": "PROPER"
        },
        {
          "text": {
            "content": "Bobby",
            "beginOffset": -1
          },
          "type": "PROPER"
        }
      ]
    },
    {
      "name": "cat",
      "type": "OTHER",
      "metadata": {},
      "salience": 0.11465639,
      "mentions": [
        {
          "text": {
            "content": "cat",
            "beginOffset": -1
          },
          "type": "COMMON"
        }
      ]
    },
    {
      "name": "FIV+",
      "type": "ORGANIZATION",
      "metadata": {
        "mid": "/m/031jd6",
        "wikipedia_url": "https://en.wikipedia.org/wiki/Feline_immunodeficiency_virus"
      },
      "salience": 0.055355173,
      "mentions": [
        {
          "text": {
            "content": "FIV+",
            "beginOffset": -1
          },
          "type": "PROPER"
        },
        {
          "text": {
            "content": "FIV",
            "beginOffset": -1
          },
          "type": "PROPER"
        }
      ]
    },
    {
      "name": "care",
      "type": "OTHER",
      "metadata": {},
      "salience": 0.04525472,
      "mentions": [
        {
          "text": {
            "content": "care",
            "beginOffset": -1
          },
          "type": "COMMON"
        }
      ]
    },
    {
      "name": "life",
      "type": "OTHER",
      "metadata": {},
      "salience": 0.01744911,
      "mentions": [
        {
          "text": {
            "content": "life",
            "beginOffset": -1
          },
          "type": "COMMON"
        }
      ]
    },
    {
      "name": "bobby",
      "type": "OTHER",
      "metadata": {},
      "salience": 0.015718129,
      "mentions": [
        {
          "text": {
            "content": "bobby",
            "beginOffset": -1
          },
          "type": "COMMON"
        }
      ]
    },
    {
      "name": "flu",
      "type": "OTHER",
      "metadata": {},
      "salience": 0.011898354,
      "mentions": [
        {
          "text": {
            "content": "flu",
            "beginOffset": -1
          },
          "type": "COMMON"
        }
      ]
    },
    {
      "name": "bouts",
      "type": "OTHER",
      "metadata": {},
      "salience": 0.011753899,
      "mentions": [
        {
          "text": {
            "content": "bouts",
            "beginOffset": -1
          },
          "type": "COMMON"
        }
      ]
    },
    {
      "name": "conjunctivitis",
      "type": "OTHER",
      "metadata": {},
      "salience": 0.011753899,
      "mentions": [
        {
          "text": {
            "content": "conjunctivitis",
            "beginOffset": -1
          },
          "type": "COMMON"
        }
      ]
    },
    {
      "name": "attention",
      "type": "OTHER",
      "metadata": {},
      "salience": 0.011538944,
      "mentions": [
        {
          "text": {
            "content": "attention",
            "beginOffset": -1
          },
          "type": "COMMON"
        }
      ]
    },
    {
      "name": "machine",
      "type": "CONSUMER_GOOD",
      "metadata": {},
      "salience": 0.010884638,
      "mentions": [
        {
          "text": {
            "content": "machine",
            "beginOffset": -1
          },
          "type": "COMMON"
        }
      ]
    },
    {
      "name": "supplements",
      "type": "OTHER",
      "metadata": {},
      "salience": 0.010884638,
      "mentions": [
        {
          "text": {
            "content": "supplements",
            "beginOffset": -1
          },
          "type": "COMMON"
        }
      ]
    },
    {
      "name": "litter box",
      "type": "OTHER",
      "metadata": {},
      "salience": 0.008174109,
      "mentions": [
        {
          "text": {
            "content": "litter box",
            "beginOffset": -1
          },
          "type": "COMMON"
        }
      ]
    },
    {
      "name": "pet",
      "type": "OTHER",
      "metadata": {},
      "salience": 0.0060795313,
      "mentions": [
        {
          "text": {
            "content": "pet",
            "beginOffset": -1
          },
          "type": "COMMON"
        }
      ]
    },
    {
      "name": "cats",
      "type": "OTHER",
      "metadata": {},
      "salience": 0.005708497,
      "mentions": [
        {
          "text": {
            "content": "cats",
            "beginOffset": -1
          },
          "type": "COMMON"
        }
      ]
    },
    {
      "name": "bed",
      "type": "OTHER",
      "metadata": {},
      "salience": 0.0036007906,
      "mentions": [
        {
          "text": {
            "content": "bed",
            "beginOffset": -1
          },
          "type": "COMMON"
        }
      ]
    }
  ],
  "documentSentiment": {
    "magnitude": 3.4,
    "score": 0.3
  },
  "language": "en",
  "categories": []
}
