{
  "sentences": [
    {
      "text": {
        "content": "Meet Kopi-O and Milo.",
        "beginOffset": -1
      },
      "sentiment": {
        "magnitude": 0.2,
        "score": 0.2
      }
    },
    {
      "text": {
        "content": "A friend has got to let them go due to unforeseeable circumstances.",
        "beginOffset": -1
      },
      "sentiment": {
        "magnitude": 0.1,
        "score": 0.1
      }
    },
    {
      "text": {
        "content": "So let's help them find a new home.",
        "beginOffset": -1
      },
      "sentiment": {
        "magnitude": 0.2,
        "score": 0.2
      }
    },
    {
      "text": {
        "content": "They're trained, friendly, and full of love.",
        "beginOffset": -1
      },
      "sentiment": {
        "magnitude": 0.9,
        "score": 0.9
      }
    },
    {
      "text": {
        "content": "If you or any one of your friends are interested, please let me know.",
        "beginOffset": -1
      },
      "sentiment": {
        "magnitude": 0.1,
        "score": 0.1
      }
    },
    {
      "text": {
        "content": "I would take them home, but my little sisters are a handful already.",
        "beginOffset": -1
      },
      "sentiment": {
        "magnitude": 0,
        "score": 0
      }
    },
    {
      "text": {
        "content": "Please and thank you.",
        "beginOffset": -1
      },
      "sentiment": {
        "magnitude": 0,
        "score": 0
      }
    },
    {
      "text": {
        "content": "PS, I know it doesn't matter when they look as adorable as this, but they're both half rotties.",
        "beginOffset": -1
      },
      "sentiment": {
        "magnitude": 0.3,
        "score": -0.3
      }
    },
    {
      "text": {
        "content": "That means, they'll be fantabulous guard dogs.",
        "beginOffset": -1
      },
      "sentiment": {
        "magnitude": 0.9,
        "score": 0.9
      }
    }
  ],
  "tokens": [],
  "entities": [
    {
      "name": "friend",
      "type": "PERSON",
      "metadata": {},
      "salience": 0.19986461,
      "mentions": [
        {
          "text": {
            "content": "friend",
            "beginOffset": -1
          },
          "type": "COMMON"
        }
      ]
    },
    {
      "name": "Kopi-O",
      "type": "OTHER",
      "metadata": {
        "mid": "/m/0h682n_",
        "wikipedia_url": "https://en.wikipedia.org/wiki/Kopi_O"
      },
      "salience": 0.17003888,
      "mentions": [
        {
          "text": {
            "content": "Kopi-O",
            "beginOffset": -1
          },
          "type": "PROPER"
        }
      ]
    },
    {
      "name": "Milo",
      "type": "PERSON",
      "metadata": {
        "mid": "/m/0lmck_t",
        "wikipedia_url": "https://en.wikipedia.org/wiki/Milo_Manheim"
      },
      "salience": 0.17003888,
      "mentions": [
        {
          "text": {
            "content": "Milo",
            "beginOffset": -1
          },
          "type": "PROPER"
        }
      ]
    },
    {
      "name": "guard dogs",
      "type": "OTHER",
      "metadata": {},
      "salience": 0.089392304,
      "mentions": [
        {
          "text": {
            "content": "guard dogs",
            "beginOffset": -1
          },
          "type": "COMMON"
        }
      ]
    },
    {
      "name": "rotties",
      "type": "PERSON",
      "metadata": {},
      "salience": 0.06608398,
      "mentions": [
        {
          "text": {
            "content": "rotties",
            "beginOffset": -1
          },
          "type": "COMMON"
        }
      ]
    },
    {
      "name": "home",
      "type": "LOCATION",
      "metadata": {},
      "salience": 0.055701144,
      "mentions": [
        {
          "text": {
            "content": "home",
            "beginOffset": -1
          },
          "type": "COMMON"
        }
      ]
    },
    {
      "name": "circumstances",
      "type": "OTHER",
      "metadata": {},
      "salience": 0.053312514,
      "mentions": [
        {
          "text": {
            "content": "circumstances",
            "beginOffset": -1
          },
          "type": "COMMON"
        }
      ]
    },
    {
      "name": "friends",
      "type": "PERSON",
      "metadata": {},
      "salience": 0.04106585,
      "mentions": [
        {
          "text": {
            "content": "friends",
            "beginOffset": -1
          },
          "type": "COMMON"
        }
      ]
    },
    {
      "name": "one",
      "type": "PERSON",
      "metadata": {},
      "salience": 0.036098372,
      "mentions": [
        {
          "text": {
            "content": "one",
            "beginOffset": -1
          },
          "type": "COMMON"
        }
      ]
    },
    {
      "name": "love",
      "type": "OTHER",
      "metadata": {},
      "salience": 0.035756864,
      "mentions": [
        {
          "text": {
            "content": "love",
            "beginOffset": -1
          },
          "type": "COMMON"
        }
      ]
    },
    {
      "name": "home",
      "type": "LOCATION",
      "metadata": {},
      "salience": 0.033060633,
      "mentions": [
        {
          "text": {
            "content": "home",
            "beginOffset": -1
          },
          "type": "COMMON"
        }
      ]
    },
    {
      "name": "sisters",
      "type": "PERSON",
      "metadata": {},
      "salience": 0.032260917,
      "mentions": [
        {
          "text": {
            "content": "sisters",
            "beginOffset": -1
          },
          "type": "COMMON"
        }
      ]
    },
    {
      "name": "handful",
      "type": "PERSON",
      "metadata": {},
      "salience": 0.013836989,
      "mentions": [
        {
          "text": {
            "content": "handful",
            "beginOffset": -1
          },
          "type": "COMMON"
        }
      ]
    },
    {
      "name": "PS",
      "type": "PERSON",
      "metadata": {},
      "salience": 0.0034880515,
      "mentions": [
        {
          "text": {
            "content": "PS",
            "beginOffset": -1
          },
          "type": "PROPER"
        }
      ]
    }
  ],
  "documentSentiment": {
    "magnitude": 3,
    "score": 0.2
  },
  "language": "en",
  "categories": []
}
