{
  "sentences": [
    {
      "text": {
        "content": "i juz adopted from athena...she is so cute...n so active..my family like him so much...",
        "beginOffset": -1
      },
      "sentiment": {
        "magnitude": 0.8,
        "score": 0.8
      }
    }
  ],
  "tokens": [],
  "entities": [
    {
      "name": "athena",
      "type": "PERSON",
      "metadata": {
        "mid": "/m/0msj",
        "wikipedia_url": "https://en.wikipedia.org/wiki/Athena"
      },
      "salience": 0.94161373,
      "mentions": [
        {
          "text": {
            "content": "athena",
            "beginOffset": -1
          },
          "type": "PROPER"
        }
      ]
    },
    {
      "name": "family",
      "type": "PERSON",
      "metadata": {},
      "salience": 0.05838629,
      "mentions": [
        {
          "text": {
            "content": "family",
            "beginOffset": -1
          },
          "type": "COMMON"
        }
      ]
    }
  ],
  "documentSentiment": {
    "magnitude": 0.8,
    "score": 0.8
  },
  "language": "en",
  "categories": []
}
