{
  "sentences": [
    {
      "text": {
        "content": "Men and Women's Best Friend.",
        "beginOffset": -1
      },
      "sentiment": {
        "magnitude": 0.8,
        "score": 0.8
      }
    },
    {
      "text": {
        "content": "Thanks for Adopting her.",
        "beginOffset": -1
      },
      "sentiment": {
        "magnitude": 0,
        "score": 0
      }
    },
    {
      "text": {
        "content": "Ms Teoh from Johor.",
        "beginOffset": -1
      },
      "sentiment": {
        "magnitude": 0,
        "score": 0
      }
    }
  ],
  "tokens": [],
  "entities": [
    {
      "name": "Men and Women's Best Friend",
      "type": "PERSON",
      "metadata": {},
      "salience": 0.55700487,
      "mentions": [
        {
          "text": {
            "content": "Men and Women's Best Friend",
            "beginOffset": -1
          },
          "type": "PROPER"
        }
      ]
    },
    {
      "name": "Teoh",
      "type": "PERSON",
      "metadata": {},
      "salience": 0.27149686,
      "mentions": [
        {
          "text": {
            "content": "Teoh",
            "beginOffset": -1
          },
          "type": "PROPER"
        },
        {
          "text": {
            "content": "Ms",
            "beginOffset": -1
          },
          "type": "COMMON"
        }
      ]
    },
    {
      "name": "Thanks",
      "type": "OTHER",
      "metadata": {},
      "salience": 0.13275596,
      "mentions": [
        {
          "text": {
            "content": "Thanks",
            "beginOffset": -1
          },
          "type": "COMMON"
        }
      ]
    },
    {
      "name": "Johor",
      "type": "LOCATION",
      "metadata": {
        "wikipedia_url": "https://en.wikipedia.org/wiki/Johor",
        "mid": "/m/01jng9"
      },
      "salience": 0.038742315,
      "mentions": [
        {
          "text": {
            "content": "Johor",
            "beginOffset": -1
          },
          "type": "PROPER"
        }
      ]
    }
  ],
  "documentSentiment": {
    "magnitude": 0.9,
    "score": 0.2
  },
  "language": "en",
  "categories": []
}
