{
  "sentences": [
    {
      "text": {
        "content": "About The Pet pls help to adopt may contact me bcoz we stay at apartment cant keep too many dogs.",
        "beginOffset": -1
      },
      "sentiment": {
        "magnitude": 0.1,
        "score": -0.1
      }
    },
    {
      "text": {
        "content": "This 2 pitty diggies i take from the dusbin area.",
        "beginOffset": -1
      },
      "sentiment": {
        "magnitude": 0.3,
        "score": -0.3
      }
    },
    {
      "text": {
        "content": "Hope can rehome to a pet lover......",
        "beginOffset": -1
      },
      "sentiment": {
        "magnitude": 0.5,
        "score": 0.5
      }
    }
  ],
  "tokens": [],
  "entities": [
    {
      "name": "The Pet",
      "type": "WORK_OF_ART",
      "metadata": {},
      "salience": 0.44684222,
      "mentions": [
        {
          "text": {
            "content": "The Pet",
            "beginOffset": -1
          },
          "type": "PROPER"
        }
      ]
    },
    {
      "name": "apartment",
      "type": "LOCATION",
      "metadata": {},
      "salience": 0.18186739,
      "mentions": [
        {
          "text": {
            "content": "apartment",
            "beginOffset": -1
          },
          "type": "COMMON"
        }
      ]
    },
    {
      "name": "dogs",
      "type": "OTHER",
      "metadata": {},
      "salience": 0.16747072,
      "mentions": [
        {
          "text": {
            "content": "dogs",
            "beginOffset": -1
          },
          "type": "COMMON"
        }
      ]
    },
    {
      "name": "diggies",
      "type": "OTHER",
      "metadata": {},
      "salience": 0.09482817,
      "mentions": [
        {
          "text": {
            "content": "diggies",
            "beginOffset": -1
          },
          "type": "COMMON"
        }
      ]
    },
    {
      "name": "pet lover",
      "type": "PERSON",
      "metadata": {},
      "salience": 0.04398929,
      "mentions": [
        {
          "text": {
            "content": "pet lover",
            "beginOffset": -1
          },
          "type": "COMMON"
        }
      ]
    },
    {
      "name": "Hope",
      "type": "PERSON",
      "metadata": {},
      "salience": 0.037205096,
      "mentions": [
        {
          "text": {
            "content": "Hope",
            "beginOffset": -1
          },
          "type": "PROPER"
        }
      ]
    },
    {
      "name": "dusbin area",
      "type": "LOCATION",
      "metadata": {},
      "salience": 0.027797097,
      "mentions": [
        {
          "text": {
            "content": "dusbin area",
            "beginOffset": -1
          },
          "type": "COMMON"
        }
      ]
    }
  ],
  "documentSentiment": {
    "magnitude": 1,
    "score": 0
  },
  "language": "en",
  "categories": []
}
