{
  "sentences": [
    {
      "text": {
        "content": "Zorro is ready to be adopted.",
        "beginOffset": -1
      },
      "sentiment": {
        "magnitude": 0.8,
        "score": 0.8
      }
    },
    {
      "text": {
        "content": "She is adorable with the half mark on the face.",
        "beginOffset": -1
      },
      "sentiment": {
        "magnitude": 0.8,
        "score": 0.8
      }
    }
  ],
  "tokens": [],
  "entities": [
    {
      "name": "Zorro",
      "type": "OTHER",
      "metadata": {
        "mid": "/m/01545h",
        "wikipedia_url": "https://en.wikipedia.org/wiki/Zorro"
      },
      "salience": 0.8501466,
      "mentions": [
        {
          "text": {
            "content": "Zorro",
            "beginOffset": -1
          },
          "type": "PROPER"
        }
      ]
    },
    {
      "name": "face",
      "type": "OTHER",
      "metadata": {},
      "salience": 0.091801964,
      "mentions": [
        {
          "text": {
            "content": "face",
            "beginOffset": -1
          },
          "type": "COMMON"
        }
      ]
    },
    {
      "name": "mark",
      "type": "OTHER",
      "metadata": {},
      "salience": 0.058051456,
      "mentions": [
        {
          "text": {
            "content": "mark",
            "beginOffset": -1
          },
          "type": "COMMON"
        }
      ]
    }
  ],
  "documentSentiment": {
    "magnitude": 1.7,
    "score": 0.8
  },
  "language": "en",
  "categories": []
}
