{
  "sentences": [
    {
      "text": {
        "content": "*Birth: 20 January *Stayed with mother and sibling 9weeks, stay with mother now.",
        "beginOffset": -1
      },
      "sentiment": {
        "magnitude": 0.2,
        "score": 0.2
      }
    },
    {
      "text": {
        "content": "*Be kept indoor.",
        "beginOffset": -1
      },
      "sentiment": {
        "magnitude": 0,
        "score": 0
      }
    },
    {
      "text": {
        "content": "#1st Vaccine done: 26 March (weight: 1.1kg) -Very friendly, active and playful.",
        "beginOffset": -1
      },
      "sentiment": {
        "magnitude": 0.9,
        "score": 0.9
      }
    },
    {
      "text": {
        "content": "-Love being stroked.",
        "beginOffset": -1
      },
      "sentiment": {
        "magnitude": 0.8,
        "score": 0.8
      }
    },
    {
      "text": {
        "content": "-Can eat the dry kitten food and drink water from a bowl.",
        "beginOffset": -1
      },
      "sentiment": {
        "magnitude": 0.1,
        "score": 0.1
      }
    },
    {
      "text": {
        "content": "-Toilet trained to use the cat litter box.",
        "beginOffset": -1
      },
      "sentiment": {
        "magnitude": 0.1,
        "score": 0.1
      }
    }
  ],
  "tokens": [],
  "entities": [
    {
      "name": "mother",
      "type": "PERSON",
      "metadata": {},
      "salience": 0.26737234,
      "mentions": [
        {
          "text": {
            "content": "mother",
            "beginOffset": -1
          },
          "type": "COMMON"
        }
      ]
    },
    {
      "name": "Birth",
      "type": "OTHER",
      "metadata": {},
      "salience": 0.23861702,
      "mentions": [
        {
          "text": {
            "content": "Birth",
            "beginOffset": -1
          },
          "type": "COMMON"
        }
      ]
    },
    {
      "name": "mother",
      "type": "PERSON",
      "metadata": {},
      "salience": 0.11000104,
      "mentions": [
        {
          "text": {
            "content": "mother",
            "beginOffset": -1
          },
          "type": "COMMON"
        }
      ]
    },
    {
      "name": "9weeks",
      "type": "OTHER",
      "metadata": {},
      "salience": 0.09724311,
      "mentions": [
        {
          "text": {
            "content": "9weeks",
            "beginOffset": -1
          },
          "type": "COMMON"
        }
      ]
    },
    {
      "name": "sibling",
      "type": "PERSON",
      "metadata": {},
      "salience": 0.09724311,
      "mentions": [
        {
          "text": {
            "content": "sibling",
            "beginOffset": -1
          },
          "type": "COMMON"
        }
      ]
    },
    {
      "name": "weight",
      "type": "OTHER",
      "metadata": {},
      "salience": 0.032710683,
      "mentions": [
        {
          "text": {
            "content": "weight",
            "beginOffset": -1
          },
          "type": "COMMON"
        }
      ]
    },
    {
      "name": "Vaccine",
      "type": "OTHER",
      "metadata": {},
      "salience": 0.029685585,
      "mentions": [
        {
          "text": {
            "content": "Vaccine",
            "beginOffset": -1
          },
          "type": "COMMON"
        }
      ]
    },
    {
      "name": "kitten food",
      "type": "OTHER",
      "metadata": {},
      "salience": 0.022576248,
      "mentions": [
        {
          "text": {
            "content": "kitten food",
            "beginOffset": -1
          },
          "type": "COMMON"
        }
      ]
    },
    {
      "name": "water",
      "type": "OTHER",
      "metadata": {},
      "salience": 0.022576248,
      "mentions": [
        {
          "text": {
            "content": "water",
            "beginOffset": -1
          },
          "type": "COMMON"
        }
      ]
    },
    {
      "name": "bowl",
      "type": "CONSUMER_GOOD",
      "metadata": {},
      "salience": 0.022576248,
      "mentions": [
        {
          "text": {
            "content": "bowl",
            "beginOffset": -1
          },
          "type": "COMMON"
        }
      ]
    },
    {
      "name": "Love",
      "type": "PERSON",
      "metadata": {
        "mid": "/m/048knlz",
        "wikipedia_url": "https://en.wikipedia.org/wiki/Love"
      },
      "salience": 0.017794559,
      "mentions": [
        {
          "text": {
            "content": "Love",
            "beginOffset": -1
          },
          "type": "PROPER"
        }
      ]
    },
    {
      "name": "Toilet",
      "type": "OTHER",
      "metadata": {},
      "salience": 0.01581205,
      "mentions": [
        {
          "text": {
            "content": "Toilet",
            "beginOffset": -1
          },
          "type": "COMMON"
        }
      ]
    },
    {
      "name": "cat litter box",
      "type": "OTHER",
      "metadata": {},
      "salience": 0.01581205,
      "mentions": [
        {
          "text": {
            "content": "cat litter box",
            "beginOffset": -1
          },
          "type": "COMMON"
        }
      ]
    },
    {
      "name": "being",
      "type": "OTHER",
      "metadata": {},
      "salience": 0.009979712,
      "mentions": [
        {
          "text": {
            "content": "being",
            "beginOffset": -1
          },
          "type": "COMMON"
        }
      ]
    }
  ],
  "documentSentiment": {
    "magnitude": 2.3,
    "score": 0.3
  },
  "language": "en",
  "categories": []
}
