{
  "sentences": [
    {
      "text": {
        "content": "Dodo was abandoned at the roadside and taken to the vet clinic for a check up; he's still boarding at the vet as we don't have enough space to keep him.",
        "beginOffset": -1
      },
      "sentiment": {
        "magnitude": 0.6,
        "score": -0.6
      }
    },
    {
      "text": {
        "content": "He is 2 months old, mix breed, will be vaccinated at the vet and dewormed.",
        "beginOffset": -1
      },
      "sentiment": {
        "magnitude": 0,
        "score": 0
      }
    },
    {
      "text": {
        "content": "He's playful and lovable.",
        "beginOffset": -1
      },
      "sentiment": {
        "magnitude": 0.9,
        "score": 0.9
      }
    },
    {
      "text": {
        "content": "Please, give him a loving home!",
        "beginOffset": -1
      },
      "sentiment": {
        "magnitude": 0.8,
        "score": 0.8
      }
    }
  ],
  "tokens": [],
  "entities": [
    {
      "name": "breed",
      "type": "OTHER",
      "metadata": {},
      "salience": 0.40429237,
      "mentions": [
        {
          "text": {
            "content": "breed",
            "beginOffset": -1
          },
          "type": "COMMON"
        }
      ]
    },
    {
      "name": "Dodo",
      "type": "OTHER",
      "metadata": {},
      "salience": 0.16851002,
      "mentions": [
        {
          "text": {
            "content": "Dodo",
            "beginOffset": -1
          },
          "type": "COMMON"
        }
      ]
    },
    {
      "name": "roadside",
      "type": "OTHER",
      "metadata": {},
      "salience": 0.16851002,
      "mentions": [
        {
          "text": {
            "content": "roadside",
            "beginOffset": -1
          },
          "type": "COMMON"
        }
      ]
    },
    {
      "name": "vet clinic",
      "type": "LOCATION",
      "metadata": {},
      "salience": 0.068343125,
      "mentions": [
        {
          "text": {
            "content": "vet clinic",
            "beginOffset": -1
          },
          "type": "COMMON"
        }
      ]
    },
    {
      "name": "check up",
      "type": "OTHER",
      "metadata": {},
      "salience": 0.068343125,
      "mentions": [
        {
          "text": {
            "content": "check up",
            "beginOffset": -1
          },
          "type": "COMMON"
        }
      ]
    },
    {
      "name": "vet",
      "type": "EVENT",
      "metadata": {},
      "salience": 0.057940576,
      "mentions": [
        {
          "text": {
            "content": "vet",
            "beginOffset": -1
          },
          "type": "COMMON"
        }
      ]
    },
    {
      "name": "space",
      "type": "OTHER",
      "metadata": {},
      "salience": 0.04675681,
      "mentions": [
        {
          "text": {
            "content": "space",
            "beginOffset": -1
          },
          "type": "COMMON"
        }
      ]
    },
    {
      "name": "vet",
      "type": "EVENT",
      "metadata": {},
      "salience": 0.00879583,
      "mentions": [
        {
          "text": {
            "content": "vet",
            "beginOffset": -1
          },
          "type": "COMMON"
        }
      ]
    },
    {
      "name": "home",
      "type": "LOCATION",
      "metadata": {},
      "salience": 0.008508136,
      "mentions": [
        {
          "text": {
            "content": "home",
            "beginOffset": -1
          },
          "type": "COMMON"
        }
      ]
    }
  ],
  "documentSentiment": {
    "magnitude": 2.4,
    "score": 0.3
  },
  "language": "en",
  "categories": []
}
