{
  "sentences": [
    {
      "text": {
        "content": "**** We picked Baby Doris from the longkang where her mummy gave birth to her &amp; 6 of her siblings roughly around 1.5 month ago.",
        "beginOffset": -1
      },
      "sentiment": {
        "magnitude": 0,
        "score": 0
      }
    },
    {
      "text": {
        "content": "2 apparently were being run down by car &amp; 4 more was taken away by a kind lady.",
        "beginOffset": -1
      },
      "sentiment": {
        "magnitude": 0.3,
        "score": -0.3
      }
    },
    {
      "text": {
        "content": "Baby Doris is adorable, full with love &amp; affection.",
        "beginOffset": -1
      },
      "sentiment": {
        "magnitude": 0.9,
        "score": 0.9
      }
    },
    {
      "text": {
        "content": "Despite knowing her merely for few days, we can sense that she is actually quiet a smart girl 😊 Can anyone give her a loving, caring, forever home she truly deserves?",
        "beginOffset": -1
      },
      "sentiment": {
        "magnitude": 0.9,
        "score": 0.9
      }
    },
    {
      "text": {
        "content": "Do contact if you can.",
        "beginOffset": -1
      },
      "sentiment": {
        "magnitude": 0,
        "score": 0
      }
    },
    {
      "text": {
        "content": "Thank you p/s : thought we dont charge any adoption fees, but we would gladly appreciate if donation can be given to us so we can continue our mission to spay &amp; neuter the adults, as well as feeding them daily :)",
        "beginOffset": -1
      },
      "sentiment": {
        "magnitude": 0.8,
        "score": 0.8
      }
    }
  ],
  "tokens": [],
  "entities": [
    {
      "name": "Baby Doris",
      "type": "PERSON",
      "metadata": {},
      "salience": 0.7018209,
      "mentions": [
        {
          "text": {
            "content": "Doris",
            "beginOffset": -1
          },
          "type": "PROPER"
        },
        {
          "text": {
            "content": "Baby",
            "beginOffset": -1
          },
          "type": "COMMON"
        },
        {
          "text": {
            "content": "Baby Doris",
            "beginOffset": -1
          },
          "type": "PROPER"
        },
        {
          "text": {
            "content": "girl",
            "beginOffset": -1
          },
          "type": "COMMON"
        }
      ]
    },
    {
      "name": "longkang",
      "type": "LOCATION",
      "metadata": {},
      "salience": 0.114285216,
      "mentions": [
        {
          "text": {
            "content": "longkang",
            "beginOffset": -1
          },
          "type": "COMMON"
        }
      ]
    },
    {
      "name": "mummy",
      "type": "PERSON",
      "metadata": {},
      "salience": 0.047679726,
      "mentions": [
        {
          "text": {
            "content": "mummy",
            "beginOffset": -1
          },
          "type": "COMMON"
        }
      ]
    },
    {
      "name": "birth",
      "type": "OTHER",
      "metadata": {},
      "salience": 0.047679726,
      "mentions": [
        {
          "text": {
            "content": "birth",
            "beginOffset": -1
          },
          "type": "COMMON"
        }
      ]
    },
    {
      "name": "siblings",
      "type": "PERSON",
      "metadata": {},
      "salience": 0.01850986,
      "mentions": [
        {
          "text": {
            "content": "siblings",
            "beginOffset": -1
          },
          "type": "COMMON"
        }
      ]
    },
    {
      "name": "anyone",
      "type": "PERSON",
      "metadata": {},
      "salience": 0.009205968,
      "mentions": [
        {
          "text": {
            "content": "anyone",
            "beginOffset": -1
          },
          "type": "COMMON"
        }
      ]
    },
    {
      "name": "car",
      "type": "CONSUMER_GOOD",
      "metadata": {},
      "salience": 0.00895012,
      "mentions": [
        {
          "text": {
            "content": "car",
            "beginOffset": -1
          },
          "type": "COMMON"
        }
      ]
    },
    {
      "name": "adults",
      "type": "PERSON",
      "metadata": {},
      "salience": 0.0074587436,
      "mentions": [
        {
          "text": {
            "content": "adults",
            "beginOffset": -1
          },
          "type": "COMMON"
        }
      ]
    },
    {
      "name": "love",
      "type": "OTHER",
      "metadata": {},
      "salience": 0.0060945,
      "mentions": [
        {
          "text": {
            "content": "love",
            "beginOffset": -1
          },
          "type": "COMMON"
        }
      ]
    },
    {
      "name": "affection",
      "type": "OTHER",
      "metadata": {},
      "salience": 0.0060945,
      "mentions": [
        {
          "text": {
            "content": "affection",
            "beginOffset": -1
          },
          "type": "COMMON"
        }
      ]
    },
    {
      "name": "kind lady",
      "type": "PERSON",
      "metadata": {},
      "salience": 0.0060502705,
      "mentions": [
        {
          "text": {
            "content": "kind lady",
            "beginOffset": -1
          },
          "type": "COMMON"
        }
      ]
    },
    {
      "name": "more",
      "type": "OTHER",
      "metadata": {},
      "salience": 0.0060502705,
      "mentions": [
        {
          "text": {
            "content": "more",
            "beginOffset": -1
          },
          "type": "COMMON"
        }
      ]
    },
    {
      "name": "home",
      "type": "LOCATION",
      "metadata": {},
      "salience": 0.005573845,
      "mentions": [
        {
          "text": {
            "content": "home",
            "beginOffset": -1
          },
          "type": "COMMON"
        }
      ]
    },
    {
      "name": "adoption fees",
      "type": "OTHER",
      "metadata": {},
      "salience": 0.004182988,
      "mentions": [
        {
          "text": {
            "content": "adoption fees",
            "beginOffset": -1
          },
          "type": "COMMON"
        }
      ]
    },
    {
      "name": "donation",
      "type": "OTHER",
      "metadata": {},
      "salience": 0.003272265,
      "mentions": [
        {
          "text": {
            "content": "donation",
            "beginOffset": -1
          },
          "type": "COMMON"
        }
      ]
    },
    {
      "name": "mission",
      "type": "OTHER",
      "metadata": {},
      "salience": 0.0029297797,
      "mentions": [
        {
          "text": {
            "content": "mission",
            "beginOffset": -1
          },
          "type": "COMMON"
        }
      ]
    },
    {
      "name": "contact",
      "type": "OTHER",
      "metadata": {},
      "salience": 0.0023248892,
      "mentions": [
        {
          "text": {
            "content": "contact",
            "beginOffset": -1
          },
          "type": "COMMON"
        }
      ]
    },
    {
      "name": "p/s",
      "type": "OTHER",
      "metadata": {},
      "salience": 0.0018364257,
      "mentions": [
        {
          "text": {
            "content": "p/s",
            "beginOffset": -1
          },
          "type": "COMMON"
        }
      ]
    }
  ],
  "documentSentiment": {
    "magnitude": 3.1,
    "score": 0.4
  },
  "language": "en",
  "categories": []
}
