{
  "sentences": [
    {
      "text": {
        "content": "i found this cat around my housing area hungry for food and i foster her few weeks, help her clean up and provide good food and shelter for her, i also sent her to Neutered.But because i have few cats with me, i'm not able to take her as pet. from my observation, she already socialize with human, she can use litter box with no issue.",
        "beginOffset": -1
      },
      "sentiment": {
        "magnitude": 0.7,
        "score": 0.7
      }
    },
    {
      "text": {
        "content": "No adoption fee required but some criteria will be imposed.",
        "beginOffset": -1
      },
      "sentiment": {
        "magnitude": 0.1,
        "score": 0.1
      }
    },
    {
      "text": {
        "content": "Criteria for adoption: 1.",
        "beginOffset": -1
      },
      "sentiment": {
        "magnitude": 0,
        "score": 0
      }
    },
    {
      "text": {
        "content": "able to provide food, shelter, medical care (when necessary) and sufficient exercise (toys &amp; playtime) &amp; adequate love.",
        "beginOffset": -1
      },
      "sentiment": {
        "magnitude": 0.9,
        "score": 0.9
      }
    },
    {
      "text": {
        "content": "2.",
        "beginOffset": -1
      },
      "sentiment": {
        "magnitude": 0,
        "score": 0
      }
    },
    {
      "text": {
        "content": "to be kept indoors at all times.",
        "beginOffset": -1
      },
      "sentiment": {
        "magnitude": 0,
        "score": 0
      }
    },
    {
      "text": {
        "content": "3.",
        "beginOffset": -1
      },
      "sentiment": {
        "magnitude": 0,
        "score": 0
      }
    },
    {
      "text": {
        "content": "to provide updates until we are certain she is able to adjust to new environment.",
        "beginOffset": -1
      },
      "sentiment": {
        "magnitude": 0.4,
        "score": 0.4
      }
    },
    {
      "text": {
        "content": "4.",
        "beginOffset": -1
      },
      "sentiment": {
        "magnitude": 0.1,
        "score": 0.1
      }
    },
    {
      "text": {
        "content": "any problems in keeping her, adopter must return her to rescuer immediately, no questions asked.",
        "beginOffset": -1
      },
      "sentiment": {
        "magnitude": 0.9,
        "score": 0.9
      }
    },
    {
      "text": {
        "content": "Our only wish is for our rescues to have a good home and reduce unwanted births, so please do not contact us unless you are genuine in committing to all the criteria above.",
        "beginOffset": -1
      },
      "sentiment": {
        "magnitude": 0.5,
        "score": 0.5
      }
    }
  ],
  "tokens": [],
  "entities": [
    {
      "name": "food",
      "type": "OTHER",
      "metadata": {},
      "salience": 0.15596278,
      "mentions": [
        {
          "text": {
            "content": "food",
            "beginOffset": -1
          },
          "type": "COMMON"
        }
      ]
    },
    {
      "name": "housing area",
      "type": "LOCATION",
      "metadata": {},
      "salience": 0.1258391,
      "mentions": [
        {
          "text": {
            "content": "housing area",
            "beginOffset": -1
          },
          "type": "COMMON"
        }
      ]
    },
    {
      "name": "cat",
      "type": "OTHER",
      "metadata": {},
      "salience": 0.1258391,
      "mentions": [
        {
          "text": {
            "content": "cat",
            "beginOffset": -1
          },
          "type": "COMMON"
        }
      ]
    },
    {
      "name": "shelter",
      "type": "OTHER",
      "metadata": {},
      "salience": 0.055084005,
      "mentions": [
        {
          "text": {
            "content": "shelter",
            "beginOffset": -1
          },
          "type": "COMMON"
        }
      ]
    },
    {
      "name": "cats",
      "type": "OTHER",
      "metadata": {},
      "salience": 0.047866385,
      "mentions": [
        {
          "text": {
            "content": "cats",
            "beginOffset": -1
          },
          "type": "COMMON"
        }
      ]
    },
    {
      "name": "food",
      "type": "OTHER",
      "metadata": {},
      "salience": 0.046161056,
      "mentions": [
        {
          "text": {
            "content": "food",
            "beginOffset": -1
          },
          "type": "COMMON"
        }
      ]
    },
    {
      "name": "observation",
      "type": "OTHER",
      "metadata": {},
      "salience": 0.03279112,
      "mentions": [
        {
          "text": {
            "content": "observation",
            "beginOffset": -1
          },
          "type": "COMMON"
        }
      ]
    },
    {
      "name": "human",
      "type": "PERSON",
      "metadata": {},
      "salience": 0.03279112,
      "mentions": [
        {
          "text": {
            "content": "human",
            "beginOffset": -1
          },
          "type": "COMMON"
        }
      ]
    },
    {
      "name": "litter box",
      "type": "OTHER",
      "metadata": {},
      "salience": 0.03279112,
      "mentions": [
        {
          "text": {
            "content": "litter box",
            "beginOffset": -1
          },
          "type": "COMMON"
        }
      ]
    },
    {
      "name": "issue",
      "type": "OTHER",
      "metadata": {},
      "salience": 0.03279112,
      "mentions": [
        {
          "text": {
            "content": "issue",
            "beginOffset": -1
          },
          "type": "COMMON"
        }
      ]
    },
    {
      "name": "adoption fee",
      "type": "OTHER",
      "metadata": {},
      "salience": 0.029847328,
      "mentions": [
        {
          "text": {
            "content": "adoption fee",
            "beginOffset": -1
          },
          "type": "COMMON"
        }
      ]
    },
    {
      "name": "Neutered.",
      "type": "LOCATION",
      "metadata": {
        "mid": "/m/025t6rn",
        "wikipedia_url": "https://en.wikipedia.org/wiki/Neutering"
      },
      "salience": 0.02875649,
      "mentions": [
        {
          "text": {
            "content": "Neutered.",
            "beginOffset": -1
          },
          "type": "PROPER"
        }
      ]
    },
    {
      "name": "criteria",
      "type": "OTHER",
      "metadata": {},
      "salience": 0.01993008,
      "mentions": [
        {
          "text": {
            "content": "criteria",
            "beginOffset": -1
          },
          "type": "COMMON"
        }
      ]
    },
    {
      "name": "Criteria",
      "type": "OTHER",
      "metadata": {},
      "salience": 0.019831251,
      "mentions": [
        {
          "text": {
            "content": "Criteria",
            "beginOffset": -1
          },
          "type": "COMMON"
        }
      ]
    },
    {
      "name": "adoption",
      "type": "OTHER",
      "metadata": {},
      "salience": 0.019831251,
      "mentions": [
        {
          "text": {
            "content": "adoption",
            "beginOffset": -1
          },
          "type": "COMMON"
        }
      ]
    },
    {
      "name": "shelter",
      "type": "LOCATION",
      "metadata": {},
      "salience": 0.018029477,
      "mentions": [
        {
          "text": {
            "content": "shelter",
            "beginOffset": -1
          },
          "type": "COMMON"
        }
      ]
    },
    {
      "name": "care",
      "type": "OTHER",
      "metadata": {},
      "salience": 0.01584208,
      "mentions": [
        {
          "text": {
            "content": "care",
            "beginOffset": -1
          },
          "type": "COMMON"
        }
      ]
    },
    {
      "name": "food",
      "type": "OTHER",
      "metadata": {},
      "salience": 0.0150871845,
      "mentions": [
        {
          "text": {
            "content": "food",
            "beginOffset": -1
          },
          "type": "COMMON"
        }
      ]
    },
    {
      "name": "exercise",
      "type": "OTHER",
      "metadata": {},
      "salience": 0.014537814,
      "mentions": [
        {
          "text": {
            "content": "exercise",
            "beginOffset": -1
          },
          "type": "COMMON"
        }
      ]
    },
    {
      "name": "toys",
      "type": "CONSUMER_GOOD",
      "metadata": {},
      "salience": 0.014537814,
      "mentions": [
        {
          "text": {
            "content": "toys",
            "beginOffset": -1
          },
          "type": "COMMON"
        }
      ]
    },
    {
      "name": "playtime",
      "type": "OTHER",
      "metadata": {},
      "salience": 0.014537814,
      "mentions": [
        {
          "text": {
            "content": "playtime",
            "beginOffset": -1
          },
          "type": "COMMON"
        }
      ]
    },
    {
      "name": "love",
      "type": "OTHER",
      "metadata": {},
      "salience": 0.014537814,
      "mentions": [
        {
          "text": {
            "content": "love",
            "beginOffset": -1
          },
          "type": "COMMON"
        }
      ]
    },
    {
      "name": "wish",
      "type": "OTHER",
      "metadata": {},
      "salience": 0.013015088,
      "mentions": [
        {
          "text": {
            "content": "wish",
            "beginOffset": -1
          },
          "type": "COMMON"
        }
      ]
    },
    {
      "name": "rescuer",
      "type": "PERSON",
      "metadata": {},
      "salience": 0.012336122,
      "mentions": [
        {
          "text": {
            "content": "rescuer",
            "beginOffset": -1
          },
          "type": "COMMON"
        }
      ]
    },
    {
      "name": "rescues",
      "type": "OTHER",
      "metadata": {},
      "salience": 0.011875919,
      "mentions": [
        {
          "text": {
            "content": "rescues",
            "beginOffset": -1
          },
          "type": "COMMON"
        }
      ]
    },
    {
      "name": "criteria",
      "type": "OTHER",
      "metadata": {},
      "salience": 0.009458865,
      "mentions": [
        {
          "text": {
            "content": "criteria",
            "beginOffset": -1
          },
          "type": "COMMON"
        }
      ]
    },
    {
      "name": "questions",
      "type": "OTHER",
      "metadata": {},
      "salience": 0.009124678,
      "mentions": [
        {
          "text": {
            "content": "questions",
            "beginOffset": -1
          },
          "type": "COMMON"
        }
      ]
    },
    {
      "name": "births",
      "type": "EVENT",
      "metadata": {},
      "salience": 0.007579172,
      "mentions": [
        {
          "text": {
            "content": "births",
            "beginOffset": -1
          },
          "type": "COMMON"
        }
      ]
    },
    {
      "name": "problems",
      "type": "OTHER",
      "metadata": {},
      "salience": 0.0074953274,
      "mentions": [
        {
          "text": {
            "content": "problems",
            "beginOffset": -1
          },
          "type": "COMMON"
        }
      ]
    },
    {
      "name": "home",
      "type": "LOCATION",
      "metadata": {},
      "salience": 0.0074865487,
      "mentions": [
        {
          "text": {
            "content": "home",
            "beginOffset": -1
          },
          "type": "COMMON"
        }
      ]
    },
    {
      "name": "environment",
      "type": "OTHER",
      "metadata": {},
      "salience": 0.004767901,
      "mentions": [
        {
          "text": {
            "content": "environment",
            "beginOffset": -1
          },
          "type": "COMMON"
        }
      ]
    },
    {
      "name": "updates",
      "type": "OTHER",
      "metadata": {},
      "salience": 0.0036370624,
      "mentions": [
        {
          "text": {
            "content": "updates",
            "beginOffset": -1
          },
          "type": "COMMON"
        }
      ]
    }
  ],
  "documentSentiment": {
    "magnitude": 4,
    "score": 0.3
  },
  "language": "en",
  "categories": []
}
