{
  "sentences": [
    {
      "text": {
        "content": "Very active female dog.",
        "beginOffset": -1
      },
      "sentiment": {
        "magnitude": 0.4,
        "score": 0.4
      }
    },
    {
      "text": {
        "content": "Her name is Summer.",
        "beginOffset": -1
      },
      "sentiment": {
        "magnitude": 0.4,
        "score": 0.4
      }
    },
    {
      "text": {
        "content": "She is strong, healthy, fit &amp; likes going for walks.",
        "beginOffset": -1
      },
      "sentiment": {
        "magnitude": 0.8,
        "score": 0.8
      }
    }
  ],
  "tokens": [],
  "entities": [
    {
      "name": "dog",
      "type": "OTHER",
      "metadata": {},
      "salience": 0.53967404,
      "mentions": [
        {
          "text": {
            "content": "dog",
            "beginOffset": -1
          },
          "type": "COMMON"
        }
      ]
    },
    {
      "name": "name",
      "type": "OTHER",
      "metadata": {},
      "salience": 0.22410329,
      "mentions": [
        {
          "text": {
            "content": "name",
            "beginOffset": -1
          },
          "type": "COMMON"
        }
      ]
    },
    {
      "name": "Summer",
      "type": "WORK_OF_ART",
      "metadata": {},
      "salience": 0.14309238,
      "mentions": [
        {
          "text": {
            "content": "Summer",
            "beginOffset": -1
          },
          "type": "PROPER"
        }
      ]
    },
    {
      "name": "walks",
      "type": "OTHER",
      "metadata": {},
      "salience": 0.093130305,
      "mentions": [
        {
          "text": {
            "content": "walks",
            "beginOffset": -1
          },
          "type": "COMMON"
        }
      ]
    }
  ],
  "documentSentiment": {
    "magnitude": 1.7,
    "score": 0.5
  },
  "language": "en",
  "categories": []
}
