{
  "sentences": [
    {
      "text": {
        "content": "Gumu is a sweet, young and active dog.",
        "beginOffset": -1
      },
      "sentiment": {
        "magnitude": 0.6,
        "score": 0.6
      }
    },
    {
      "text": {
        "content": "He is used to being around children.",
        "beginOffset": -1
      },
      "sentiment": {
        "magnitude": 0,
        "score": 0
      }
    },
    {
      "text": {
        "content": "He loves to go for walks or play in the garden.",
        "beginOffset": -1
      },
      "sentiment": {
        "magnitude": 0.9,
        "score": 0.9
      }
    },
    {
      "text": {
        "content": "Although he is still young, he already knows when to bark when something is wrong.",
        "beginOffset": -1
      },
      "sentiment": {
        "magnitude": 0.5,
        "score": -0.5
      }
    },
    {
      "text": {
        "content": "We will be leaving Malaysia soon, and unfortunately cannot take Gumu with us.",
        "beginOffset": -1
      },
      "sentiment": {
        "magnitude": 0,
        "score": 0
      }
    }
  ],
  "tokens": [],
  "entities": [
    {
      "name": "Gumu",
      "type": "OTHER",
      "metadata": {},
      "salience": 0.84039956,
      "mentions": [
        {
          "text": {
            "content": "Gumu",
            "beginOffset": -1
          },
          "type": "PROPER"
        },
        {
          "text": {
            "content": "dog",
            "beginOffset": -1
          },
          "type": "COMMON"
        },
        {
          "text": {
            "content": "Gumu",
            "beginOffset": -1
          },
          "type": "PROPER"
        }
      ]
    },
    {
      "name": "garden",
      "type": "LOCATION",
      "metadata": {},
      "salience": 0.038379375,
      "mentions": [
        {
          "text": {
            "content": "garden",
            "beginOffset": -1
          },
          "type": "COMMON"
        }
      ]
    },
    {
      "name": "children",
      "type": "PERSON",
      "metadata": {},
      "salience": 0.038103785,
      "mentions": [
        {
          "text": {
            "content": "children",
            "beginOffset": -1
          },
          "type": "COMMON"
        }
      ]
    },
    {
      "name": "walks",
      "type": "OTHER",
      "metadata": {},
      "salience": 0.03791695,
      "mentions": [
        {
          "text": {
            "content": "walks",
            "beginOffset": -1
          },
          "type": "COMMON"
        }
      ]
    },
    {
      "name": "Malaysia",
      "type": "LOCATION",
      "metadata": {
        "wikipedia_url": "https://en.wikipedia.org/wiki/Malaysia",
        "mid": "/m/09pmkv"
      },
      "salience": 0.031128807,
      "mentions": [
        {
          "text": {
            "content": "Malaysia",
            "beginOffset": -1
          },
          "type": "PROPER"
        }
      ]
    },
    {
      "name": "something",
      "type": "OTHER",
      "metadata": {},
      "salience": 0.014071517,
      "mentions": [
        {
          "text": {
            "content": "something",
            "beginOffset": -1
          },
          "type": "COMMON"
        }
      ]
    }
  ],
  "documentSentiment": {
    "magnitude": 2.2,
    "score": 0.1
  },
  "language": "en",
  "categories": []
}
