{
  "sentences": [
    {
      "text": {
        "content": "we had found Kisa lying at an apartment door, one ordinary afternoon.",
        "beginOffset": -1
      },
      "sentiment": {
        "magnitude": 0.1,
        "score": -0.1
      }
    },
    {
      "text": {
        "content": "she was barely conscious, clearly dehydrated, her leg showing an awful injury - the result of an attack by an older cat, most probably.",
        "beginOffset": -1
      },
      "sentiment": {
        "magnitude": 0.8,
        "score": -0.8
      }
    },
    {
      "text": {
        "content": "her mother was nowhere to be seen, although her siblings were around.",
        "beginOffset": -1
      },
      "sentiment": {
        "magnitude": 0.2,
        "score": -0.2
      }
    },
    {
      "text": {
        "content": "immediately, we procured a car to get her to the vet's.",
        "beginOffset": -1
      },
      "sentiment": {
        "magnitude": 0.2,
        "score": 0.2
      }
    },
    {
      "text": {
        "content": "her wounds were treated; because they got infectious, she was prescribed antibiotics.",
        "beginOffset": -1
      },
      "sentiment": {
        "magnitude": 0.7,
        "score": 0.7
      }
    },
    {
      "text": {
        "content": "we took her in and slowly got her back to strength.",
        "beginOffset": -1
      },
      "sentiment": {
        "magnitude": 0.1,
        "score": 0.1
      }
    },
    {
      "text": {
        "content": "now she is ready to find her forever home.",
        "beginOffset": -1
      },
      "sentiment": {
        "magnitude": 0.2,
        "score": 0.2
      }
    },
    {
      "text": {
        "content": "Kisa is a sweet girl that loves a good cuddle.",
        "beginOffset": -1
      },
      "sentiment": {
        "magnitude": 0.9,
        "score": 0.9
      }
    },
    {
      "text": {
        "content": "she is toilet-trained and picks up on rules very quickly.",
        "beginOffset": -1
      },
      "sentiment": {
        "magnitude": 0.4,
        "score": 0.4
      }
    }
  ],
  "tokens": [],
  "entities": [
    {
      "name": "Kisa",
      "type": "PERSON",
      "metadata": {},
      "salience": 0.7596727,
      "mentions": [
        {
          "text": {
            "content": "Kisa",
            "beginOffset": -1
          },
          "type": "PROPER"
        }
      ]
    },
    {
      "name": "apartment door",
      "type": "OTHER",
      "metadata": {},
      "salience": 0.06804538,
      "mentions": [
        {
          "text": {
            "content": "apartment door",
            "beginOffset": -1
          },
          "type": "COMMON"
        }
      ]
    },
    {
      "name": "Kisa",
      "type": "LOCATION",
      "metadata": {},
      "salience": 0.037971664,
      "mentions": [
        {
          "text": {
            "content": "Kisa",
            "beginOffset": -1
          },
          "type": "PROPER"
        }
      ]
    },
    {
      "name": "wounds",
      "type": "OTHER",
      "metadata": {},
      "salience": 0.025714915,
      "mentions": [
        {
          "text": {
            "content": "wounds",
            "beginOffset": -1
          },
          "type": "COMMON"
        }
      ]
    },
    {
      "name": "leg",
      "type": "OTHER",
      "metadata": {},
      "salience": 0.013955872,
      "mentions": [
        {
          "text": {
            "content": "leg",
            "beginOffset": -1
          },
          "type": "COMMON"
        }
      ]
    },
    {
      "name": "result",
      "type": "OTHER",
      "metadata": {},
      "salience": 0.012812995,
      "mentions": [
        {
          "text": {
            "content": "result",
            "beginOffset": -1
          },
          "type": "COMMON"
        }
      ]
    },
    {
      "name": "mother",
      "type": "PERSON",
      "metadata": {},
      "salience": 0.009743262,
      "mentions": [
        {
          "text": {
            "content": "mother",
            "beginOffset": -1
          },
          "type": "COMMON"
        }
      ]
    },
    {
      "name": "car",
      "type": "CONSUMER_GOOD",
      "metadata": {},
      "salience": 0.008696213,
      "mentions": [
        {
          "text": {
            "content": "car",
            "beginOffset": -1
          },
          "type": "COMMON"
        }
      ]
    },
    {
      "name": "cat",
      "type": "OTHER",
      "metadata": {},
      "salience": 0.008663599,
      "mentions": [
        {
          "text": {
            "content": "cat",
            "beginOffset": -1
          },
          "type": "COMMON"
        }
      ]
    },
    {
      "name": "attack",
      "type": "EVENT",
      "metadata": {},
      "salience": 0.008663599,
      "mentions": [
        {
          "text": {
            "content": "attack",
            "beginOffset": -1
          },
          "type": "COMMON"
        }
      ]
    },
    {
      "name": "vet",
      "type": "PERSON",
      "metadata": {},
      "salience": 0.007981696,
      "mentions": [
        {
          "text": {
            "content": "vet",
            "beginOffset": -1
          },
          "type": "COMMON"
        }
      ]
    },
    {
      "name": "girl",
      "type": "PERSON",
      "metadata": {},
      "salience": 0.00762857,
      "mentions": [
        {
          "text": {
            "content": "girl",
            "beginOffset": -1
          },
          "type": "COMMON"
        }
      ]
    },
    {
      "name": "injury",
      "type": "OTHER",
      "metadata": {},
      "salience": 0.0066979215,
      "mentions": [
        {
          "text": {
            "content": "injury",
            "beginOffset": -1
          },
          "type": "COMMON"
        }
      ]
    },
    {
      "name": "home",
      "type": "LOCATION",
      "metadata": {},
      "salience": 0.005979356,
      "mentions": [
        {
          "text": {
            "content": "home",
            "beginOffset": -1
          },
          "type": "COMMON"
        }
      ]
    },
    {
      "name": "cuddle",
      "type": "OTHER",
      "metadata": {},
      "salience": 0.0044463454,
      "mentions": [
        {
          "text": {
            "content": "cuddle",
            "beginOffset": -1
          },
          "type": "COMMON"
        }
      ]
    },
    {
      "name": "rules",
      "type": "OTHER",
      "metadata": {},
      "salience": 0.004175468,
      "mentions": [
        {
          "text": {
            "content": "rules",
            "beginOffset": -1
          },
          "type": "COMMON"
        }
      ]
    },
    {
      "name": "siblings",
      "type": "PERSON",
      "metadata": {},
      "salience": 0.003883482,
      "mentions": [
        {
          "text": {
            "content": "siblings",
            "beginOffset": -1
          },
          "type": "COMMON"
        }
      ]
    },
    {
      "name": "antibiotics",
      "type": "CONSUMER_GOOD",
      "metadata": {},
      "salience": 0.0026364436,
      "mentions": [
        {
          "text": {
            "content": "antibiotics",
            "beginOffset": -1
          },
          "type": "COMMON"
        }
      ]
    },
    {
      "name": "strength",
      "type": "OTHER",
      "metadata": {},
      "salience": 0.0026305397,
      "mentions": [
        {
          "text": {
            "content": "strength",
            "beginOffset": -1
          },
          "type": "COMMON"
        }
      ]
    }
  ],
  "documentSentiment": {
    "magnitude": 4,
    "score": 0.1
  },
  "language": "en",
  "categories": []
}
