{
  "sentences": [
    {
      "text": {
        "content": "We found it on our seksyen 17 flat, we not sure who her mother is, we hopefully you can adopt it.",
        "beginOffset": -1
      },
      "sentiment": {
        "magnitude": 0.3,
        "score": 0.3
      }
    }
  ],
  "tokens": [],
  "entities": [
    {
      "name": "mother",
      "type": "PERSON",
      "metadata": {},
      "salience": 0.52648056,
      "mentions": [
        {
          "text": {
            "content": "mother",
            "beginOffset": -1
          },
          "type": "COMMON"
        }
      ]
    },
    {
      "name": "flat",
      "type": "LOCATION",
      "metadata": {},
      "salience": 0.47351944,
      "mentions": [
        {
          "text": {
            "content": "flat",
            "beginOffset": -1
          },
          "type": "COMMON"
        }
      ]
    }
  ],
  "documentSentiment": {
    "magnitude": 0.3,
    "score": 0.3
  },
  "language": "en",
  "categories": []
}
