{
  "sentences": [
    {
      "text": {
        "content": "Active, healthy, confident pup looking for a loving home where it could call it &quot;home sweet home&quot;.",
        "beginOffset": -1
      },
      "sentiment": {
        "magnitude": 0.9,
        "score": 0.9
      }
    },
    {
      "text": {
        "content": "The RM fee is to subsidize for spaying the dog.",
        "beginOffset": -1
      },
      "sentiment": {
        "magnitude": 0.1,
        "score": -0.1
      }
    },
    {
      "text": {
        "content": "If you are committed to caring for a dog for its' lifetime, I am sure it would be the best thing that can happen to your life as well.",
        "beginOffset": -1
      },
      "sentiment": {
        "magnitude": 0.7,
        "score": 0.7
      }
    },
    {
      "text": {
        "content": "Alpha seem to be a confident dog.",
        "beginOffset": -1
      },
      "sentiment": {
        "magnitude": 0.6,
        "score": 0.6
      }
    },
    {
      "text": {
        "content": "From the videos, you could see that size does not matter !!",
        "beginOffset": -1
      },
      "sentiment": {
        "magnitude": 0.2,
        "score": -0.2
      }
    }
  ],
  "tokens": [],
  "entities": [
    {
      "name": "home",
      "type": "LOCATION",
      "metadata": {},
      "salience": 0.49178514,
      "mentions": [
        {
          "text": {
            "content": "home",
            "beginOffset": -1
          },
          "type": "COMMON"
        }
      ]
    },
    {
      "name": "pup",
      "type": "OTHER",
      "metadata": {},
      "salience": 0.16991818,
      "mentions": [
        {
          "text": {
            "content": "pup",
            "beginOffset": -1
          },
          "type": "COMMON"
        }
      ]
    },
    {
      "name": "home sweet home",
      "type": "LOCATION",
      "metadata": {},
      "salience": 0.07614684,
      "mentions": [
        {
          "text": {
            "content": "home sweet home",
            "beginOffset": -1
          },
          "type": "COMMON"
        }
      ]
    },
    {
      "name": "dog",
      "type": "OTHER",
      "metadata": {},
      "salience": 0.06968013,
      "mentions": [
        {
          "text": {
            "content": "dog",
            "beginOffset": -1
          },
          "type": "COMMON"
        }
      ]
    },
    {
      "name": "thing",
      "type": "OTHER",
      "metadata": {},
      "salience": 0.040512227,
      "mentions": [
        {
          "text": {
            "content": "thing",
            "beginOffset": -1
          },
          "type": "COMMON"
        }
      ]
    },
    {
      "name": "dog",
      "type": "OTHER",
      "metadata": {},
      "salience": 0.02754267,
      "mentions": [
        {
          "text": {
            "content": "dog",
            "beginOffset": -1
          },
          "type": "COMMON"
        }
      ]
    },
    {
      "name": "fee",
      "type": "OTHER",
      "metadata": {},
      "salience": 0.026547277,
      "mentions": [
        {
          "text": {
            "content": "fee",
            "beginOffset": -1
          },
          "type": "COMMON"
        }
      ]
    },
    {
      "name": "dog",
      "type": "OTHER",
      "metadata": {},
      "salience": 0.02359469,
      "mentions": [
        {
          "text": {
            "content": "dog",
            "beginOffset": -1
          },
          "type": "COMMON"
        }
      ]
    },
    {
      "name": "lifetime",
      "type": "OTHER",
      "metadata": {},
      "salience": 0.02325405,
      "mentions": [
        {
          "text": {
            "content": "lifetime",
            "beginOffset": -1
          },
          "type": "COMMON"
        }
      ]
    },
    {
      "name": "videos",
      "type": "WORK_OF_ART",
      "metadata": {},
      "salience": 0.015337391,
      "mentions": [
        {
          "text": {
            "content": "videos",
            "beginOffset": -1
          },
          "type": "COMMON"
        }
      ]
    },
    {
      "name": "RM",
      "type": "LOCATION",
      "metadata": {},
      "salience": 0.013108897,
      "mentions": [
        {
          "text": {
            "content": "RM",
            "beginOffset": -1
          },
          "type": "PROPER"
        }
      ]
    },
    {
      "name": "size",
      "type": "OTHER",
      "metadata": {},
      "salience": 0.010750639,
      "mentions": [
        {
          "text": {
            "content": "size",
            "beginOffset": -1
          },
          "type": "COMMON"
        }
      ]
    },
    {
      "name": "life",
      "type": "OTHER",
      "metadata": {},
      "salience": 0.0077235806,
      "mentions": [
        {
          "text": {
            "content": "life",
            "beginOffset": -1
          },
          "type": "COMMON"
        }
      ]
    },
    {
      "name": "Alpha",
      "type": "PERSON",
      "metadata": {},
      "salience": 0.0040982934,
      "mentions": [
        {
          "text": {
            "content": "Alpha",
            "beginOffset": -1
          },
          "type": "PROPER"
        }
      ]
    }
  ],
  "documentSentiment": {
    "magnitude": 2.7,
    "score": 0.4
  },
  "language": "en",
  "categories": []
}
