{
  "sentences": [
    {
      "text": {
        "content": "will be release back within 3 days will dewormed and will request for deposit to make sure the adopter spayed and vaccined",
        "beginOffset": -1
      },
      "sentiment": {
        "magnitude": 0.6,
        "score": 0.6
      }
    }
  ],
  "tokens": [],
  "entities": [
    {
      "name": "deposit",
      "type": "OTHER",
      "metadata": {},
      "salience": 0.63721275,
      "mentions": [
        {
          "text": {
            "content": "deposit",
            "beginOffset": -1
          },
          "type": "COMMON"
        }
      ]
    },
    {
      "name": "vaccined",
      "type": "OTHER",
      "metadata": {},
      "salience": 0.36278725,
      "mentions": [
        {
          "text": {
            "content": "vaccined",
            "beginOffset": -1
          },
          "type": "COMMON"
        }
      ]
    }
  ],
  "documentSentiment": {
    "magnitude": 0.6,
    "score": 0.6
  },
  "language": "en",
  "categories": []
}
