{
  "sentences": [
    {
      "text": {
        "content": "This lovely Lady is Active, Playful &amp; Friendly.",
        "beginOffset": -1
      },
      "sentiment": {
        "magnitude": 0.9,
        "score": 0.9
      }
    },
    {
      "text": {
        "content": "She and her siblings were rescue from a factory which the mother dog gave birth at; and is now looking for loving home.",
        "beginOffset": -1
      },
      "sentiment": {
        "magnitude": 0.9,
        "score": 0.9
      }
    },
    {
      "text": {
        "content": "She is Vaccinated, Dewormed &amp; De-ticked.",
        "beginOffset": -1
      },
      "sentiment": {
        "magnitude": 0,
        "score": 0
      }
    }
  ],
  "tokens": [],
  "entities": [
    {
      "name": "Lady",
      "type": "PERSON",
      "metadata": {},
      "salience": 0.50154555,
      "mentions": [
        {
          "text": {
            "content": "Lady",
            "beginOffset": -1
          },
          "type": "COMMON"
        }
      ]
    },
    {
      "name": "factory",
      "type": "LOCATION",
      "metadata": {},
      "salience": 0.13282229,
      "mentions": [
        {
          "text": {
            "content": "factory",
            "beginOffset": -1
          },
          "type": "COMMON"
        }
      ]
    },
    {
      "name": "Playful & Friendly",
      "type": "ORGANIZATION",
      "metadata": {},
      "salience": 0.094923556,
      "mentions": [
        {
          "text": {
            "content": "Playful &amp; Friendly",
            "beginOffset": -1
          },
          "type": "PROPER"
        }
      ]
    },
    {
      "name": "siblings",
      "type": "PERSON",
      "metadata": {},
      "salience": 0.052620325,
      "mentions": [
        {
          "text": {
            "content": "siblings",
            "beginOffset": -1
          },
          "type": "COMMON"
        }
      ]
    },
    {
      "name": "rescue",
      "type": "OTHER",
      "metadata": {},
      "salience": 0.052620325,
      "mentions": [
        {
          "text": {
            "content": "rescue",
            "beginOffset": -1
          },
          "type": "COMMON"
        }
      ]
    },
    {
      "name": "mother dog",
      "type": "PERSON",
      "metadata": {},
      "salience": 0.04892692,
      "mentions": [
        {
          "text": {
            "content": "mother dog",
            "beginOffset": -1
          },
          "type": "COMMON"
        }
      ]
    },
    {
      "name": "birth",
      "type": "EVENT",
      "metadata": {},
      "salience": 0.04892692,
      "mentions": [
        {
          "text": {
            "content": "birth",
            "beginOffset": -1
          },
          "type": "COMMON"
        }
      ]
    },
    {
      "name": "home",
      "type": "LOCATION",
      "metadata": {},
      "salience": 0.036990725,
      "mentions": [
        {
          "text": {
            "content": "home",
            "beginOffset": -1
          },
          "type": "COMMON"
        }
      ]
    },
    {
      "name": "Dewormed",
      "type": "OTHER",
      "metadata": {
        "wikipedia_url": "https://en.wikipedia.org/wiki/Deworming",
        "mid": "/m/03nnncz"
      },
      "salience": 0.015311706,
      "mentions": [
        {
          "text": {
            "content": "Dewormed",
            "beginOffset": -1
          },
          "type": "PROPER"
        }
      ]
    },
    {
      "name": "De-ticked",
      "type": "OTHER",
      "metadata": {},
      "salience": 0.015311706,
      "mentions": [
        {
          "text": {
            "content": "De-ticked",
            "beginOffset": -1
          },
          "type": "PROPER"
        }
      ]
    }
  ],
  "documentSentiment": {
    "magnitude": 1.9,
    "score": 0.6
  },
  "language": "en",
  "categories": []
}
