{
  "sentences": [
    {
      "text": {
        "content": "Handsome cat needs a home 🐈 Gender: Male (will be castrated soon) Temperament: Good (quiet lad) Currently recovering from spinal injury, slightly senget when walking. :)",
        "beginOffset": -1
      },
      "sentiment": {
        "magnitude": 0.9,
        "score": 0.9
      }
    }
  ],
  "tokens": [],
  "entities": [
    {
      "name": "cat",
      "type": "OTHER",
      "metadata": {},
      "salience": 0.32475802,
      "mentions": [
        {
          "text": {
            "content": "cat",
            "beginOffset": -1
          },
          "type": "COMMON"
        }
      ]
    },
    {
      "name": "home",
      "type": "LOCATION",
      "metadata": {},
      "salience": 0.32475802,
      "mentions": [
        {
          "text": {
            "content": "home",
            "beginOffset": -1
          },
          "type": "COMMON"
        }
      ]
    },
    {
      "name": "Temperament",
      "type": "OTHER",
      "metadata": {},
      "salience": 0.10868404,
      "mentions": [
        {
          "text": {
            "content": "Temperament",
            "beginOffset": -1
          },
          "type": "COMMON"
        }
      ]
    },
    {
      "name": "lad",
      "type": "PERSON",
      "metadata": {},
      "salience": 0.09369461,
      "mentions": [
        {
          "text": {
            "content": "lad",
            "beginOffset": -1
          },
          "type": "COMMON"
        }
      ]
    },
    {
      "name": "Gender: Male",
      "type": "OTHER",
      "metadata": {},
      "salience": 0.076323576,
      "mentions": [
        {
          "text": {
            "content": "Gender: Male",
            "beginOffset": -1
          },
          "type": "PROPER"
        }
      ]
    },
    {
      "name": "injury",
      "type": "OTHER",
      "metadata": {},
      "salience": 0.07178172,
      "mentions": [
        {
          "text": {
            "content": "injury",
            "beginOffset": -1
          },
          "type": "COMMON"
        }
      ]
    }
  ],
  "documentSentiment": {
    "magnitude": 0.9,
    "score": 0.9
  },
  "language": "en",
  "categories": []
}
