{
  "sentences": [
    {
      "text": {
        "content": "Hi I just fostered a kitten.Healthy and self feed on soft food already.Gender is unknown (too young to determine but looks like a female to me) pls drop me a msg if interested in adopting.Thank you",
        "beginOffset": -1
      },
      "sentiment": {
        "magnitude": 0.7,
        "score": 0.7
      }
    }
  ],
  "tokens": [],
  "entities": [
    {
      "name": "self",
      "type": "OTHER",
      "metadata": {},
      "salience": 0.2915401,
      "mentions": [
        {
          "text": {
            "content": "self",
            "beginOffset": -1
          },
          "type": "COMMON"
        }
      ]
    },
    {
      "name": "Gender",
      "type": "OTHER",
      "metadata": {},
      "salience": 0.20087752,
      "mentions": [
        {
          "text": {
            "content": "Gender",
            "beginOffset": -1
          },
          "type": "COMMON"
        }
      ]
    },
    {
      "name": "food",
      "type": "OTHER",
      "metadata": {},
      "salience": 0.20087752,
      "mentions": [
        {
          "text": {
            "content": "food",
            "beginOffset": -1
          },
          "type": "COMMON"
        }
      ]
    },
    {
      "name": "msg",
      "type": "OTHER",
      "metadata": {},
      "salience": 0.14247988,
      "mentions": [
        {
          "text": {
            "content": "msg",
            "beginOffset": -1
          },
          "type": "COMMON"
        }
      ]
    },
    {
      "name": "adopting.",
      "type": "OTHER",
      "metadata": {},
      "salience": 0.10065465,
      "mentions": [
        {
          "text": {
            "content": "adopting.",
            "beginOffset": -1
          },
          "type": "COMMON"
        }
      ]
    },
    {
      "name": "female",
      "type": "PERSON",
      "metadata": {},
      "salience": 0.06357034,
      "mentions": [
        {
          "text": {
            "content": "female",
            "beginOffset": -1
          },
          "type": "COMMON"
        }
      ]
    }
  ],
  "documentSentiment": {
    "magnitude": 0.7,
    "score": 0.7
  },
  "language": "en",
  "categories": []
}
