{
  "sentences": [
    {
      "text": {
        "content": "Scruffy is looking for a good home/family who will spend lots of time with her, take her for long walks and most importantly give her lots of love...",
        "beginOffset": -1
      },
      "sentiment": {
        "magnitude": 0.9,
        "score": 0.9
      }
    },
    {
      "text": {
        "content": "************************************************** This is Scruffy's story: About a month ago, I was at my usual coffee shop in Hulu Kelang this morning, when I saw this tiny puppy wandering round the shop.",
        "beginOffset": -1
      },
      "sentiment": {
        "magnitude": 0.3,
        "score": -0.3
      }
    },
    {
      "text": {
        "content": "She was really frail and quite dirty with a skin condition, and was looking for a kind person to cuddle up to and not so much for food.",
        "beginOffset": -1
      },
      "sentiment": {
        "magnitude": 0.9,
        "score": -0.9
      }
    },
    {
      "text": {
        "content": "But of course Malaysians being Malaysians, most of them shoo-ed her away and some even kicked her.",
        "beginOffset": -1
      },
      "sentiment": {
        "magnitude": 0.2,
        "score": 0.2
      }
    },
    {
      "text": {
        "content": "The coffee shop owner then informed me that her mother had recently been killed - someone had poisoned her.",
        "beginOffset": -1
      },
      "sentiment": {
        "magnitude": 0.9,
        "score": -0.9
      }
    },
    {
      "text": {
        "content": "As I usually have a small amount of dog food with me in the car, I gave her some.",
        "beginOffset": -1
      },
      "sentiment": {
        "magnitude": 0.1,
        "score": 0.1
      }
    },
    {
      "text": {
        "content": "She ate a little but just wanted to be petted.",
        "beginOffset": -1
      },
      "sentiment": {
        "magnitude": 0.1,
        "score": 0.1
      }
    },
    {
      "text": {
        "content": "She then went to another table curled up at the feet of this old man.",
        "beginOffset": -1
      },
      "sentiment": {
        "magnitude": 0.3,
        "score": -0.3
      }
    },
    {
      "text": {
        "content": "Thankfully this man did not kick her.",
        "beginOffset": -1
      },
      "sentiment": {
        "magnitude": 0.2,
        "score": -0.2
      }
    },
    {
      "text": {
        "content": "I asked several people if they would take her, but of course none would.",
        "beginOffset": -1
      },
      "sentiment": {
        "magnitude": 0.1,
        "score": -0.1
      }
    },
    {
      "text": {
        "content": "In the end, I asked the shop owner for a box and brought her home.",
        "beginOffset": -1
      },
      "sentiment": {
        "magnitude": 0.2,
        "score": 0.2
      }
    },
    {
      "text": {
        "content": "I just could not bring myself to leave her there.",
        "beginOffset": -1
      },
      "sentiment": {
        "magnitude": 0.1,
        "score": -0.1
      }
    },
    {
      "text": {
        "content": "I took her to the vet and it was confirmed that she had a severe case of sarcoptic mange.",
        "beginOffset": -1
      },
      "sentiment": {
        "magnitude": 0,
        "score": 0
      }
    },
    {
      "text": {
        "content": "She was treated with Ivermectin for 5 weeks and she is now a healthy, active puppy.",
        "beginOffset": -1
      },
      "sentiment": {
        "magnitude": 0.7,
        "score": 0.7
      }
    },
    {
      "text": {
        "content": "We're not entirely sure what breed she is, but she looks like she could have some Jack Russell in her and possibly some Dalmation as well as she has quite a lot of spots...",
        "beginOffset": -1
      },
      "sentiment": {
        "magnitude": 0,
        "score": 0
      }
    },
    {
      "text": {
        "content": "She has just received her first vaccination and will be completing the remaining 2 shots soon.",
        "beginOffset": -1
      },
      "sentiment": {
        "magnitude": 0,
        "score": 0
      }
    },
    {
      "text": {
        "content": "She has a very good temperament and is good with other dogs.",
        "beginOffset": -1
      },
      "sentiment": {
        "magnitude": 0.9,
        "score": 0.9
      }
    },
    {
      "text": {
        "content": "She is curious about our cat and has shown no signs of aggression towards it.",
        "beginOffset": -1
      },
      "sentiment": {
        "magnitude": 0,
        "score": 0
      }
    },
    {
      "text": {
        "content": "She is very playful and is a fast learner.",
        "beginOffset": -1
      },
      "sentiment": {
        "magnitude": 0.8,
        "score": 0.8
      }
    },
    {
      "text": {
        "content": "For more pictures etc of Scruffy, please visit www.cleopatrathelabrador.blogspot.com",
        "beginOffset": -1
      },
      "sentiment": {
        "magnitude": 0,
        "score": 0
      }
    }
  ],
  "tokens": [],
  "entities": [
    {
      "name": "shop owner",
      "type": "PERSON",
      "metadata": {},
      "salience": 0.3642585,
      "mentions": [
        {
          "text": {
            "content": "shop owner",
            "beginOffset": -1
          },
          "type": "COMMON"
        }
      ]
    },
    {
      "name": "family",
      "type": "PERSON",
      "metadata": {},
      "salience": 0.14796998,
      "mentions": [
        {
          "text": {
            "content": "family",
            "beginOffset": -1
          },
          "type": "COMMON"
        }
      ]
    },
    {
      "name": "coffee shop owner",
      "type": "PERSON",
      "metadata": {},
      "salience": 0.052824438,
      "mentions": [
        {
          "text": {
            "content": "coffee shop owner",
            "beginOffset": -1
          },
          "type": "COMMON"
        }
      ]
    },
    {
      "name": "home",
      "type": "LOCATION",
      "metadata": {},
      "salience": 0.040022645,
      "mentions": [
        {
          "text": {
            "content": "home",
            "beginOffset": -1
          },
          "type": "COMMON"
        }
      ]
    },
    {
      "name": "lots",
      "type": "OTHER",
      "metadata": {},
      "salience": 0.040022645,
      "mentions": [
        {
          "text": {
            "content": "lots",
            "beginOffset": -1
          },
          "type": "COMMON"
        }
      ]
    },
    {
      "name": "story",
      "type": "WORK_OF_ART",
      "metadata": {},
      "salience": 0.03567633,
      "mentions": [
        {
          "text": {
            "content": "story",
            "beginOffset": -1
          },
          "type": "COMMON"
        }
      ]
    },
    {
      "name": "walks",
      "type": "EVENT",
      "metadata": {},
      "salience": 0.0352192,
      "mentions": [
        {
          "text": {
            "content": "walks",
            "beginOffset": -1
          },
          "type": "COMMON"
        }
      ]
    },
    {
      "name": "love",
      "type": "OTHER",
      "metadata": {},
      "salience": 0.0352192,
      "mentions": [
        {
          "text": {
            "content": "love",
            "beginOffset": -1
          },
          "type": "COMMON"
        }
      ]
    },
    {
      "name": "lots",
      "type": "OTHER",
      "metadata": {},
      "salience": 0.030641591,
      "mentions": [
        {
          "text": {
            "content": "lots",
            "beginOffset": -1
          },
          "type": "COMMON"
        }
      ]
    },
    {
      "name": "Scruffy",
      "type": "WORK_OF_ART",
      "metadata": {},
      "salience": 0.025690708,
      "mentions": [
        {
          "text": {
            "content": "Scruffy",
            "beginOffset": -1
          },
          "type": "PROPER"
        },
        {
          "text": {
            "content": "Scruffy",
            "beginOffset": -1
          },
          "type": "PROPER"
        },
        {
          "text": {
            "content": "Scruffy",
            "beginOffset": -1
          },
          "type": "PROPER"
        }
      ]
    },
    {
      "name": "man",
      "type": "PERSON",
      "metadata": {},
      "salience": 0.020072423,
      "mentions": [
        {
          "text": {
            "content": "man",
            "beginOffset": -1
          },
          "type": "COMMON"
        },
        {
          "text": {
            "content": "man",
            "beginOffset": -1
          },
          "type": "COMMON"
        }
      ]
    },
    {
      "name": "Malaysians",
      "type": "PERSON",
      "metadata": {
        "wikipedia_url": "https://en.wikipedia.org/wiki/Malaysia",
        "mid": "/m/09pmkv"
      },
      "salience": 0.017689016,
      "mentions": [
        {
          "text": {
            "content": "Malaysians",
            "beginOffset": -1
          },
          "type": "PROPER"
        },
        {
          "text": {
            "content": "Malaysians",
            "beginOffset": -1
          },
          "type": "PROPER"
        }
      ]
    },
    {
      "name": "people",
      "type": "PERSON",
      "metadata": {},
      "salience": 0.016515013,
      "mentions": [
        {
          "text": {
            "content": "people",
            "beginOffset": -1
          },
          "type": "COMMON"
        }
      ]
    },
    {
      "name": "coffee shop",
      "type": "LOCATION",
      "metadata": {},
      "salience": 0.00865063,
      "mentions": [
        {
          "text": {
            "content": "coffee shop",
            "beginOffset": -1
          },
          "type": "COMMON"
        }
      ]
    },
    {
      "name": "shop",
      "type": "LOCATION",
      "metadata": {},
      "salience": 0.0058393045,
      "mentions": [
        {
          "text": {
            "content": "shop",
            "beginOffset": -1
          },
          "type": "COMMON"
        }
      ]
    },
    {
      "name": "some",
      "type": "OTHER",
      "metadata": {},
      "salience": 0.0058322325,
      "mentions": [
        {
          "text": {
            "content": "some",
            "beginOffset": -1
          },
          "type": "COMMON"
        }
      ]
    },
    {
      "name": "aggression",
      "type": "EVENT",
      "metadata": {},
      "salience": 0.0053036325,
      "mentions": [
        {
          "text": {
            "content": "aggression",
            "beginOffset": -1
          },
          "type": "COMMON"
        }
      ]
    },
    {
      "name": "puppy",
      "type": "OTHER",
      "metadata": {},
      "salience": 0.0049598305,
      "mentions": [
        {
          "text": {
            "content": "puppy",
            "beginOffset": -1
          },
          "type": "COMMON"
        }
      ]
    },
    {
      "name": "dog food",
      "type": "OTHER",
      "metadata": {},
      "salience": 0.0049538217,
      "mentions": [
        {
          "text": {
            "content": "dog food",
            "beginOffset": -1
          },
          "type": "COMMON"
        }
      ]
    },
    {
      "name": "food",
      "type": "OTHER",
      "metadata": {},
      "salience": 0.00493517,
      "mentions": [
        {
          "text": {
            "content": "food",
            "beginOffset": -1
          },
          "type": "COMMON"
        }
      ]
    },
    {
      "name": "mother",
      "type": "PERSON",
      "metadata": {},
      "salience": 0.004525271,
      "mentions": [
        {
          "text": {
            "content": "mother",
            "beginOffset": -1
          },
          "type": "COMMON"
        }
      ]
    },
    {
      "name": "course",
      "type": "OTHER",
      "metadata": {},
      "salience": 0.004516874,
      "mentions": [
        {
          "text": {
            "content": "course",
            "beginOffset": -1
          },
          "type": "COMMON"
        }
      ]
    },
    {
      "name": "someone",
      "type": "PERSON",
      "metadata": {},
      "salience": 0.0043613887,
      "mentions": [
        {
          "text": {
            "content": "someone",
            "beginOffset": -1
          },
          "type": "COMMON"
        }
      ]
    },
    {
      "name": "car",
      "type": "CONSUMER_GOOD",
      "metadata": {},
      "salience": 0.0043516224,
      "mentions": [
        {
          "text": {
            "content": "car",
            "beginOffset": -1
          },
          "type": "COMMON"
        }
      ]
    },
    {
      "name": "puppy",
      "type": "OTHER",
      "metadata": {},
      "salience": 0.004335322,
      "mentions": [
        {
          "text": {
            "content": "puppy",
            "beginOffset": -1
          },
          "type": "COMMON"
        }
      ]
    },
    {
      "name": "skin condition",
      "type": "OTHER",
      "metadata": {},
      "salience": 0.0043352344,
      "mentions": [
        {
          "text": {
            "content": "skin condition",
            "beginOffset": -1
          },
          "type": "COMMON"
        }
      ]
    },
    {
      "name": "person",
      "type": "PERSON",
      "metadata": {},
      "salience": 0.0043352344,
      "mentions": [
        {
          "text": {
            "content": "person",
            "beginOffset": -1
          },
          "type": "COMMON"
        }
      ]
    },
    {
      "name": "most",
      "type": "OTHER",
      "metadata": {},
      "salience": 0.004319926,
      "mentions": [
        {
          "text": {
            "content": "most",
            "beginOffset": -1
          },
          "type": "COMMON"
        }
      ]
    },
    {
      "name": "amount",
      "type": "OTHER",
      "metadata": {},
      "salience": 0.0042984416,
      "mentions": [
        {
          "text": {
            "content": "amount",
            "beginOffset": -1
          },
          "type": "COMMON"
        }
      ]
    },
    {
      "name": "feet",
      "type": "OTHER",
      "metadata": {},
      "salience": 0.0039786077,
      "mentions": [
        {
          "text": {
            "content": "feet",
            "beginOffset": -1
          },
          "type": "COMMON"
        }
      ]
    },
    {
      "name": "table",
      "type": "OTHER",
      "metadata": {},
      "salience": 0.0039786077,
      "mentions": [
        {
          "text": {
            "content": "table",
            "beginOffset": -1
          },
          "type": "COMMON"
        }
      ]
    },
    {
      "name": "none",
      "type": "OTHER",
      "metadata": {},
      "salience": 0.0039677043,
      "mentions": [
        {
          "text": {
            "content": "none",
            "beginOffset": -1
          },
          "type": "COMMON"
        }
      ]
    },
    {
      "name": "end",
      "type": "EVENT",
      "metadata": {},
      "salience": 0.0039630565,
      "mentions": [
        {
          "text": {
            "content": "end",
            "beginOffset": -1
          },
          "type": "COMMON"
        }
      ]
    },
    {
      "name": "Hulu Kelang",
      "type": "LOCATION",
      "metadata": {
        "wikipedia_url": "https://en.wikipedia.org/wiki/Ulu_Klang",
        "mid": "/m/0f2wnp"
      },
      "salience": 0.0038179979,
      "mentions": [
        {
          "text": {
            "content": "Hulu Kelang",
            "beginOffset": -1
          },
          "type": "PROPER"
        }
      ]
    },
    {
      "name": "vaccination",
      "type": "OTHER",
      "metadata": {},
      "salience": 0.0032802173,
      "mentions": [
        {
          "text": {
            "content": "vaccination",
            "beginOffset": -1
          },
          "type": "COMMON"
        }
      ]
    },
    {
      "name": "lot",
      "type": "OTHER",
      "metadata": {},
      "salience": 0.0029751232,
      "mentions": [
        {
          "text": {
            "content": "lot",
            "beginOffset": -1
          },
          "type": "COMMON"
        }
      ]
    },
    {
      "name": "spots",
      "type": "OTHER",
      "metadata": {},
      "salience": 0.0029751232,
      "mentions": [
        {
          "text": {
            "content": "spots",
            "beginOffset": -1
          },
          "type": "COMMON"
        }
      ]
    },
    {
      "name": "learner",
      "type": "PERSON",
      "metadata": {},
      "salience": 0.0026555248,
      "mentions": [
        {
          "text": {
            "content": "learner",
            "beginOffset": -1
          },
          "type": "COMMON"
        }
      ]
    },
    {
      "name": "shots",
      "type": "OTHER",
      "metadata": {},
      "salience": 0.0022958198,
      "mentions": [
        {
          "text": {
            "content": "shots",
            "beginOffset": -1
          },
          "type": "COMMON"
        }
      ]
    },
    {
      "name": "dogs",
      "type": "OTHER",
      "metadata": {},
      "salience": 0.0020790014,
      "mentions": [
        {
          "text": {
            "content": "dogs",
            "beginOffset": -1
          },
          "type": "COMMON"
        }
      ]
    },
    {
      "name": "temperament",
      "type": "OTHER",
      "metadata": {},
      "salience": 0.0020790014,
      "mentions": [
        {
          "text": {
            "content": "temperament",
            "beginOffset": -1
          },
          "type": "COMMON"
        }
      ]
    },
    {
      "name": "cat",
      "type": "OTHER",
      "metadata": {},
      "salience": 0.0020775392,
      "mentions": [
        {
          "text": {
            "content": "cat",
            "beginOffset": -1
          },
          "type": "COMMON"
        }
      ]
    },
    {
      "name": "pictures",
      "type": "WORK_OF_ART",
      "metadata": {},
      "salience": 0.002074847,
      "mentions": [
        {
          "text": {
            "content": "pictures",
            "beginOffset": -1
          },
          "type": "COMMON"
        }
      ]
    },
    {
      "name": "breed",
      "type": "OTHER",
      "metadata": {},
      "salience": 0.0020067266,
      "mentions": [
        {
          "text": {
            "content": "breed",
            "beginOffset": -1
          },
          "type": "COMMON"
        }
      ]
    },
    {
      "name": "home",
      "type": "LOCATION",
      "metadata": {},
      "salience": 0.0019543744,
      "mentions": [
        {
          "text": {
            "content": "home",
            "beginOffset": -1
          },
          "type": "COMMON"
        }
      ]
    },
    {
      "name": "Dalmation",
      "type": "PERSON",
      "metadata": {},
      "salience": 0.0017583047,
      "mentions": [
        {
          "text": {
            "content": "Dalmation",
            "beginOffset": -1
          },
          "type": "PROPER"
        }
      ]
    },
    {
      "name": "Jack Russell",
      "type": "PERSON",
      "metadata": {
        "wikipedia_url": "https://en.wikipedia.org/wiki/Jack_Russell_Terrier",
        "mid": "/m/01d7fl"
      },
      "salience": 0.001736794,
      "mentions": [
        {
          "text": {
            "content": "Jack Russell",
            "beginOffset": -1
          },
          "type": "PROPER"
        }
      ]
    },
    {
      "name": "www.cleopatrathelabrador.blogspot.com",
      "type": "OTHER",
      "metadata": {
        "mid": "/m/01scs3",
        "wikipedia_url": "https://en.wikipedia.org/wiki/Blogger_(service)"
      },
      "salience": 0.001587772,
      "mentions": [
        {
          "text": {
            "content": "www.cleopatrathelabrador.blogspot.com",
            "beginOffset": -1
          },
          "type": "PROPER"
        }
      ]
    },
    {
      "name": "box",
      "type": "OTHER",
      "metadata": {},
      "salience": 0.001309282,
      "mentions": [
        {
          "text": {
            "content": "box",
            "beginOffset": -1
          },
          "type": "COMMON"
        }
      ]
    },
    {
      "name": "mange",
      "type": "OTHER",
      "metadata": {},
      "salience": 0.001306592,
      "mentions": [
        {
          "text": {
            "content": "mange",
            "beginOffset": -1
          },
          "type": "COMMON"
        }
      ]
    },
    {
      "name": "case",
      "type": "OTHER",
      "metadata": {},
      "salience": 0.001306592,
      "mentions": [
        {
          "text": {
            "content": "case",
            "beginOffset": -1
          },
          "type": "COMMON"
        }
      ]
    },
    {
      "name": "vet",
      "type": "PERSON",
      "metadata": {},
      "salience": 0.001306592,
      "mentions": [
        {
          "text": {
            "content": "vet",
            "beginOffset": -1
          },
          "type": "COMMON"
        }
      ]
    },
    {
      "name": "signs",
      "type": "OTHER",
      "metadata": {},
      "salience": 0.0010819172,
      "mentions": [
        {
          "text": {
            "content": "signs",
            "beginOffset": -1
          },
          "type": "COMMON"
        }
      ]
    },
    {
      "name": "Ivermectin",
      "type": "CONSUMER_GOOD",
      "metadata": {
        "wikipedia_url": "https://en.wikipedia.org/wiki/Ivermectin",
        "mid": "/m/047j8m"
      },
      "salience": 0.00077127805,
      "mentions": [
        {
          "text": {
            "content": "Ivermectin",
            "beginOffset": -1
          },
          "type": "PROPER"
        }
      ]
    }
  ],
  "documentSentiment": {
    "magnitude": 7.5,
    "score": 0
  },
  "language": "en",
  "categories": []
}
