{
  "sentences": [
    {
      "text": {
        "content": "This baby is so manja..got very beautiful long hair tale.",
        "beginOffset": -1
      },
      "sentiment": {
        "magnitude": 0.7,
        "score": 0.7
      }
    },
    {
      "text": {
        "content": "Love to be around and playful..",
        "beginOffset": -1
      },
      "sentiment": {
        "magnitude": 0.9,
        "score": 0.9
      }
    }
  ],
  "tokens": [],
  "entities": [
    {
      "name": "baby",
      "type": "PERSON",
      "metadata": {},
      "salience": 0.82313156,
      "mentions": [
        {
          "text": {
            "content": "baby",
            "beginOffset": -1
          },
          "type": "COMMON"
        }
      ]
    },
    {
      "name": "hair tale",
      "type": "WORK_OF_ART",
      "metadata": {},
      "salience": 0.17686842,
      "mentions": [
        {
          "text": {
            "content": "hair tale",
            "beginOffset": -1
          },
          "type": "COMMON"
        }
      ]
    }
  ],
  "documentSentiment": {
    "magnitude": 1.7,
    "score": 0.8
  },
  "language": "en",
  "categories": []
}
