{
  "sentences": [
    {
      "text": {
        "content": "Jessy is considered a very manja cat.",
        "beginOffset": -1
      },
      "sentiment": {
        "magnitude": 0,
        "score": 0
      }
    },
    {
      "text": {
        "content": "She loves to snuggle, watches TV like a boss, sleeps on the dining table and do whatever cats do.",
        "beginOffset": -1
      },
      "sentiment": {
        "magnitude": 0.9,
        "score": 0.9
      }
    },
    {
      "text": {
        "content": "She especially snuggles next to you when you're having a bad day; some sort of cat sense.",
        "beginOffset": -1
      },
      "sentiment": {
        "magnitude": 0,
        "score": 0
      }
    }
  ],
  "tokens": [],
  "entities": [
    {
      "name": "Jessy",
      "type": "PERSON",
      "metadata": {},
      "salience": 0.68950176,
      "mentions": [
        {
          "text": {
            "content": "Jessy",
            "beginOffset": -1
          },
          "type": "PROPER"
        }
      ]
    },
    {
      "name": "cat",
      "type": "OTHER",
      "metadata": {},
      "salience": 0.1901544,
      "mentions": [
        {
          "text": {
            "content": "cat",
            "beginOffset": -1
          },
          "type": "COMMON"
        }
      ]
    },
    {
      "name": "TV",
      "type": "OTHER",
      "metadata": {},
      "salience": 0.027887624,
      "mentions": [
        {
          "text": {
            "content": "TV",
            "beginOffset": -1
          },
          "type": "COMMON"
        }
      ]
    },
    {
      "name": "dining table",
      "type": "CONSUMER_GOOD",
      "metadata": {},
      "salience": 0.023838699,
      "mentions": [
        {
          "text": {
            "content": "dining table",
            "beginOffset": -1
          },
          "type": "COMMON"
        }
      ]
    },
    {
      "name": "boss",
      "type": "PERSON",
      "metadata": {},
      "salience": 0.023552278,
      "mentions": [
        {
          "text": {
            "content": "boss",
            "beginOffset": -1
          },
          "type": "COMMON"
        }
      ]
    },
    {
      "name": "cats",
      "type": "OTHER",
      "metadata": {},
      "salience": 0.021903343,
      "mentions": [
        {
          "text": {
            "content": "cats",
            "beginOffset": -1
          },
          "type": "COMMON"
        }
      ]
    },
    {
      "name": "sort",
      "type": "OTHER",
      "metadata": {},
      "salience": 0.01158094,
      "mentions": [
        {
          "text": {
            "content": "sort",
            "beginOffset": -1
          },
          "type": "COMMON"
        }
      ]
    },
    {
      "name": "cat sense",
      "type": "OTHER",
      "metadata": {},
      "salience": 0.01158094,
      "mentions": [
        {
          "text": {
            "content": "cat sense",
            "beginOffset": -1
          },
          "type": "COMMON"
        }
      ]
    }
  ],
  "documentSentiment": {
    "magnitude": 1,
    "score": 0.3
  },
  "language": "en",
  "categories": []
}
