{
  "sentences": [
    {
      "text": {
        "content": "Oscar is a male kitty with black colour and medium maturity size.",
        "beginOffset": -1
      },
      "sentiment": {
        "magnitude": 0,
        "score": 0
      }
    },
    {
      "text": {
        "content": "Persy is a female kitty with white colour and small maturity size.",
        "beginOffset": -1
      },
      "sentiment": {
        "magnitude": 0,
        "score": 0
      }
    }
  ],
  "tokens": [],
  "entities": [
    {
      "name": "Oscar",
      "type": "PERSON",
      "metadata": {},
      "salience": 0.31322014,
      "mentions": [
        {
          "text": {
            "content": "Oscar",
            "beginOffset": -1
          },
          "type": "PROPER"
        }
      ]
    },
    {
      "name": "kitty",
      "type": "OTHER",
      "metadata": {},
      "salience": 0.25068626,
      "mentions": [
        {
          "text": {
            "content": "kitty",
            "beginOffset": -1
          },
          "type": "COMMON"
        }
      ]
    },
    {
      "name": "maturity size",
      "type": "OTHER",
      "metadata": {},
      "salience": 0.14124537,
      "mentions": [
        {
          "text": {
            "content": "maturity size",
            "beginOffset": -1
          },
          "type": "COMMON"
        }
      ]
    },
    {
      "name": "colour",
      "type": "OTHER",
      "metadata": {},
      "salience": 0.13962571,
      "mentions": [
        {
          "text": {
            "content": "colour",
            "beginOffset": -1
          },
          "type": "COMMON"
        }
      ]
    },
    {
      "name": "colour",
      "type": "OTHER",
      "metadata": {},
      "salience": 0.04888426,
      "mentions": [
        {
          "text": {
            "content": "colour",
            "beginOffset": -1
          },
          "type": "COMMON"
        }
      ]
    },
    {
      "name": "Persy",
      "type": "PERSON",
      "metadata": {},
      "salience": 0.044239946,
      "mentions": [
        {
          "text": {
            "content": "Persy",
            "beginOffset": -1
          },
          "type": "PROPER"
        }
      ]
    },
    {
      "name": "maturity size",
      "type": "OTHER",
      "metadata": {},
      "salience": 0.03442958,
      "mentions": [
        {
          "text": {
            "content": "maturity size",
            "beginOffset": -1
          },
          "type": "COMMON"
        }
      ]
    },
    {
      "name": "kitty",
      "type": "OTHER",
      "metadata": {},
      "salience": 0.027668707,
      "mentions": [
        {
          "text": {
            "content": "kitty",
            "beginOffset": -1
          },
          "type": "COMMON"
        }
      ]
    }
  ],
  "documentSentiment": {
    "magnitude": 0,
    "score": 0
  },
  "language": "en",
  "categories": []
}
