{
  "sentences": [
    {
      "text": {
        "content": "Bamboo was found in Semenyih.",
        "beginOffset": -1
      },
      "sentiment": {
        "magnitude": 0,
        "score": 0
      }
    },
    {
      "text": {
        "content": "He is active, playful, brave and a big eater.If you're looking for a playmate or like to go for a slow walk,Bamboo is here for you.",
        "beginOffset": -1
      },
      "sentiment": {
        "magnitude": 0.6,
        "score": 0.6
      }
    },
    {
      "text": {
        "content": "We have trained Bamboo to do the hand action.",
        "beginOffset": -1
      },
      "sentiment": {
        "magnitude": 0.3,
        "score": 0.3
      }
    },
    {
      "text": {
        "content": "He will immediately seat and show you one of his hand when you say 'Stop' or when you holding his food.",
        "beginOffset": -1
      },
      "sentiment": {
        "magnitude": 0.1,
        "score": -0.1
      }
    }
  ],
  "tokens": [],
  "entities": [
    {
      "name": "Bamboo",
      "type": "OTHER",
      "metadata": {
        "wikipedia_url": "https://en.wikipedia.org/wiki/Bamboo",
        "mid": "/m/09qw8"
      },
      "salience": 0.30113336,
      "mentions": [
        {
          "text": {
            "content": "Bamboo",
            "beginOffset": -1
          },
          "type": "PROPER"
        },
        {
          "text": {
            "content": "Bamboo",
            "beginOffset": -1
          },
          "type": "PROPER"
        }
      ]
    },
    {
      "name": "Semenyih",
      "type": "LOCATION",
      "metadata": {
        "mid": "/m/058yg_",
        "wikipedia_url": "https://en.wikipedia.org/wiki/Semenyih"
      },
      "salience": 0.27120554,
      "mentions": [
        {
          "text": {
            "content": "Semenyih",
            "beginOffset": -1
          },
          "type": "PROPER"
        }
      ]
    },
    {
      "name": "eater.",
      "type": "ORGANIZATION",
      "metadata": {},
      "salience": 0.08580879,
      "mentions": [
        {
          "text": {
            "content": "eater.",
            "beginOffset": -1
          },
          "type": "COMMON"
        }
      ]
    },
    {
      "name": "Bamboo",
      "type": "OTHER",
      "metadata": {},
      "salience": 0.06696404,
      "mentions": [
        {
          "text": {
            "content": "Bamboo",
            "beginOffset": -1
          },
          "type": "COMMON"
        }
      ]
    },
    {
      "name": "walk",
      "type": "OTHER",
      "metadata": {},
      "salience": 0.05883437,
      "mentions": [
        {
          "text": {
            "content": "walk",
            "beginOffset": -1
          },
          "type": "COMMON"
        }
      ]
    },
    {
      "name": "playmate",
      "type": "PERSON",
      "metadata": {},
      "salience": 0.058120936,
      "mentions": [
        {
          "text": {
            "content": "playmate",
            "beginOffset": -1
          },
          "type": "COMMON"
        }
      ]
    },
    {
      "name": "hand",
      "type": "OTHER",
      "metadata": {},
      "salience": 0.045999087,
      "mentions": [
        {
          "text": {
            "content": "hand",
            "beginOffset": -1
          },
          "type": "COMMON"
        }
      ]
    },
    {
      "name": "food",
      "type": "OTHER",
      "metadata": {},
      "salience": 0.039942577,
      "mentions": [
        {
          "text": {
            "content": "food",
            "beginOffset": -1
          },
          "type": "COMMON"
        }
      ]
    },
    {
      "name": "Stop",
      "type": "LOCATION",
      "metadata": {},
      "salience": 0.028344817,
      "mentions": [
        {
          "text": {
            "content": "Stop",
            "beginOffset": -1
          },
          "type": "COMMON"
        }
      ]
    },
    {
      "name": "hand action",
      "type": "OTHER",
      "metadata": {},
      "salience": 0.02253116,
      "mentions": [
        {
          "text": {
            "content": "hand action",
            "beginOffset": -1
          },
          "type": "COMMON"
        }
      ]
    },
    {
      "name": "one",
      "type": "OTHER",
      "metadata": {},
      "salience": 0.021115292,
      "mentions": [
        {
          "text": {
            "content": "one",
            "beginOffset": -1
          },
          "type": "COMMON"
        }
      ]
    }
  ],
  "documentSentiment": {
    "magnitude": 1.1,
    "score": 0.2
  },
  "language": "en",
  "categories": []
}
