{
  "sentences": [
    {
      "text": {
        "content": "nye's beautiful kitten.hmm,i know im wrong.every second of the day i feel that im not giving them justice.i have 7 cats in total now and i live in a flats.so its cat packed.i have to give them away to people who would give them care and love them as much as i did.its painful but its for their own good.",
        "beginOffset": -1
      },
      "sentiment": {
        "magnitude": 0.5,
        "score": 0.5
      }
    },
    {
      "text": {
        "content": "im sorry simba,nala,zazu,shelo and bula-bula.i dearly love u guys.u'll always be in my heart.",
        "beginOffset": -1
      },
      "sentiment": {
        "magnitude": 0.7,
        "score": 0.7
      }
    }
  ],
  "tokens": [],
  "entities": [
    {
      "name": "im",
      "type": "OTHER",
      "metadata": {},
      "salience": 0.44670057,
      "mentions": [
        {
          "text": {
            "content": "im",
            "beginOffset": -1
          },
          "type": "COMMON"
        }
      ]
    },
    {
      "name": "people",
      "type": "PERSON",
      "metadata": {},
      "salience": 0.21640503,
      "mentions": [
        {
          "text": {
            "content": "people",
            "beginOffset": -1
          },
          "type": "COMMON"
        }
      ]
    },
    {
      "name": "second",
      "type": "OTHER",
      "metadata": {},
      "salience": 0.098310634,
      "mentions": [
        {
          "text": {
            "content": "second",
            "beginOffset": -1
          },
          "type": "COMMON"
        }
      ]
    },
    {
      "name": "nye",
      "type": "PERSON",
      "metadata": {},
      "salience": 0.05930358,
      "mentions": [
        {
          "text": {
            "content": "nye",
            "beginOffset": -1
          },
          "type": "PROPER"
        }
      ]
    },
    {
      "name": "im",
      "type": "OTHER",
      "metadata": {},
      "salience": 0.042015437,
      "mentions": [
        {
          "text": {
            "content": "im",
            "beginOffset": -1
          },
          "type": "COMMON"
        }
      ]
    },
    {
      "name": "cat",
      "type": "OTHER",
      "metadata": {},
      "salience": 0.02635076,
      "mentions": [
        {
          "text": {
            "content": "cat",
            "beginOffset": -1
          },
          "type": "COMMON"
        }
      ]
    },
    {
      "name": "total",
      "type": "OTHER",
      "metadata": {},
      "salience": 0.026032493,
      "mentions": [
        {
          "text": {
            "content": "total",
            "beginOffset": -1
          },
          "type": "COMMON"
        }
      ]
    },
    {
      "name": "cats",
      "type": "OTHER",
      "metadata": {},
      "salience": 0.025718017,
      "mentions": [
        {
          "text": {
            "content": "cats",
            "beginOffset": -1
          },
          "type": "COMMON"
        }
      ]
    },
    {
      "name": "care",
      "type": "OTHER",
      "metadata": {},
      "salience": 0.018510971,
      "mentions": [
        {
          "text": {
            "content": "care",
            "beginOffset": -1
          },
          "type": "COMMON"
        }
      ]
    },
    {
      "name": "nala",
      "type": "OTHER",
      "metadata": {},
      "salience": 0.0088090515,
      "mentions": [
        {
          "text": {
            "content": "nala",
            "beginOffset": -1
          },
          "type": "COMMON"
        }
      ]
    },
    {
      "name": "zazu",
      "type": "PERSON",
      "metadata": {},
      "salience": 0.0088090515,
      "mentions": [
        {
          "text": {
            "content": "zazu",
            "beginOffset": -1
          },
          "type": "COMMON"
        }
      ]
    },
    {
      "name": "shelo",
      "type": "OTHER",
      "metadata": {},
      "salience": 0.0088090515,
      "mentions": [
        {
          "text": {
            "content": "shelo",
            "beginOffset": -1
          },
          "type": "COMMON"
        }
      ]
    },
    {
      "name": "good",
      "type": "OTHER",
      "metadata": {},
      "salience": 0.008053965,
      "mentions": [
        {
          "text": {
            "content": "good",
            "beginOffset": -1
          },
          "type": "COMMON"
        }
      ]
    },
    {
      "name": "heart",
      "type": "OTHER",
      "metadata": {},
      "salience": 0.006171371,
      "mentions": [
        {
          "text": {
            "content": "heart",
            "beginOffset": -1
          },
          "type": "COMMON"
        }
      ]
    }
  ],
  "documentSentiment": {
    "magnitude": 1.2,
    "score": 0.6
  },
  "language": "en",
  "categories": []
}
