{
  "sentences": [
    {
      "text": {
        "content": "Toffee's mother was brought home for birth delivery.",
        "beginOffset": -1
      },
      "sentiment": {
        "magnitude": 0.1,
        "score": 0.1
      }
    },
    {
      "text": {
        "content": "His mother delivered 3 kittens and Toffee is one of them.",
        "beginOffset": -1
      },
      "sentiment": {
        "magnitude": 0.2,
        "score": 0.2
      }
    },
    {
      "text": {
        "content": "Toffee has brown and white fur.",
        "beginOffset": -1
      },
      "sentiment": {
        "magnitude": 0,
        "score": 0
      }
    },
    {
      "text": {
        "content": "He is healthy and clean as i taking care of him at home since he was born.",
        "beginOffset": -1
      },
      "sentiment": {
        "magnitude": 0.8,
        "score": 0.8
      }
    },
    {
      "text": {
        "content": "Furthermore, Toffee is trained to litter in his litter sand so there is no worry to clean his feces and urine everywhere.",
        "beginOffset": -1
      },
      "sentiment": {
        "magnitude": 0.8,
        "score": -0.8
      }
    }
  ],
  "tokens": [],
  "entities": [
    {
      "name": "Toffee",
      "type": "OTHER",
      "metadata": {
        "mid": "/m/02xfyv",
        "wikipedia_url": "https://en.wikipedia.org/wiki/Toffee"
      },
      "salience": 0.5497762,
      "mentions": [
        {
          "text": {
            "content": "Toffee",
            "beginOffset": -1
          },
          "type": "PROPER"
        },
        {
          "text": {
            "content": "Toffee",
            "beginOffset": -1
          },
          "type": "PROPER"
        },
        {
          "text": {
            "content": "one",
            "beginOffset": -1
          },
          "type": "COMMON"
        },
        {
          "text": {
            "content": "Toffee",
            "beginOffset": -1
          },
          "type": "PROPER"
        },
        {
          "text": {
            "content": "Toffee",
            "beginOffset": -1
          },
          "type": "PROPER"
        }
      ]
    },
    {
      "name": "mother",
      "type": "PERSON",
      "metadata": {},
      "salience": 0.14691953,
      "mentions": [
        {
          "text": {
            "content": "mother",
            "beginOffset": -1
          },
          "type": "COMMON"
        }
      ]
    },
    {
      "name": "home",
      "type": "LOCATION",
      "metadata": {},
      "salience": 0.07848274,
      "mentions": [
        {
          "text": {
            "content": "home",
            "beginOffset": -1
          },
          "type": "COMMON"
        }
      ]
    },
    {
      "name": "birth delivery",
      "type": "OTHER",
      "metadata": {},
      "salience": 0.07848274,
      "mentions": [
        {
          "text": {
            "content": "birth delivery",
            "beginOffset": -1
          },
          "type": "COMMON"
        }
      ]
    },
    {
      "name": "kittens",
      "type": "PERSON",
      "metadata": {},
      "salience": 0.05301984,
      "mentions": [
        {
          "text": {
            "content": "kittens",
            "beginOffset": -1
          },
          "type": "COMMON"
        }
      ]
    },
    {
      "name": "mother",
      "type": "PERSON",
      "metadata": {},
      "salience": 0.029305251,
      "mentions": [
        {
          "text": {
            "content": "mother",
            "beginOffset": -1
          },
          "type": "COMMON"
        }
      ]
    },
    {
      "name": "care",
      "type": "OTHER",
      "metadata": {},
      "salience": 0.010795539,
      "mentions": [
        {
          "text": {
            "content": "care",
            "beginOffset": -1
          },
          "type": "COMMON"
        }
      ]
    },
    {
      "name": "fur",
      "type": "OTHER",
      "metadata": {},
      "salience": 0.010191469,
      "mentions": [
        {
          "text": {
            "content": "fur",
            "beginOffset": -1
          },
          "type": "COMMON"
        }
      ]
    },
    {
      "name": "home",
      "type": "LOCATION",
      "metadata": {},
      "salience": 0.0093226675,
      "mentions": [
        {
          "text": {
            "content": "home",
            "beginOffset": -1
          },
          "type": "COMMON"
        }
      ]
    },
    {
      "name": "worry",
      "type": "OTHER",
      "metadata": {},
      "salience": 0.008430374,
      "mentions": [
        {
          "text": {
            "content": "worry",
            "beginOffset": -1
          },
          "type": "COMMON"
        }
      ]
    },
    {
      "name": "litter sand",
      "type": "OTHER",
      "metadata": {},
      "salience": 0.0070157377,
      "mentions": [
        {
          "text": {
            "content": "litter sand",
            "beginOffset": -1
          },
          "type": "COMMON"
        }
      ]
    },
    {
      "name": "feces",
      "type": "OTHER",
      "metadata": {},
      "salience": 0.0049162256,
      "mentions": [
        {
          "text": {
            "content": "feces",
            "beginOffset": -1
          },
          "type": "COMMON"
        }
      ]
    },
    {
      "name": "urine",
      "type": "OTHER",
      "metadata": {},
      "salience": 0.0049162256,
      "mentions": [
        {
          "text": {
            "content": "urine",
            "beginOffset": -1
          },
          "type": "COMMON"
        }
      ]
    },
    {
      "name": "everywhere",
      "type": "LOCATION",
      "metadata": {},
      "salience": 0.0049162256,
      "mentions": [
        {
          "text": {
            "content": "everywhere",
            "beginOffset": -1
          },
          "type": "COMMON"
        }
      ]
    },
    {
      "name": "litter",
      "type": "OTHER",
      "metadata": {},
      "salience": 0.003509205,
      "mentions": [
        {
          "text": {
            "content": "litter",
            "beginOffset": -1
          },
          "type": "COMMON"
        }
      ]
    }
  ],
  "documentSentiment": {
    "magnitude": 2.1,
    "score": 0
  },
  "language": "en",
  "categories": []
}
