{
  "sentences": [
    {
      "text": {
        "content": "We rescue the whole family of 6 from the drain near Klang industrial area.",
        "beginOffset": -1
      },
      "sentiment": {
        "magnitude": 0.3,
        "score": 0.3
      }
    }
  ],
  "tokens": [],
  "entities": [
    {
      "name": "family",
      "type": "PERSON",
      "metadata": {},
      "salience": 0.35124144,
      "mentions": [
        {
          "text": {
            "content": "family",
            "beginOffset": -1
          },
          "type": "COMMON"
        }
      ]
    },
    {
      "name": "drain",
      "type": "LOCATION",
      "metadata": {},
      "salience": 0.32820967,
      "mentions": [
        {
          "text": {
            "content": "drain",
            "beginOffset": -1
          },
          "type": "COMMON"
        }
      ]
    },
    {
      "name": "area",
      "type": "LOCATION",
      "metadata": {},
      "salience": 0.25218692,
      "mentions": [
        {
          "text": {
            "content": "area",
            "beginOffset": -1
          },
          "type": "COMMON"
        }
      ]
    },
    {
      "name": "Klang",
      "type": "LOCATION",
      "metadata": {
        "mid": "/m/02m2h0",
        "wikipedia_url": "https://en.wikipedia.org/wiki/Klang_(city)"
      },
      "salience": 0.06836196,
      "mentions": [
        {
          "text": {
            "content": "Klang",
            "beginOffset": -1
          },
          "type": "PROPER"
        }
      ]
    }
  ],
  "documentSentiment": {
    "magnitude": 0.3,
    "score": 0.3
  },
  "language": "en",
  "categories": []
}
