{
  "sentences": [
    {
      "text": {
        "content": "&gt; price including vaccine fee",
        "beginOffset": -1
      },
      "sentiment": {
        "magnitude": 0.1,
        "score": 0.1
      }
    }
  ],
  "tokens": [],
  "entities": [
    {
      "name": "price",
      "type": "OTHER",
      "metadata": {},
      "salience": 0.7284263,
      "mentions": [
        {
          "text": {
            "content": "price",
            "beginOffset": -1
          },
          "type": "COMMON"
        }
      ]
    },
    {
      "name": "vaccine fee",
      "type": "OTHER",
      "metadata": {},
      "salience": 0.2715737,
      "mentions": [
        {
          "text": {
            "content": "vaccine fee",
            "beginOffset": -1
          },
          "type": "COMMON"
        }
      ]
    }
  ],
  "documentSentiment": {
    "magnitude": 0.1,
    "score": 0.1
  },
  "language": "en",
  "categories": []
}
