{
  "sentences": [
    {
      "text": {
        "content": "A rescued pup from Klang pound back in May,.",
        "beginOffset": -1
      },
      "sentiment": {
        "magnitude": 0,
        "score": 0
      }
    },
    {
      "text": {
        "content": "She has been ressurrected from ill health &amp; is on the prowl for game , fun &amp; mock fights.",
        "beginOffset": -1
      },
      "sentiment": {
        "magnitude": 0.7,
        "score": 0.7
      }
    },
    {
      "text": {
        "content": "Handsome, yes handsome like a dingo.",
        "beginOffset": -1
      },
      "sentiment": {
        "magnitude": 0.9,
        "score": 0.9
      }
    },
    {
      "text": {
        "content": "She is also featureed as &quot; Good morning, Sir&quot;.",
        "beginOffset": -1
      },
      "sentiment": {
        "magnitude": 0.4,
        "score": 0.4
      }
    },
    {
      "text": {
        "content": "please contact me at:",
        "beginOffset": -1
      },
      "sentiment": {
        "magnitude": 0,
        "score": 0
      }
    }
  ],
  "tokens": [],
  "entities": [
    {
      "name": "pup",
      "type": "OTHER",
      "metadata": {},
      "salience": 0.4306087,
      "mentions": [
        {
          "text": {
            "content": "pup",
            "beginOffset": -1
          },
          "type": "COMMON"
        }
      ]
    },
    {
      "name": "Klang pound",
      "type": "OTHER",
      "metadata": {},
      "salience": 0.270402,
      "mentions": [
        {
          "text": {
            "content": "Klang pound",
            "beginOffset": -1
          },
          "type": "PROPER"
        }
      ]
    },
    {
      "name": "prowl",
      "type": "OTHER",
      "metadata": {},
      "salience": 0.060990777,
      "mentions": [
        {
          "text": {
            "content": "prowl",
            "beginOffset": -1
          },
          "type": "COMMON"
        }
      ]
    },
    {
      "name": "game",
      "type": "EVENT",
      "metadata": {},
      "salience": 0.060990777,
      "mentions": [
        {
          "text": {
            "content": "game",
            "beginOffset": -1
          },
          "type": "COMMON"
        }
      ]
    },
    {
      "name": "health",
      "type": "OTHER",
      "metadata": {},
      "salience": 0.060259238,
      "mentions": [
        {
          "text": {
            "content": "health",
            "beginOffset": -1
          },
          "type": "COMMON"
        }
      ]
    },
    {
      "name": "fights",
      "type": "EVENT",
      "metadata": {},
      "salience": 0.05604714,
      "mentions": [
        {
          "text": {
            "content": "fights",
            "beginOffset": -1
          },
          "type": "COMMON"
        }
      ]
    },
    {
      "name": "Sir",
      "type": "PERSON",
      "metadata": {},
      "salience": 0.04206116,
      "mentions": [
        {
          "text": {
            "content": "Sir",
            "beginOffset": -1
          },
          "type": "COMMON"
        }
      ]
    },
    {
      "name": "dingo",
      "type": "OTHER",
      "metadata": {},
      "salience": 0.018640189,
      "mentions": [
        {
          "text": {
            "content": "dingo",
            "beginOffset": -1
          },
          "type": "COMMON"
        }
      ]
    }
  ],
  "documentSentiment": {
    "magnitude": 2.1,
    "score": 0.3
  },
  "language": "en",
  "categories": []
}
