{
  "sentences": [
    {
      "text": {
        "content": "Hope is a good tempered dog, currently feeding her on pellets with rice.",
        "beginOffset": -1
      },
      "sentiment": {
        "magnitude": 0.6,
        "score": 0.6
      }
    },
    {
      "text": {
        "content": "Owned by my uncle and aunt, but my aunt just passed away recently hence my uncle can no longer take care of Hope by himself.",
        "beginOffset": -1
      },
      "sentiment": {
        "magnitude": 0.1,
        "score": 0.1
      }
    },
    {
      "text": {
        "content": "Hope there will be a kind hearted family can adopt Hope.",
        "beginOffset": -1
      },
      "sentiment": {
        "magnitude": 0.6,
        "score": 0.6
      }
    }
  ],
  "tokens": [],
  "entities": [
    {
      "name": "Hope",
      "type": "LOCATION",
      "metadata": {
        "mid": "/m/0d846",
        "wikipedia_url": "https://en.wikipedia.org/wiki/Hope"
      },
      "salience": 0.56378275,
      "mentions": [
        {
          "text": {
            "content": "Hope",
            "beginOffset": -1
          },
          "type": "PROPER"
        },
        {
          "text": {
            "content": "Hope",
            "beginOffset": -1
          },
          "type": "PROPER"
        },
        {
          "text": {
            "content": "Hope",
            "beginOffset": -1
          },
          "type": "PROPER"
        }
      ]
    },
    {
      "name": "dog",
      "type": "OTHER",
      "metadata": {},
      "salience": 0.1782181,
      "mentions": [
        {
          "text": {
            "content": "dog",
            "beginOffset": -1
          },
          "type": "COMMON"
        }
      ]
    },
    {
      "name": "uncle",
      "type": "PERSON",
      "metadata": {},
      "salience": 0.058006693,
      "mentions": [
        {
          "text": {
            "content": "uncle",
            "beginOffset": -1
          },
          "type": "COMMON"
        }
      ]
    },
    {
      "name": "pellets",
      "type": "OTHER",
      "metadata": {},
      "salience": 0.057295293,
      "mentions": [
        {
          "text": {
            "content": "pellets",
            "beginOffset": -1
          },
          "type": "COMMON"
        }
      ]
    },
    {
      "name": "rice",
      "type": "OTHER",
      "metadata": {},
      "salience": 0.057295293,
      "mentions": [
        {
          "text": {
            "content": "rice",
            "beginOffset": -1
          },
          "type": "COMMON"
        }
      ]
    },
    {
      "name": "aunt",
      "type": "PERSON",
      "metadata": {},
      "salience": 0.02185509,
      "mentions": [
        {
          "text": {
            "content": "aunt",
            "beginOffset": -1
          },
          "type": "COMMON"
        }
      ]
    },
    {
      "name": "uncle",
      "type": "PERSON",
      "metadata": {},
      "salience": 0.021591265,
      "mentions": [
        {
          "text": {
            "content": "uncle",
            "beginOffset": -1
          },
          "type": "COMMON"
        }
      ]
    },
    {
      "name": "aunt",
      "type": "OTHER",
      "metadata": {},
      "salience": 0.021591265,
      "mentions": [
        {
          "text": {
            "content": "aunt",
            "beginOffset": -1
          },
          "type": "COMMON"
        }
      ]
    },
    {
      "name": "family",
      "type": "PERSON",
      "metadata": {},
      "salience": 0.009309263,
      "mentions": [
        {
          "text": {
            "content": "family",
            "beginOffset": -1
          },
          "type": "COMMON"
        }
      ]
    },
    {
      "name": "care",
      "type": "OTHER",
      "metadata": {},
      "salience": 0.006720075,
      "mentions": [
        {
          "text": {
            "content": "care",
            "beginOffset": -1
          },
          "type": "COMMON"
        }
      ]
    }
  ],
  "documentSentiment": {
    "magnitude": 1.3,
    "score": 0.4
  },
  "language": "en",
  "categories": []
}
