{
  "sentences": [
    {
      "text": {
        "content": "Roxy is a husky/Spitz mix (don't ask us how 😅).",
        "beginOffset": -1
      },
      "sentiment": {
        "magnitude": 0.2,
        "score": 0.2
      }
    },
    {
      "text": {
        "content": "She's the size of a large spitz but definitely a husky by temperament, very playful and loves belly rubs.",
        "beginOffset": -1
      },
      "sentiment": {
        "magnitude": 0.9,
        "score": 0.9
      }
    },
    {
      "text": {
        "content": "Will need a garden for her to run as she has loads of energy and she loves chewy toys!",
        "beginOffset": -1
      },
      "sentiment": {
        "magnitude": 0.6,
        "score": 0.6
      }
    },
    {
      "text": {
        "content": "She's spayed and fosterer would like to collect RM to recover the fee.",
        "beginOffset": -1
      },
      "sentiment": {
        "magnitude": 0,
        "score": 0
      }
    }
  ],
  "tokens": [],
  "entities": [
    {
      "name": "Roxy",
      "type": "PERSON",
      "metadata": {},
      "salience": 0.7114142,
      "mentions": [
        {
          "text": {
            "content": "Roxy",
            "beginOffset": -1
          },
          "type": "PROPER"
        }
      ]
    },
    {
      "name": "mix",
      "type": "OTHER",
      "metadata": {},
      "salience": 0.11743913,
      "mentions": [
        {
          "text": {
            "content": "mix",
            "beginOffset": -1
          },
          "type": "COMMON"
        }
      ]
    },
    {
      "name": "Spitz",
      "type": "PERSON",
      "metadata": {
        "wikipedia_url": "https://en.wikipedia.org/wiki/Spitz",
        "mid": "/m/037blm"
      },
      "salience": 0.06480708,
      "mentions": [
        {
          "text": {
            "content": "Spitz",
            "beginOffset": -1
          },
          "type": "PROPER"
        }
      ]
    },
    {
      "name": "spitz",
      "type": "PERSON",
      "metadata": {},
      "salience": 0.014011199,
      "mentions": [
        {
          "text": {
            "content": "spitz",
            "beginOffset": -1
          },
          "type": "COMMON"
        }
      ]
    },
    {
      "name": "husky",
      "type": "PERSON",
      "metadata": {},
      "salience": 0.014011199,
      "mentions": [
        {
          "text": {
            "content": "husky",
            "beginOffset": -1
          },
          "type": "COMMON"
        }
      ]
    },
    {
      "name": "temperament",
      "type": "OTHER",
      "metadata": {},
      "salience": 0.012473874,
      "mentions": [
        {
          "text": {
            "content": "temperament",
            "beginOffset": -1
          },
          "type": "COMMON"
        }
      ]
    },
    {
      "name": "belly rubs",
      "type": "OTHER",
      "metadata": {},
      "salience": 0.012473874,
      "mentions": [
        {
          "text": {
            "content": "belly rubs",
            "beginOffset": -1
          },
          "type": "COMMON"
        }
      ]
    },
    {
      "name": "size",
      "type": "OTHER",
      "metadata": {},
      "salience": 0.01232276,
      "mentions": [
        {
          "text": {
            "content": "size",
            "beginOffset": -1
          },
          "type": "COMMON"
        }
      ]
    },
    {
      "name": "garden",
      "type": "LOCATION",
      "metadata": {},
      "salience": 0.009724381,
      "mentions": [
        {
          "text": {
            "content": "garden",
            "beginOffset": -1
          },
          "type": "COMMON"
        }
      ]
    },
    {
      "name": "toys",
      "type": "CONSUMER_GOOD",
      "metadata": {},
      "salience": 0.009148034,
      "mentions": [
        {
          "text": {
            "content": "toys",
            "beginOffset": -1
          },
          "type": "COMMON"
        }
      ]
    },
    {
      "name": "fosterer",
      "type": "PERSON",
      "metadata": {},
      "salience": 0.0057249404,
      "mentions": [
        {
          "text": {
            "content": "fosterer",
            "beginOffset": -1
          },
          "type": "COMMON"
        }
      ]
    },
    {
      "name": "fee",
      "type": "OTHER",
      "metadata": {},
      "salience": 0.0053189183,
      "mentions": [
        {
          "text": {
            "content": "fee",
            "beginOffset": -1
          },
          "type": "COMMON"
        }
      ]
    },
    {
      "name": "loads",
      "type": "OTHER",
      "metadata": {},
      "salience": 0.0037856353,
      "mentions": [
        {
          "text": {
            "content": "loads",
            "beginOffset": -1
          },
          "type": "COMMON"
        }
      ]
    },
    {
      "name": "energy",
      "type": "OTHER",
      "metadata": {},
      "salience": 0.0037856353,
      "mentions": [
        {
          "text": {
            "content": "energy",
            "beginOffset": -1
          },
          "type": "COMMON"
        }
      ]
    },
    {
      "name": "RM",
      "type": "LOCATION",
      "metadata": {},
      "salience": 0.0035591247,
      "mentions": [
        {
          "text": {
            "content": "RM",
            "beginOffset": -1
          },
          "type": "PROPER"
        }
      ]
    }
  ],
  "documentSentiment": {
    "magnitude": 1.9,
    "score": 0.4
  },
  "language": "en",
  "categories": []
}
