{
  "sentences": [
    {
      "text": {
        "content": "Any sponsorhip / contribution to Pets + Strays' MITE medical costs, hospital fees, boarding fees, shelter fees welcomed.",
        "beginOffset": -1
      },
      "sentiment": {
        "magnitude": 0.1,
        "score": -0.1
      }
    },
    {
      "text": {
        "content": "Alternately, feel free to whatsapp for : 1.",
        "beginOffset": -1
      },
      "sentiment": {
        "magnitude": 0.5,
        "score": 0.5
      }
    },
    {
      "text": {
        "content": "Natural kitten,cat, puppy, dog food 2.",
        "beginOffset": -1
      },
      "sentiment": {
        "magnitude": 0,
        "score": 0
      }
    },
    {
      "text": {
        "content": "Natural anti-flea 3.",
        "beginOffset": -1
      },
      "sentiment": {
        "magnitude": 0,
        "score": 0
      }
    },
    {
      "text": {
        "content": "Natural anti-mite ---- Yoda was caught with help from neighbours on 14 Apr : 1.",
        "beginOffset": -1
      },
      "sentiment": {
        "magnitude": 0,
        "score": 0
      }
    },
    {
      "text": {
        "content": "De-flead 2.",
        "beginOffset": -1
      },
      "sentiment": {
        "magnitude": 0,
        "score": 0
      }
    },
    {
      "text": {
        "content": "Bathed with Medicated Shampoo for Mites 3.",
        "beginOffset": -1
      },
      "sentiment": {
        "magnitude": 0,
        "score": 0
      }
    },
    {
      "text": {
        "content": "Jabs, anti-biotic treatment 4.",
        "beginOffset": -1
      },
      "sentiment": {
        "magnitude": 0.4,
        "score": 0.4
      }
    },
    {
      "text": {
        "content": "To be vaccinated (check) 15 May 5.",
        "beginOffset": -1
      },
      "sentiment": {
        "magnitude": 0.1,
        "score": 0.1
      }
    },
    {
      "text": {
        "content": "To be neutered 30 June * VERY quiet * Heart-wrenching look of HOPE &amp; Surprise when you open DARK BOX she is INside Rescuer : Pets + Strays Like &amp; regularly check Pets + Strays for : * Suggestions * Product &amp; Services Review / Endorsements * LATEST Updates * FREE Samples / gifts - when available * Linkup further by leaving your contact details via whatsapp Futher re-hab &amp; adopted via Shelter",
        "beginOffset": -1
      },
      "sentiment": {
        "magnitude": 0.9,
        "score": 0.9
      }
    }
  ],
  "tokens": [],
  "entities": [
    {
      "name": "shelter fees",
      "type": "OTHER",
      "metadata": {},
      "salience": 0.1032409,
      "mentions": [
        {
          "text": {
            "content": "shelter fees",
            "beginOffset": -1
          },
          "type": "COMMON"
        }
      ]
    },
    {
      "name": "boarding fees",
      "type": "OTHER",
      "metadata": {},
      "salience": 0.1032409,
      "mentions": [
        {
          "text": {
            "content": "boarding fees",
            "beginOffset": -1
          },
          "type": "COMMON"
        }
      ]
    },
    {
      "name": "hospital fees",
      "type": "OTHER",
      "metadata": {},
      "salience": 0.1032409,
      "mentions": [
        {
          "text": {
            "content": "hospital fees",
            "beginOffset": -1
          },
          "type": "COMMON"
        }
      ]
    },
    {
      "name": "Pets",
      "type": "PERSON",
      "metadata": {},
      "salience": 0.1032409,
      "mentions": [
        {
          "text": {
            "content": "Pets",
            "beginOffset": -1
          },
          "type": "COMMON"
        }
      ]
    },
    {
      "name": "contribution",
      "type": "OTHER",
      "metadata": {},
      "salience": 0.0945607,
      "mentions": [
        {
          "text": {
            "content": "contribution",
            "beginOffset": -1
          },
          "type": "COMMON"
        }
      ]
    },
    {
      "name": "costs",
      "type": "OTHER",
      "metadata": {},
      "salience": 0.08350046,
      "mentions": [
        {
          "text": {
            "content": "costs",
            "beginOffset": -1
          },
          "type": "COMMON"
        }
      ]
    },
    {
      "name": "sponsorhip",
      "type": "OTHER",
      "metadata": {},
      "salience": 0.08350046,
      "mentions": [
        {
          "text": {
            "content": "sponsorhip",
            "beginOffset": -1
          },
          "type": "COMMON"
        }
      ]
    },
    {
      "name": "MITE",
      "type": "OTHER",
      "metadata": {
        "wikipedia_url": "https://en.wikipedia.org/wiki/Mite",
        "mid": "/m/01ftxv"
      },
      "salience": 0.05690059,
      "mentions": [
        {
          "text": {
            "content": "MITE",
            "beginOffset": -1
          },
          "type": "PROPER"
        }
      ]
    },
    {
      "name": "kitten",
      "type": "PERSON",
      "metadata": {},
      "salience": 0.0155549245,
      "mentions": [
        {
          "text": {
            "content": "kitten",
            "beginOffset": -1
          },
          "type": "COMMON"
        }
      ]
    },
    {
      "name": "cat",
      "type": "OTHER",
      "metadata": {},
      "salience": 0.0155549245,
      "mentions": [
        {
          "text": {
            "content": "cat",
            "beginOffset": -1
          },
          "type": "COMMON"
        }
      ]
    },
    {
      "name": "puppy",
      "type": "OTHER",
      "metadata": {},
      "salience": 0.0155549245,
      "mentions": [
        {
          "text": {
            "content": "puppy",
            "beginOffset": -1
          },
          "type": "COMMON"
        }
      ]
    },
    {
      "name": "dog food",
      "type": "CONSUMER_GOOD",
      "metadata": {},
      "salience": 0.0155549245,
      "mentions": [
        {
          "text": {
            "content": "dog food",
            "beginOffset": -1
          },
          "type": "COMMON"
        }
      ]
    },
    {
      "name": "Rescuer",
      "type": "PERSON",
      "metadata": {},
      "salience": 0.012477992,
      "mentions": [
        {
          "text": {
            "content": "Rescuer",
            "beginOffset": -1
          },
          "type": "COMMON"
        }
      ]
    },
    {
      "name": "anti-flea",
      "type": "OTHER",
      "metadata": {},
      "salience": 0.011920335,
      "mentions": [
        {
          "text": {
            "content": "anti-flea",
            "beginOffset": -1
          },
          "type": "COMMON"
        }
      ]
    },
    {
      "name": "anti-mite",
      "type": "OTHER",
      "metadata": {},
      "salience": 0.011887798,
      "mentions": [
        {
          "text": {
            "content": "anti-mite",
            "beginOffset": -1
          },
          "type": "COMMON"
        }
      ]
    },
    {
      "name": "Shampoo",
      "type": "CONSUMER_GOOD",
      "metadata": {},
      "salience": 0.010532574,
      "mentions": [
        {
          "text": {
            "content": "Shampoo",
            "beginOffset": -1
          },
          "type": "COMMON"
        }
      ]
    },
    {
      "name": "treatment",
      "type": "OTHER",
      "metadata": {},
      "salience": 0.01051535,
      "mentions": [
        {
          "text": {
            "content": "treatment",
            "beginOffset": -1
          },
          "type": "COMMON"
        }
      ]
    },
    {
      "name": "help",
      "type": "OTHER",
      "metadata": {},
      "salience": 0.010447262,
      "mentions": [
        {
          "text": {
            "content": "help",
            "beginOffset": -1
          },
          "type": "COMMON"
        }
      ]
    },
    {
      "name": "neighbours",
      "type": "PERSON",
      "metadata": {},
      "salience": 0.010447262,
      "mentions": [
        {
          "text": {
            "content": "neighbours",
            "beginOffset": -1
          },
          "type": "COMMON"
        }
      ]
    },
    {
      "name": "contact details",
      "type": "OTHER",
      "metadata": {},
      "salience": 0.010107998,
      "mentions": [
        {
          "text": {
            "content": "contact details",
            "beginOffset": -1
          },
          "type": "COMMON"
        }
      ]
    },
    {
      "name": "look",
      "type": "OTHER",
      "metadata": {},
      "salience": 0.009624239,
      "mentions": [
        {
          "text": {
            "content": "look",
            "beginOffset": -1
          },
          "type": "COMMON"
        }
      ]
    },
    {
      "name": "Pets",
      "type": "OTHER",
      "metadata": {},
      "salience": 0.009054251,
      "mentions": [
        {
          "text": {
            "content": "Pets",
            "beginOffset": -1
          },
          "type": "COMMON"
        }
      ]
    },
    {
      "name": "Updates",
      "type": "OTHER",
      "metadata": {},
      "salience": 0.0072579244,
      "mentions": [
        {
          "text": {
            "content": "Updates",
            "beginOffset": -1
          },
          "type": "COMMON"
        }
      ]
    },
    {
      "name": "Samples",
      "type": "OTHER",
      "metadata": {},
      "salience": 0.0072579244,
      "mentions": [
        {
          "text": {
            "content": "Samples",
            "beginOffset": -1
          },
          "type": "COMMON"
        }
      ]
    },
    {
      "name": "Services Review",
      "type": "OTHER",
      "metadata": {},
      "salience": 0.0072579244,
      "mentions": [
        {
          "text": {
            "content": "Services Review",
            "beginOffset": -1
          },
          "type": "COMMON"
        }
      ]
    },
    {
      "name": "Suggestions",
      "type": "OTHER",
      "metadata": {},
      "salience": 0.0072579244,
      "mentions": [
        {
          "text": {
            "content": "Suggestions",
            "beginOffset": -1
          },
          "type": "COMMON"
        }
      ]
    },
    {
      "name": "Product",
      "type": "CONSUMER_GOOD",
      "metadata": {},
      "salience": 0.0072579244,
      "mentions": [
        {
          "text": {
            "content": "Product",
            "beginOffset": -1
          },
          "type": "COMMON"
        }
      ]
    },
    {
      "name": "Endorsements",
      "type": "OTHER",
      "metadata": {},
      "salience": 0.0072579244,
      "mentions": [
        {
          "text": {
            "content": "Endorsements",
            "beginOffset": -1
          },
          "type": "COMMON"
        }
      ]
    },
    {
      "name": "Mites 3",
      "type": "CONSUMER_GOOD",
      "metadata": {},
      "salience": 0.00709599,
      "mentions": [
        {
          "text": {
            "content": "Mites 3",
            "beginOffset": -1
          },
          "type": "PROPER"
        }
      ]
    },
    {
      "name": "BOX",
      "type": "OTHER",
      "metadata": {},
      "salience": 0.006498633,
      "mentions": [
        {
          "text": {
            "content": "BOX",
            "beginOffset": -1
          },
          "type": "COMMON"
        }
      ]
    },
    {
      "name": "Yoda",
      "type": "PERSON",
      "metadata": {
        "mid": "/m/0g_tb",
        "wikipedia_url": "https://en.wikipedia.org/wiki/Yoda"
      },
      "salience": 0.0064158747,
      "mentions": [
        {
          "text": {
            "content": "Yoda",
            "beginOffset": -1
          },
          "type": "PROPER"
        }
      ]
    },
    {
      "name": "De-flead 2",
      "type": "PERSON",
      "metadata": {},
      "salience": 0.006246204,
      "mentions": [
        {
          "text": {
            "content": "De-flead 2",
            "beginOffset": -1
          },
          "type": "PROPER"
        }
      ]
    },
    {
      "name": "Jabs",
      "type": "OTHER",
      "metadata": {},
      "salience": 0.0062241736,
      "mentions": [
        {
          "text": {
            "content": "Jabs",
            "beginOffset": -1
          },
          "type": "PROPER"
        }
      ]
    },
    {
      "name": "gifts",
      "type": "OTHER",
      "metadata": {},
      "salience": 0.0050830035,
      "mentions": [
        {
          "text": {
            "content": "gifts",
            "beginOffset": -1
          },
          "type": "COMMON"
        }
      ]
    },
    {
      "name": "re-hab",
      "type": "OTHER",
      "metadata": {},
      "salience": 0.0050830035,
      "mentions": [
        {
          "text": {
            "content": "re-hab",
            "beginOffset": -1
          },
          "type": "COMMON"
        }
      ]
    },
    {
      "name": "Pets",
      "type": "PERSON",
      "metadata": {},
      "salience": 0.0039762324,
      "mentions": [
        {
          "text": {
            "content": "Pets",
            "beginOffset": -1
          },
          "type": "COMMON"
        }
      ]
    },
    {
      "name": "Shelter",
      "type": "LOCATION",
      "metadata": {},
      "salience": 0.0034216177,
      "mentions": [
        {
          "text": {
            "content": "Shelter",
            "beginOffset": -1
          },
          "type": "PROPER"
        }
      ]
    },
    {
      "name": "HOPE",
      "type": "OTHER",
      "metadata": {},
      "salience": 0.0031858375,
      "mentions": [
        {
          "text": {
            "content": "HOPE",
            "beginOffset": -1
          },
          "type": "COMMON"
        }
      ]
    },
    {
      "name": "Linkup",
      "type": "OTHER",
      "metadata": {},
      "salience": 0.0025613331,
      "mentions": [
        {
          "text": {
            "content": "Linkup",
            "beginOffset": -1
          },
          "type": "PROPER"
        }
      ]
    }
  ],
  "documentSentiment": {
    "magnitude": 2.4,
    "score": 0.2
  },
  "language": "en",
  "categories": []
}
