{
  "sentences": [
    {
      "text": {
        "content": "BB is a siamese bluepoint 7months female cat.very manja and like being among humans and now looking for a new adopter to love her n to provide her forever home.",
        "beginOffset": -1
      },
      "sentiment": {
        "magnitude": 0.9,
        "score": 0.9
      }
    }
  ],
  "tokens": [],
  "entities": [
    {
      "name": "BB",
      "type": "OTHER",
      "metadata": {},
      "salience": 0.3810223,
      "mentions": [
        {
          "text": {
            "content": "BB",
            "beginOffset": -1
          },
          "type": "PROPER"
        }
      ]
    },
    {
      "name": "cat.",
      "type": "PERSON",
      "metadata": {},
      "salience": 0.27310163,
      "mentions": [
        {
          "text": {
            "content": "cat.",
            "beginOffset": -1
          },
          "type": "COMMON"
        }
      ]
    },
    {
      "name": "humans",
      "type": "PERSON",
      "metadata": {},
      "salience": 0.15388045,
      "mentions": [
        {
          "text": {
            "content": "humans",
            "beginOffset": -1
          },
          "type": "COMMON"
        }
      ]
    },
    {
      "name": "n",
      "type": "OTHER",
      "metadata": {},
      "salience": 0.11505018,
      "mentions": [
        {
          "text": {
            "content": "n",
            "beginOffset": -1
          },
          "type": "COMMON"
        }
      ]
    },
    {
      "name": "home",
      "type": "LOCATION",
      "metadata": {},
      "salience": 0.07694545,
      "mentions": [
        {
          "text": {
            "content": "home",
            "beginOffset": -1
          },
          "type": "COMMON"
        }
      ]
    }
  ],
  "documentSentiment": {
    "magnitude": 0.9,
    "score": 0.9
  },
  "language": "en",
  "categories": []
}
