{
  "sentences": [
    {
      "text": {
        "content": "Two months ago I rescued a pregnant stray (black and white border collie mix).",
        "beginOffset": -1
      },
      "sentiment": {
        "magnitude": 0,
        "score": 0
      }
    },
    {
      "text": {
        "content": "This adorable female pup is the result.",
        "beginOffset": -1
      },
      "sentiment": {
        "magnitude": 0.7,
        "score": 0.7
      }
    },
    {
      "text": {
        "content": "She has white hair on black skin which makes her fur look speckled.",
        "beginOffset": -1
      },
      "sentiment": {
        "magnitude": 0,
        "score": 0
      }
    },
    {
      "text": {
        "content": "We researched and found that this characteristic is common in border collies (blue merle).",
        "beginOffset": -1
      },
      "sentiment": {
        "magnitude": 0.3,
        "score": 0.3
      }
    },
    {
      "text": {
        "content": "We named her Lightning because in a litter of 5, she is the most active, playful and intelligent.",
        "beginOffset": -1
      },
      "sentiment": {
        "magnitude": 0.8,
        "score": 0.8
      }
    },
    {
      "text": {
        "content": "She is now 2 mths old, been dewormed and is looking for a loving,forever home.",
        "beginOffset": -1
      },
      "sentiment": {
        "magnitude": 0.8,
        "score": 0.8
      }
    }
  ],
  "tokens": [],
  "entities": [
    {
      "name": "blue merle",
      "type": "PERSON",
      "metadata": {},
      "salience": 0.26984003,
      "mentions": [
        {
          "text": {
            "content": "blue merle",
            "beginOffset": -1
          },
          "type": "COMMON"
        }
      ]
    },
    {
      "name": "result",
      "type": "OTHER",
      "metadata": {},
      "salience": 0.2658557,
      "mentions": [
        {
          "text": {
            "content": "pup",
            "beginOffset": -1
          },
          "type": "COMMON"
        },
        {
          "text": {
            "content": "result",
            "beginOffset": -1
          },
          "type": "COMMON"
        }
      ]
    },
    {
      "name": "border collie mix",
      "type": "OTHER",
      "metadata": {},
      "salience": 0.11100997,
      "mentions": [
        {
          "text": {
            "content": "border collie mix",
            "beginOffset": -1
          },
          "type": "COMMON"
        }
      ]
    },
    {
      "name": "hair",
      "type": "OTHER",
      "metadata": {},
      "salience": 0.091773905,
      "mentions": [
        {
          "text": {
            "content": "hair",
            "beginOffset": -1
          },
          "type": "COMMON"
        }
      ]
    },
    {
      "name": "Lightning",
      "type": "OTHER",
      "metadata": {},
      "salience": 0.07783685,
      "mentions": [
        {
          "text": {
            "content": "Lightning",
            "beginOffset": -1
          },
          "type": "COMMON"
        }
      ]
    },
    {
      "name": "characteristic",
      "type": "OTHER",
      "metadata": {},
      "salience": 0.04417625,
      "mentions": [
        {
          "text": {
            "content": "characteristic",
            "beginOffset": -1
          },
          "type": "COMMON"
        }
      ]
    },
    {
      "name": "border collies",
      "type": "OTHER",
      "metadata": {},
      "salience": 0.038425,
      "mentions": [
        {
          "text": {
            "content": "border collies",
            "beginOffset": -1
          },
          "type": "COMMON"
        }
      ]
    },
    {
      "name": "skin",
      "type": "OTHER",
      "metadata": {},
      "salience": 0.036483567,
      "mentions": [
        {
          "text": {
            "content": "skin",
            "beginOffset": -1
          },
          "type": "COMMON"
        }
      ]
    },
    {
      "name": "fur",
      "type": "OTHER",
      "metadata": {},
      "salience": 0.03560475,
      "mentions": [
        {
          "text": {
            "content": "fur",
            "beginOffset": -1
          },
          "type": "COMMON"
        }
      ]
    },
    {
      "name": "home",
      "type": "LOCATION",
      "metadata": {},
      "salience": 0.017800853,
      "mentions": [
        {
          "text": {
            "content": "home",
            "beginOffset": -1
          },
          "type": "COMMON"
        }
      ]
    },
    {
      "name": "litter",
      "type": "OTHER",
      "metadata": {},
      "salience": 0.011193104,
      "mentions": [
        {
          "text": {
            "content": "litter",
            "beginOffset": -1
          },
          "type": "COMMON"
        }
      ]
    }
  ],
  "documentSentiment": {
    "magnitude": 2.9,
    "score": 0.4
  },
  "language": "en",
  "categories": []
}
