{
  "sentences": [
    {
      "text": {
        "content": "This little kitty came to my house and hid inside the car engine compartment.",
        "beginOffset": -1
      },
      "sentiment": {
        "magnitude": 0.1,
        "score": 0.1
      }
    },
    {
      "text": {
        "content": "Finally managed to get it out and today gave it a good shower and smells good and clean.",
        "beginOffset": -1
      },
      "sentiment": {
        "magnitude": 0.9,
        "score": 0.9
      }
    },
    {
      "text": {
        "content": "She has a very funny kesian-looking face; very easy cat for anyone to adopt.",
        "beginOffset": -1
      },
      "sentiment": {
        "magnitude": 0.9,
        "score": 0.9
      }
    },
    {
      "text": {
        "content": "Good behaviour.",
        "beginOffset": -1
      },
      "sentiment": {
        "magnitude": 0.8,
        "score": 0.8
      }
    },
    {
      "text": {
        "content": "Person wishing to adopt should comply to requirements for raising a healthy cat:- - deworming / vaccinations - neutering by six months",
        "beginOffset": -1
      },
      "sentiment": {
        "magnitude": 0.3,
        "score": 0.3
      }
    }
  ],
  "tokens": [],
  "entities": [
    {
      "name": "kitty",
      "type": "PERSON",
      "metadata": {},
      "salience": 0.3339127,
      "mentions": [
        {
          "text": {
            "content": "kitty",
            "beginOffset": -1
          },
          "type": "COMMON"
        }
      ]
    },
    {
      "name": "house",
      "type": "LOCATION",
      "metadata": {},
      "salience": 0.29276875,
      "mentions": [
        {
          "text": {
            "content": "house",
            "beginOffset": -1
          },
          "type": "COMMON"
        }
      ]
    },
    {
      "name": "car engine compartment",
      "type": "OTHER",
      "metadata": {},
      "salience": 0.11823443,
      "mentions": [
        {
          "text": {
            "content": "car engine compartment",
            "beginOffset": -1
          },
          "type": "COMMON"
        }
      ]
    },
    {
      "name": "cat",
      "type": "OTHER",
      "metadata": {},
      "salience": 0.04134923,
      "mentions": [
        {
          "text": {
            "content": "cat",
            "beginOffset": -1
          },
          "type": "COMMON"
        }
      ]
    },
    {
      "name": "shower",
      "type": "OTHER",
      "metadata": {},
      "salience": 0.039323542,
      "mentions": [
        {
          "text": {
            "content": "shower",
            "beginOffset": -1
          },
          "type": "COMMON"
        }
      ]
    },
    {
      "name": "face",
      "type": "OTHER",
      "metadata": {},
      "salience": 0.03637834,
      "mentions": [
        {
          "text": {
            "content": "face",
            "beginOffset": -1
          },
          "type": "COMMON"
        }
      ]
    },
    {
      "name": "anyone",
      "type": "PERSON",
      "metadata": {},
      "salience": 0.03637834,
      "mentions": [
        {
          "text": {
            "content": "anyone",
            "beginOffset": -1
          },
          "type": "COMMON"
        }
      ]
    },
    {
      "name": "cat",
      "type": "OTHER",
      "metadata": {},
      "salience": 0.031066194,
      "mentions": [
        {
          "text": {
            "content": "cat",
            "beginOffset": -1
          },
          "type": "COMMON"
        }
      ]
    },
    {
      "name": "requirements",
      "type": "OTHER",
      "metadata": {},
      "salience": 0.02731941,
      "mentions": [
        {
          "text": {
            "content": "requirements",
            "beginOffset": -1
          },
          "type": "COMMON"
        }
      ]
    },
    {
      "name": "vaccinations",
      "type": "OTHER",
      "metadata": {},
      "salience": 0.019168576,
      "mentions": [
        {
          "text": {
            "content": "vaccinations",
            "beginOffset": -1
          },
          "type": "COMMON"
        }
      ]
    },
    {
      "name": "behaviour",
      "type": "OTHER",
      "metadata": {},
      "salience": 0.012066742,
      "mentions": [
        {
          "text": {
            "content": "behaviour",
            "beginOffset": -1
          },
          "type": "COMMON"
        }
      ]
    },
    {
      "name": "Person",
      "type": "PERSON",
      "metadata": {},
      "salience": 0.012033761,
      "mentions": [
        {
          "text": {
            "content": "Person",
            "beginOffset": -1
          },
          "type": "COMMON"
        }
      ]
    }
  ],
  "documentSentiment": {
    "magnitude": 3.2,
    "score": 0.6
  },
  "language": "en",
  "categories": []
}
