{
  "sentences": [
    {
      "text": {
        "content": "5 ekor kittens trpksa lpskn sbb stay flat ramai2 ada yg alegic",
        "beginOffset": -1
      },
      "sentiment": {
        "magnitude": 0.2,
        "score": 0.2
      }
    }
  ],
  "tokens": [],
  "entities": [
    {
      "name": "kittens",
      "type": "PERSON",
      "metadata": {},
      "salience": 0.71944135,
      "mentions": [
        {
          "text": {
            "content": "kittens",
            "beginOffset": -1
          },
          "type": "COMMON"
        }
      ]
    },
    {
      "name": "ada yg alegic",
      "type": "PERSON",
      "metadata": {},
      "salience": 0.28055865,
      "mentions": [
        {
          "text": {
            "content": "ada yg alegic",
            "beginOffset": -1
          },
          "type": "COMMON"
        }
      ]
    }
  ],
  "documentSentiment": {
    "magnitude": 0.2,
    "score": 0.2
  },
  "language": "en",
  "categories": []
}
