{
  "sentences": [
    {
      "text": {
        "content": "Tiger born on 7th of July .",
        "beginOffset": -1
      },
      "sentiment": {
        "magnitude": 0,
        "score": 0
      }
    }
  ],
  "tokens": [],
  "entities": [
    {
      "name": "Tiger",
      "type": "PERSON",
      "metadata": {
        "mid": "/m/07dm6",
        "wikipedia_url": "https://en.wikipedia.org/wiki/Tiger"
      },
      "salience": 1,
      "mentions": [
        {
          "text": {
            "content": "Tiger",
            "beginOffset": -1
          },
          "type": "PROPER"
        }
      ]
    }
  ],
  "documentSentiment": {
    "magnitude": 0,
    "score": 0
  },
  "language": "en",
  "categories": []
}
