{
  "sentences": [
    {
      "text": {
        "content": "Stone is very affectionate and a playful boy.",
        "beginOffset": -1
      },
      "sentiment": {
        "magnitude": 0.8,
        "score": 0.8
      }
    },
    {
      "text": {
        "content": "He is sweet, alert and friendly.",
        "beginOffset": -1
      },
      "sentiment": {
        "magnitude": 0.9,
        "score": 0.9
      }
    },
    {
      "text": {
        "content": "We hope to find a owner who will care for him, and give him a forever home as the current owners are shifting to a condo, and can't take Stone with them",
        "beginOffset": -1
      },
      "sentiment": {
        "magnitude": 0.2,
        "score": -0.2
      }
    }
  ],
  "tokens": [],
  "entities": [
    {
      "name": "Stone",
      "type": "PERSON",
      "metadata": {},
      "salience": 0.75202346,
      "mentions": [
        {
          "text": {
            "content": "Stone",
            "beginOffset": -1
          },
          "type": "PROPER"
        },
        {
          "text": {
            "content": "Stone",
            "beginOffset": -1
          },
          "type": "PROPER"
        }
      ]
    },
    {
      "name": "boy",
      "type": "PERSON",
      "metadata": {},
      "salience": 0.07660414,
      "mentions": [
        {
          "text": {
            "content": "boy",
            "beginOffset": -1
          },
          "type": "COMMON"
        }
      ]
    },
    {
      "name": "owners",
      "type": "PERSON",
      "metadata": {},
      "salience": 0.07627811,
      "mentions": [
        {
          "text": {
            "content": "owners",
            "beginOffset": -1
          },
          "type": "COMMON"
        }
      ]
    },
    {
      "name": "owner",
      "type": "PERSON",
      "metadata": {},
      "salience": 0.07110216,
      "mentions": [
        {
          "text": {
            "content": "owner",
            "beginOffset": -1
          },
          "type": "COMMON"
        }
      ]
    },
    {
      "name": "condo",
      "type": "LOCATION",
      "metadata": {},
      "salience": 0.017947534,
      "mentions": [
        {
          "text": {
            "content": "condo",
            "beginOffset": -1
          },
          "type": "COMMON"
        }
      ]
    },
    {
      "name": "home",
      "type": "LOCATION",
      "metadata": {},
      "salience": 0.0060446025,
      "mentions": [
        {
          "text": {
            "content": "home",
            "beginOffset": -1
          },
          "type": "COMMON"
        }
      ]
    }
  ],
  "documentSentiment": {
    "magnitude": 1.9,
    "score": 0.5
  },
  "language": "en",
  "categories": []
}
