{
  "sentences": [
    {
      "text": {
        "content": "The mommy cat we used to feed at my back yard has delivered 4 little babies, they are all very cute and healthy, let me know if you are interested to adopt, thanks, contact me at Eric",
        "beginOffset": -1
      },
      "sentiment": {
        "magnitude": 0.8,
        "score": 0.8
      }
    }
  ],
  "tokens": [],
  "entities": [
    {
      "name": "mommy cat",
      "type": "OTHER",
      "metadata": {},
      "salience": 0.48557544,
      "mentions": [
        {
          "text": {
            "content": "mommy cat",
            "beginOffset": -1
          },
          "type": "COMMON"
        }
      ]
    },
    {
      "name": "babies",
      "type": "PERSON",
      "metadata": {},
      "salience": 0.2695064,
      "mentions": [
        {
          "text": {
            "content": "babies",
            "beginOffset": -1
          },
          "type": "COMMON"
        }
      ]
    },
    {
      "name": "back yard",
      "type": "LOCATION",
      "metadata": {},
      "salience": 0.1282958,
      "mentions": [
        {
          "text": {
            "content": "back yard",
            "beginOffset": -1
          },
          "type": "COMMON"
        }
      ]
    },
    {
      "name": "thanks",
      "type": "OTHER",
      "metadata": {},
      "salience": 0.090338774,
      "mentions": [
        {
          "text": {
            "content": "thanks",
            "beginOffset": -1
          },
          "type": "COMMON"
        }
      ]
    },
    {
      "name": "Eric",
      "type": "PERSON",
      "metadata": {},
      "salience": 0.026283601,
      "mentions": [
        {
          "text": {
            "content": "Eric",
            "beginOffset": -1
          },
          "type": "PROPER"
        }
      ]
    }
  ],
  "documentSentiment": {
    "magnitude": 0.8,
    "score": 0.8
  },
  "language": "en",
  "categories": []
}
