{
  "sentences": [
    {
      "text": {
        "content": "A very loving and friendly cat.",
        "beginOffset": -1
      },
      "sentiment": {
        "magnitude": 0.9,
        "score": 0.9
      }
    },
    {
      "text": {
        "content": "Mingles easily with strangers and up for adotion.",
        "beginOffset": -1
      },
      "sentiment": {
        "magnitude": 0.4,
        "score": 0.4
      }
    },
    {
      "text": {
        "content": "New home needed urgently.",
        "beginOffset": -1
      },
      "sentiment": {
        "magnitude": 0.1,
        "score": 0.1
      }
    }
  ],
  "tokens": [],
  "entities": [
    {
      "name": "cat",
      "type": "OTHER",
      "metadata": {},
      "salience": 0.48356387,
      "mentions": [
        {
          "text": {
            "content": "cat",
            "beginOffset": -1
          },
          "type": "COMMON"
        }
      ]
    },
    {
      "name": "strangers",
      "type": "PERSON",
      "metadata": {},
      "salience": 0.1722912,
      "mentions": [
        {
          "text": {
            "content": "strangers",
            "beginOffset": -1
          },
          "type": "COMMON"
        }
      ]
    },
    {
      "name": "Mingles",
      "type": "OTHER",
      "metadata": {},
      "salience": 0.17027205,
      "mentions": [
        {
          "text": {
            "content": "Mingles",
            "beginOffset": -1
          },
          "type": "COMMON"
        }
      ]
    },
    {
      "name": "home",
      "type": "LOCATION",
      "metadata": {},
      "salience": 0.12009072,
      "mentions": [
        {
          "text": {
            "content": "home",
            "beginOffset": -1
          },
          "type": "COMMON"
        }
      ]
    },
    {
      "name": "adotion",
      "type": "OTHER",
      "metadata": {},
      "salience": 0.053782146,
      "mentions": [
        {
          "text": {
            "content": "adotion",
            "beginOffset": -1
          },
          "type": "COMMON"
        }
      ]
    }
  ],
  "documentSentiment": {
    "magnitude": 1.6,
    "score": 0.5
  },
  "language": "en",
  "categories": []
}
