{
  "sentences": [
    {
      "text": {
        "content": "Cute puppies for adoption!",
        "beginOffset": -1
      },
      "sentiment": {
        "magnitude": 0.8,
        "score": 0.8
      }
    },
    {
      "text": {
        "content": "2 Males and 3 Females available!",
        "beginOffset": -1
      },
      "sentiment": {
        "magnitude": 0.5,
        "score": -0.5
      }
    },
    {
      "text": {
        "content": "Date of birth: Around mid March Location: Seberang Jaya,Seberang Perai,Penang.",
        "beginOffset": -1
      },
      "sentiment": {
        "magnitude": 0,
        "score": 0
      }
    },
    {
      "text": {
        "content": "Description: Adorable, good-natured pups are up for adoption!",
        "beginOffset": -1
      },
      "sentiment": {
        "magnitude": 0.9,
        "score": 0.9
      }
    },
    {
      "text": {
        "content": "With white/brown markings.",
        "beginOffset": -1
      },
      "sentiment": {
        "magnitude": 0,
        "score": 0
      }
    },
    {
      "text": {
        "content": "Of medium sized breed.",
        "beginOffset": -1
      },
      "sentiment": {
        "magnitude": 0.1,
        "score": 0.1
      }
    },
    {
      "text": {
        "content": "Interested please contact me!",
        "beginOffset": -1
      },
      "sentiment": {
        "magnitude": 0.6,
        "score": 0.6
      }
    },
    {
      "text": {
        "content": "They are my aunt's pups,and she hopes to find good,loving homes for them!",
        "beginOffset": -1
      },
      "sentiment": {
        "magnitude": 0.8,
        "score": 0.8
      }
    },
    {
      "text": {
        "content": "Even if you can't adopt one,feel free to enjoy the pictures and please help to share them out ^^ Hope to find good homes for them soon!",
        "beginOffset": -1
      },
      "sentiment": {
        "magnitude": 0.3,
        "score": 0.3
      }
    }
  ],
  "tokens": [],
  "entities": [
    {
      "name": "adoption",
      "type": "OTHER",
      "metadata": {},
      "salience": 0.20046826,
      "mentions": [
        {
          "text": {
            "content": "adoption",
            "beginOffset": -1
          },
          "type": "COMMON"
        }
      ]
    },
    {
      "name": "puppies",
      "type": "OTHER",
      "metadata": {},
      "salience": 0.17751758,
      "mentions": [
        {
          "text": {
            "content": "puppies",
            "beginOffset": -1
          },
          "type": "COMMON"
        }
      ]
    },
    {
      "name": "Males",
      "type": "PERSON",
      "metadata": {},
      "salience": 0.08783396,
      "mentions": [
        {
          "text": {
            "content": "Males",
            "beginOffset": -1
          },
          "type": "COMMON"
        }
      ]
    },
    {
      "name": "Females",
      "type": "PERSON",
      "metadata": {},
      "salience": 0.08783396,
      "mentions": [
        {
          "text": {
            "content": "Females",
            "beginOffset": -1
          },
          "type": "COMMON"
        }
      ]
    },
    {
      "name": "pups",
      "type": "PERSON",
      "metadata": {},
      "salience": 0.086843364,
      "mentions": [
        {
          "text": {
            "content": "pups",
            "beginOffset": -1
          },
          "type": "COMMON"
        }
      ]
    },
    {
      "name": "aunt",
      "type": "PERSON",
      "metadata": {},
      "salience": 0.05286688,
      "mentions": [
        {
          "text": {
            "content": "aunt",
            "beginOffset": -1
          },
          "type": "COMMON"
        }
      ]
    },
    {
      "name": "birth",
      "type": "EVENT",
      "metadata": {},
      "salience": 0.033649296,
      "mentions": [
        {
          "text": {
            "content": "birth",
            "beginOffset": -1
          },
          "type": "COMMON"
        }
      ]
    },
    {
      "name": "Location",
      "type": "LOCATION",
      "metadata": {},
      "salience": 0.033649296,
      "mentions": [
        {
          "text": {
            "content": "Location",
            "beginOffset": -1
          },
          "type": "COMMON"
        }
      ]
    },
    {
      "name": "adoption",
      "type": "OTHER",
      "metadata": {},
      "salience": 0.025810974,
      "mentions": [
        {
          "text": {
            "content": "adoption",
            "beginOffset": -1
          },
          "type": "COMMON"
        }
      ]
    },
    {
      "name": "pups",
      "type": "PERSON",
      "metadata": {},
      "salience": 0.025188198,
      "mentions": [
        {
          "text": {
            "content": "pups",
            "beginOffset": -1
          },
          "type": "COMMON"
        }
      ]
    },
    {
      "name": "markings",
      "type": "OTHER",
      "metadata": {},
      "salience": 0.022908278,
      "mentions": [
        {
          "text": {
            "content": "markings",
            "beginOffset": -1
          },
          "type": "COMMON"
        }
      ]
    },
    {
      "name": "breed",
      "type": "OTHER",
      "metadata": {},
      "salience": 0.022857284,
      "mentions": [
        {
          "text": {
            "content": "breed",
            "beginOffset": -1
          },
          "type": "COMMON"
        }
      ]
    },
    {
      "name": "Description",
      "type": "OTHER",
      "metadata": {},
      "salience": 0.022691775,
      "mentions": [
        {
          "text": {
            "content": "Description",
            "beginOffset": -1
          },
          "type": "COMMON"
        }
      ]
    },
    {
      "name": "Penang",
      "type": "LOCATION",
      "metadata": {
        "mid": "/m/0g6xq",
        "wikipedia_url": "https://en.wikipedia.org/wiki/Penang"
      },
      "salience": 0.01996967,
      "mentions": [
        {
          "text": {
            "content": "Penang",
            "beginOffset": -1
          },
          "type": "PROPER"
        }
      ]
    },
    {
      "name": "Seberang Perai",
      "type": "LOCATION",
      "metadata": {
        "wikipedia_url": "https://en.wikipedia.org/wiki/Seberang_Perai",
        "mid": "/m/072jnk"
      },
      "salience": 0.01996967,
      "mentions": [
        {
          "text": {
            "content": "Seberang Perai",
            "beginOffset": -1
          },
          "type": "PROPER"
        }
      ]
    },
    {
      "name": "Seberang Jaya",
      "type": "LOCATION",
      "metadata": {
        "mid": "/m/0ftw3q",
        "wikipedia_url": "https://en.wikipedia.org/wiki/Seberang_Jaya"
      },
      "salience": 0.01996967,
      "mentions": [
        {
          "text": {
            "content": "Seberang Jaya",
            "beginOffset": -1
          },
          "type": "PROPER"
        }
      ]
    },
    {
      "name": "homes",
      "type": "LOCATION",
      "metadata": {},
      "salience": 0.019529937,
      "mentions": [
        {
          "text": {
            "content": "homes",
            "beginOffset": -1
          },
          "type": "COMMON"
        }
      ]
    },
    {
      "name": "pictures",
      "type": "WORK_OF_ART",
      "metadata": {},
      "salience": 0.015373391,
      "mentions": [
        {
          "text": {
            "content": "pictures",
            "beginOffset": -1
          },
          "type": "COMMON"
        }
      ]
    },
    {
      "name": "Hope",
      "type": "OTHER",
      "metadata": {},
      "salience": 0.012791008,
      "mentions": [
        {
          "text": {
            "content": "Hope",
            "beginOffset": -1
          },
          "type": "COMMON"
        }
      ]
    },
    {
      "name": "homes",
      "type": "LOCATION",
      "metadata": {},
      "salience": 0.012277551,
      "mentions": [
        {
          "text": {
            "content": "homes",
            "beginOffset": -1
          },
          "type": "COMMON"
        }
      ]
    }
  ],
  "documentSentiment": {
    "magnitude": 4.4,
    "score": 0.3
  },
  "language": "en",
  "categories": []
}
