{
  "sentences": [
    {
      "text": {
        "content": "This little pixie jumped out of the bushes like a cricket when my neighbour found her in a football field, hence the quirky temporary name.",
        "beginOffset": -1
      },
      "sentiment": {
        "magnitude": 0.2,
        "score": 0.2
      }
    },
    {
      "text": {
        "content": "Playful and nimble on her feet, gets along with other dogs and her mismatched size doesn't deter her from playing with my big bouncy lab! :)",
        "beginOffset": -1
      },
      "sentiment": {
        "magnitude": 0.8,
        "score": 0.8
      }
    },
    {
      "text": {
        "content": "Very smart girl, learnt to sit for food immediately and only does her business on grass.",
        "beginOffset": -1
      },
      "sentiment": {
        "magnitude": 0.3,
        "score": 0.3
      }
    },
    {
      "text": {
        "content": ": Gotta love that mutty intelligence - this little poppet learnt the paw command in less than 10 repetitions today :)",
        "beginOffset": -1
      },
      "sentiment": {
        "magnitude": 0.9,
        "score": 0.9
      }
    },
    {
      "text": {
        "content": ": Understands sit, left paw, right paw, down.",
        "beginOffset": -1
      },
      "sentiment": {
        "magnitude": 0.2,
        "score": 0.2
      }
    },
    {
      "text": {
        "content": "Good on leash, waits for permission to eat from her bowl, responds to her name.",
        "beginOffset": -1
      },
      "sentiment": {
        "magnitude": 0.5,
        "score": 0.5
      }
    },
    {
      "text": {
        "content": ": 2nd vacc done Conditions for adoption: 1.",
        "beginOffset": -1
      },
      "sentiment": {
        "magnitude": 0.1,
        "score": -0.1
      }
    },
    {
      "text": {
        "content": "Maintain basic medical care (vaccs/deworming/heartworm).",
        "beginOffset": -1
      },
      "sentiment": {
        "magnitude": 0.4,
        "score": 0.4
      }
    },
    {
      "text": {
        "content": "2.",
        "beginOffset": -1
      },
      "sentiment": {
        "magnitude": 0,
        "score": 0
      }
    },
    {
      "text": {
        "content": "Spay once she reaches 6 months to prevented unwanted breeding.",
        "beginOffset": -1
      },
      "sentiment": {
        "magnitude": 0.4,
        "score": -0.4
      }
    },
    {
      "text": {
        "content": "3.",
        "beginOffset": -1
      },
      "sentiment": {
        "magnitude": 0,
        "score": 0
      }
    },
    {
      "text": {
        "content": "No unnecessary tying/caging.",
        "beginOffset": -1
      },
      "sentiment": {
        "magnitude": 0.7,
        "score": 0.7
      }
    }
  ],
  "tokens": [],
  "entities": [
    {
      "name": "neighbour",
      "type": "PERSON",
      "metadata": {},
      "salience": 0.4323826,
      "mentions": [
        {
          "text": {
            "content": "neighbour",
            "beginOffset": -1
          },
          "type": "COMMON"
        }
      ]
    },
    {
      "name": "bushes",
      "type": "OTHER",
      "metadata": {},
      "salience": 0.073991925,
      "mentions": [
        {
          "text": {
            "content": "bushes",
            "beginOffset": -1
          },
          "type": "COMMON"
        }
      ]
    },
    {
      "name": "pixie",
      "type": "OTHER",
      "metadata": {},
      "salience": 0.073991925,
      "mentions": [
        {
          "text": {
            "content": "pixie",
            "beginOffset": -1
          },
          "type": "COMMON"
        }
      ]
    },
    {
      "name": "football field",
      "type": "LOCATION",
      "metadata": {},
      "salience": 0.073991925,
      "mentions": [
        {
          "text": {
            "content": "football field",
            "beginOffset": -1
          },
          "type": "COMMON"
        }
      ]
    },
    {
      "name": "cricket",
      "type": "OTHER",
      "metadata": {},
      "salience": 0.073991925,
      "mentions": [
        {
          "text": {
            "content": "cricket",
            "beginOffset": -1
          },
          "type": "COMMON"
        }
      ]
    },
    {
      "name": "paw",
      "type": "OTHER",
      "metadata": {},
      "salience": 0.03595508,
      "mentions": [
        {
          "text": {
            "content": "paw",
            "beginOffset": -1
          },
          "type": "COMMON"
        },
        {
          "text": {
            "content": "paw",
            "beginOffset": -1
          },
          "type": "COMMON"
        }
      ]
    },
    {
      "name": "name",
      "type": "OTHER",
      "metadata": {},
      "salience": 0.03253714,
      "mentions": [
        {
          "text": {
            "content": "name",
            "beginOffset": -1
          },
          "type": "COMMON"
        }
      ]
    },
    {
      "name": "girl",
      "type": "PERSON",
      "metadata": {},
      "salience": 0.020639814,
      "mentions": [
        {
          "text": {
            "content": "girl",
            "beginOffset": -1
          },
          "type": "COMMON"
        }
      ]
    },
    {
      "name": "feet",
      "type": "OTHER",
      "metadata": {},
      "salience": 0.013830234,
      "mentions": [
        {
          "text": {
            "content": "feet",
            "beginOffset": -1
          },
          "type": "COMMON"
        }
      ]
    },
    {
      "name": "dogs",
      "type": "OTHER",
      "metadata": {},
      "salience": 0.013830234,
      "mentions": [
        {
          "text": {
            "content": "dogs",
            "beginOffset": -1
          },
          "type": "COMMON"
        }
      ]
    },
    {
      "name": "size",
      "type": "OTHER",
      "metadata": {},
      "salience": 0.013830234,
      "mentions": [
        {
          "text": {
            "content": "size",
            "beginOffset": -1
          },
          "type": "COMMON"
        }
      ]
    },
    {
      "name": "food",
      "type": "OTHER",
      "metadata": {},
      "salience": 0.009414617,
      "mentions": [
        {
          "text": {
            "content": "food",
            "beginOffset": -1
          },
          "type": "COMMON"
        }
      ]
    },
    {
      "name": "business",
      "type": "OTHER",
      "metadata": {},
      "salience": 0.009414617,
      "mentions": [
        {
          "text": {
            "content": "business",
            "beginOffset": -1
          },
          "type": "COMMON"
        }
      ]
    },
    {
      "name": "grass",
      "type": "OTHER",
      "metadata": {},
      "salience": 0.009414617,
      "mentions": [
        {
          "text": {
            "content": "grass",
            "beginOffset": -1
          },
          "type": "COMMON"
        }
      ]
    },
    {
      "name": "lab",
      "type": "OTHER",
      "metadata": {},
      "salience": 0.009346248,
      "mentions": [
        {
          "text": {
            "content": "lab",
            "beginOffset": -1
          },
          "type": "COMMON"
        }
      ]
    },
    {
      "name": "Gotta",
      "type": "PERSON",
      "metadata": {},
      "salience": 0.008637669,
      "mentions": [
        {
          "text": {
            "content": "Gotta",
            "beginOffset": -1
          },
          "type": "PROPER"
        }
      ]
    },
    {
      "name": "paw command",
      "type": "OTHER",
      "metadata": {},
      "salience": 0.008609832,
      "mentions": [
        {
          "text": {
            "content": "paw command",
            "beginOffset": -1
          },
          "type": "COMMON"
        }
      ]
    },
    {
      "name": "repetitions",
      "type": "EVENT",
      "metadata": {},
      "salience": 0.008609832,
      "mentions": [
        {
          "text": {
            "content": "repetitions",
            "beginOffset": -1
          },
          "type": "COMMON"
        }
      ]
    },
    {
      "name": "vaccs",
      "type": "OTHER",
      "metadata": {},
      "salience": 0.00732699,
      "mentions": [
        {
          "text": {
            "content": "vaccs",
            "beginOffset": -1
          },
          "type": "COMMON"
        }
      ]
    },
    {
      "name": "vacc",
      "type": "OTHER",
      "metadata": {},
      "salience": 0.0067347833,
      "mentions": [
        {
          "text": {
            "content": "vacc",
            "beginOffset": -1
          },
          "type": "COMMON"
        }
      ]
    },
    {
      "name": "Conditions",
      "type": "OTHER",
      "metadata": {},
      "salience": 0.006448195,
      "mentions": [
        {
          "text": {
            "content": "Conditions",
            "beginOffset": -1
          },
          "type": "COMMON"
        }
      ]
    },
    {
      "name": "adoption",
      "type": "OTHER",
      "metadata": {},
      "salience": 0.006448195,
      "mentions": [
        {
          "text": {
            "content": "adoption",
            "beginOffset": -1
          },
          "type": "COMMON"
        }
      ]
    },
    {
      "name": "care",
      "type": "OTHER",
      "metadata": {},
      "salience": 0.006437632,
      "mentions": [
        {
          "text": {
            "content": "care",
            "beginOffset": -1
          },
          "type": "COMMON"
        }
      ]
    },
    {
      "name": "heartworm",
      "type": "OTHER",
      "metadata": {},
      "salience": 0.006437632,
      "mentions": [
        {
          "text": {
            "content": "heartworm",
            "beginOffset": -1
          },
          "type": "COMMON"
        }
      ]
    },
    {
      "name": "deworming",
      "type": "OTHER",
      "metadata": {},
      "salience": 0.006437632,
      "mentions": [
        {
          "text": {
            "content": "deworming",
            "beginOffset": -1
          },
          "type": "COMMON"
        }
      ]
    },
    {
      "name": "poppet",
      "type": "OTHER",
      "metadata": {},
      "salience": 0.0061060367,
      "mentions": [
        {
          "text": {
            "content": "poppet",
            "beginOffset": -1
          },
          "type": "COMMON"
        }
      ]
    },
    {
      "name": "breeding",
      "type": "OTHER",
      "metadata": {},
      "salience": 0.0044959583,
      "mentions": [
        {
          "text": {
            "content": "breeding",
            "beginOffset": -1
          },
          "type": "COMMON"
        }
      ]
    },
    {
      "name": "caging",
      "type": "OTHER",
      "metadata": {},
      "salience": 0.0044858954,
      "mentions": [
        {
          "text": {
            "content": "caging",
            "beginOffset": -1
          },
          "type": "COMMON"
        }
      ]
    },
    {
      "name": "tying",
      "type": "OTHER",
      "metadata": {},
      "salience": 0.0044858954,
      "mentions": [
        {
          "text": {
            "content": "tying",
            "beginOffset": -1
          },
          "type": "COMMON"
        }
      ]
    },
    {
      "name": "name",
      "type": "OTHER",
      "metadata": {},
      "salience": 0.003228085,
      "mentions": [
        {
          "text": {
            "content": "name",
            "beginOffset": -1
          },
          "type": "COMMON"
        }
      ]
    },
    {
      "name": "leash",
      "type": "OTHER",
      "metadata": {},
      "salience": 0.0028355357,
      "mentions": [
        {
          "text": {
            "content": "leash",
            "beginOffset": -1
          },
          "type": "COMMON"
        }
      ]
    },
    {
      "name": "permission",
      "type": "OTHER",
      "metadata": {},
      "salience": 0.0028355357,
      "mentions": [
        {
          "text": {
            "content": "permission",
            "beginOffset": -1
          },
          "type": "COMMON"
        }
      ]
    },
    {
      "name": "bowl",
      "type": "CONSUMER_GOOD",
      "metadata": {},
      "salience": 0.0028355357,
      "mentions": [
        {
          "text": {
            "content": "bowl",
            "beginOffset": -1
          },
          "type": "COMMON"
        }
      ]
    }
  ],
  "documentSentiment": {
    "magnitude": 5,
    "score": 0.3
  },
  "language": "en",
  "categories": []
}
