{
  "sentences": [
    {
      "text": {
        "content": "很好动的小妞，喜欢扑在人身上摇尾巴，很会看门，门外有什么小动静都会吠叫。",
        "beginOffset": -1
      },
      "sentiment": {
        "magnitude": 0,
        "score": 0
      }
    },
    {
      "text": {
        "content": "喜欢咬东西，好食。",
        "beginOffset": -1
      },
      "sentiment": {
        "magnitude": 0.1,
        "score": -0.1
      }
    },
    {
      "text": {
        "content": "出门散步运动后，喜欢到水里趴下，洗脚，甚至是玩水。",
        "beginOffset": -1
      },
      "sentiment": {
        "magnitude": 0.9,
        "score": 0.9
      }
    },
    {
      "text": {
        "content": "适合想要玩伴的朋友们领养，小黑也是看家的好帮手。",
        "beginOffset": -1
      },
      "sentiment": {
        "magnitude": 0.9,
        "score": 0.9
      }
    },
    {
      "text": {
        "content": "可以联络",
        "beginOffset": -1
      },
      "sentiment": {
        "magnitude": 0.5,
        "score": 0.5
      }
    }
  ],
  "tokens": [],
  "entities": [
    {
      "name": "小妞",
      "type": "PERSON",
      "metadata": {},
      "salience": 0.24412566,
      "mentions": [
        {
          "text": {
            "content": "小妞",
            "beginOffset": -1
          },
          "type": "COMMON"
        }
      ]
    },
    {
      "name": "身上",
      "type": "PERSON",
      "metadata": {},
      "salience": 0.24412566,
      "mentions": [
        {
          "text": {
            "content": "身上",
            "beginOffset": -1
          },
          "type": "COMMON"
        }
      ]
    },
    {
      "name": "门外",
      "type": "OTHER",
      "metadata": {},
      "salience": 0.20683277,
      "mentions": [
        {
          "text": {
            "content": "门外",
            "beginOffset": -1
          },
          "type": "COMMON"
        }
      ]
    },
    {
      "name": "小动静",
      "type": "OTHER",
      "metadata": {},
      "salience": 0.07842596,
      "mentions": [
        {
          "text": {
            "content": "小动静",
            "beginOffset": -1
          },
          "type": "COMMON"
        }
      ]
    },
    {
      "name": "东西",
      "type": "OTHER",
      "metadata": {},
      "salience": 0.0597276,
      "mentions": [
        {
          "text": {
            "content": "东西",
            "beginOffset": -1
          },
          "type": "COMMON"
        }
      ]
    },
    {
      "name": "水里",
      "type": "LOCATION",
      "metadata": {},
      "salience": 0.046624433,
      "mentions": [
        {
          "text": {
            "content": "水里",
            "beginOffset": -1
          },
          "type": "COMMON"
        }
      ]
    },
    {
      "name": "小黑",
      "type": "OTHER",
      "metadata": {},
      "salience": 0.032908086,
      "mentions": [
        {
          "text": {
            "content": "小黑",
            "beginOffset": -1
          },
          "type": "COMMON"
        }
      ]
    },
    {
      "name": "帮手",
      "type": "OTHER",
      "metadata": {},
      "salience": 0.024414195,
      "mentions": [
        {
          "text": {
            "content": "帮手",
            "beginOffset": -1
          },
          "type": "COMMON"
        }
      ]
    },
    {
      "name": "看家",
      "type": "OTHER",
      "metadata": {},
      "salience": 0.021287898,
      "mentions": [
        {
          "text": {
            "content": "看家",
            "beginOffset": -1
          },
          "type": "COMMON"
        }
      ]
    },
    {
      "name": "玩伴",
      "type": "PERSON",
      "metadata": {},
      "salience": 0.02076386,
      "mentions": [
        {
          "text": {
            "content": "玩伴",
            "beginOffset": -1
          },
          "type": "COMMON"
        }
      ]
    },
    {
      "name": "朋友们",
      "type": "PERSON",
      "metadata": {},
      "salience": 0.02076386,
      "mentions": [
        {
          "text": {
            "content": "朋友们",
            "beginOffset": -1
          },
          "type": "COMMON"
        }
      ]
    }
  ],
  "documentSentiment": {
    "magnitude": 2.5,
    "score": 0.4
  },
  "language": "zh",
  "categories": []
}
