{
  "sentences": [
    {
      "text": {
        "content": "He is very shy of strangers at the moment.",
        "beginOffset": -1
      },
      "sentiment": {
        "magnitude": 0,
        "score": 0
      }
    },
    {
      "text": {
        "content": "Currently being foster in a vet in Damansara Jaya.",
        "beginOffset": -1
      },
      "sentiment": {
        "magnitude": 0,
        "score": 0
      }
    },
    {
      "text": {
        "content": "For more information, please call the vet &quot;Healing Pet&quot; or OR You can call me if the vet didn't pick up your call (in case they are busy...) Office Hour of the Vet Weekday - 10am/7pm Sunday - 11am/1pm",
        "beginOffset": -1
      },
      "sentiment": {
        "magnitude": 0.3,
        "score": -0.3
      }
    }
  ],
  "tokens": [],
  "entities": [
    {
      "name": "strangers",
      "type": "PERSON",
      "metadata": {},
      "salience": 0.42974982,
      "mentions": [
        {
          "text": {
            "content": "strangers",
            "beginOffset": -1
          },
          "type": "COMMON"
        }
      ]
    },
    {
      "name": "vet",
      "type": "PERSON",
      "metadata": {},
      "salience": 0.112726614,
      "mentions": [
        {
          "text": {
            "content": "vet",
            "beginOffset": -1
          },
          "type": "COMMON"
        }
      ]
    },
    {
      "name": "foster",
      "type": "PERSON",
      "metadata": {},
      "salience": 0.08460852,
      "mentions": [
        {
          "text": {
            "content": "foster",
            "beginOffset": -1
          },
          "type": "COMMON"
        }
      ]
    },
    {
      "name": "vet",
      "type": "PERSON",
      "metadata": {},
      "salience": 0.07719654,
      "mentions": [
        {
          "text": {
            "content": "vet",
            "beginOffset": -1
          },
          "type": "COMMON"
        }
      ]
    },
    {
      "name": "vet",
      "type": "PERSON",
      "metadata": {},
      "salience": 0.070921734,
      "mentions": [
        {
          "text": {
            "content": "vet",
            "beginOffset": -1
          },
          "type": "COMMON"
        }
      ]
    },
    {
      "name": "information",
      "type": "OTHER",
      "metadata": {},
      "salience": 0.057122827,
      "mentions": [
        {
          "text": {
            "content": "information",
            "beginOffset": -1
          },
          "type": "COMMON"
        }
      ]
    },
    {
      "name": "Office Hour",
      "type": "ORGANIZATION",
      "metadata": {},
      "salience": 0.0401203,
      "mentions": [
        {
          "text": {
            "content": "Office Hour",
            "beginOffset": -1
          },
          "type": "COMMON"
        }
      ]
    },
    {
      "name": "Healing Pet",
      "type": "OTHER",
      "metadata": {},
      "salience": 0.03434007,
      "mentions": [
        {
          "text": {
            "content": "Healing Pet",
            "beginOffset": -1
          },
          "type": "PROPER"
        }
      ]
    },
    {
      "name": "Damansara Jaya",
      "type": "LOCATION",
      "metadata": {
        "mid": "/m/08jv9j",
        "wikipedia_url": "https://en.wikipedia.org/wiki/Damansara_Utama"
      },
      "salience": 0.03409144,
      "mentions": [
        {
          "text": {
            "content": "Damansara Jaya",
            "beginOffset": -1
          },
          "type": "PROPER"
        }
      ]
    },
    {
      "name": "Vet Weekday",
      "type": "EVENT",
      "metadata": {},
      "salience": 0.023788014,
      "mentions": [
        {
          "text": {
            "content": "Vet Weekday",
            "beginOffset": -1
          },
          "type": "PROPER"
        }
      ]
    },
    {
      "name": "call",
      "type": "OTHER",
      "metadata": {},
      "salience": 0.017667059,
      "mentions": [
        {
          "text": {
            "content": "call",
            "beginOffset": -1
          },
          "type": "COMMON"
        }
      ]
    },
    {
      "name": "case",
      "type": "OTHER",
      "metadata": {},
      "salience": 0.017667059,
      "mentions": [
        {
          "text": {
            "content": "case",
            "beginOffset": -1
          },
          "type": "COMMON"
        }
      ]
    }
  ],
  "documentSentiment": {
    "magnitude": 0.4,
    "score": -0.1
  },
  "language": "en",
  "categories": []
}
