{
  "sentences": [
    {
      "text": {
        "content": "A GOOD SAMARITAN FOUND THIS LOVELY GIRL AT ROAD SIDE.",
        "beginOffset": -1
      },
      "sentiment": {
        "magnitude": 0.7,
        "score": 0.7
      }
    },
    {
      "text": {
        "content": "TO OUR SURPRISE, SHE IS TOTALLY ADORABLE AND FRIENDLY AND NOW IS SO WELL-TRAINED AND OBEDIENT!",
        "beginOffset": -1
      },
      "sentiment": {
        "magnitude": 0.9,
        "score": 0.9
      }
    },
    {
      "text": {
        "content": "AND YES, SHE WHO LOVES US, DESERVES A HOME THAT SHE CAN SHARE HER LOVE WITH.",
        "beginOffset": -1
      },
      "sentiment": {
        "magnitude": 0.9,
        "score": 0.9
      }
    },
    {
      "text": {
        "content": "TRUST ME, SHE IS ABSOLUTELY ADORABLE AND LOVEABLE.",
        "beginOffset": -1
      },
      "sentiment": {
        "magnitude": 0.9,
        "score": 0.9
      }
    },
    {
      "text": {
        "content": "FRIENDLY TO DOGS AND CATS TOO!",
        "beginOffset": -1
      },
      "sentiment": {
        "magnitude": 0.8,
        "score": 0.8
      }
    }
  ],
  "tokens": [],
  "entities": [
    {
      "name": "GIRL",
      "type": "PERSON",
      "metadata": {},
      "salience": 0.8117845,
      "mentions": [
        {
          "text": {
            "content": "GIRL",
            "beginOffset": -1
          },
          "type": "COMMON"
        }
      ]
    },
    {
      "name": "FRIENDLY",
      "type": "EVENT",
      "metadata": {},
      "salience": 0.066149056,
      "mentions": [
        {
          "text": {
            "content": "FRIENDLY",
            "beginOffset": -1
          },
          "type": "COMMON"
        },
        {
          "text": {
            "content": "FRIENDLY",
            "beginOffset": -1
          },
          "type": "COMMON"
        }
      ]
    },
    {
      "name": "HOME",
      "type": "OTHER",
      "metadata": {},
      "salience": 0.030741176,
      "mentions": [
        {
          "text": {
            "content": "HOME",
            "beginOffset": -1
          },
          "type": "COMMON"
        }
      ]
    },
    {
      "name": "ROAD SIDE",
      "type": "ORGANIZATION",
      "metadata": {},
      "salience": 0.0263418,
      "mentions": [
        {
          "text": {
            "content": "ROAD SIDE",
            "beginOffset": -1
          },
          "type": "PROPER"
        }
      ]
    },
    {
      "name": "SURPRISE",
      "type": "OTHER",
      "metadata": {},
      "salience": 0.02146144,
      "mentions": [
        {
          "text": {
            "content": "SURPRISE",
            "beginOffset": -1
          },
          "type": "COMMON"
        }
      ]
    },
    {
      "name": "OBEDIENT",
      "type": "OTHER",
      "metadata": {},
      "salience": 0.014729443,
      "mentions": [
        {
          "text": {
            "content": "OBEDIENT",
            "beginOffset": -1
          },
          "type": "COMMON"
        }
      ]
    },
    {
      "name": "US",
      "type": "LOCATION",
      "metadata": {
        "mid": "/m/09c7w0",
        "wikipedia_url": "https://en.wikipedia.org/wiki/United_States"
      },
      "salience": 0.008489317,
      "mentions": [
        {
          "text": {
            "content": "US",
            "beginOffset": -1
          },
          "type": "PROPER"
        }
      ]
    },
    {
      "name": "TRUST ME",
      "type": "WORK_OF_ART",
      "metadata": {},
      "salience": 0.007214935,
      "mentions": [
        {
          "text": {
            "content": "TRUST ME",
            "beginOffset": -1
          },
          "type": "PROPER"
        }
      ]
    },
    {
      "name": "CATS",
      "type": "OTHER",
      "metadata": {},
      "salience": 0.0070847794,
      "mentions": [
        {
          "text": {
            "content": "CATS",
            "beginOffset": -1
          },
          "type": "COMMON"
        }
      ]
    },
    {
      "name": "LOVEABLE",
      "type": "OTHER",
      "metadata": {},
      "salience": 0.0060035666,
      "mentions": [
        {
          "text": {
            "content": "LOVEABLE",
            "beginOffset": -1
          },
          "type": "PROPER"
        }
      ]
    }
  ],
  "documentSentiment": {
    "magnitude": 4.4,
    "score": 0.8
  },
  "language": "en",
  "categories": []
}
