{
  "sentences": [
    {
      "text": {
        "content": "she is quite but playful.",
        "beginOffset": -1
      },
      "sentiment": {
        "magnitude": 0.6,
        "score": 0.6
      }
    },
    {
      "text": {
        "content": "i rescued her mother, and she gave birth to 5 babies.",
        "beginOffset": -1
      },
      "sentiment": {
        "magnitude": 0.1,
        "score": 0.1
      }
    },
    {
      "text": {
        "content": "Tiffy is the youngest among her sibling.",
        "beginOffset": -1
      },
      "sentiment": {
        "magnitude": 0.1,
        "score": 0.1
      }
    },
    {
      "text": {
        "content": "she has blue eyes, pink nose and pink paws.",
        "beginOffset": -1
      },
      "sentiment": {
        "magnitude": 0,
        "score": 0
      }
    },
    {
      "text": {
        "content": "she right now is just 6 months old. she normally sit there and just ignore the world, but when you play with her, she will be playful and active too.",
        "beginOffset": -1
      },
      "sentiment": {
        "magnitude": 0.7,
        "score": -0.7
      }
    }
  ],
  "tokens": [],
  "entities": [
    {
      "name": "Tiffy",
      "type": "PERSON",
      "metadata": {},
      "salience": 0.80563337,
      "mentions": [
        {
          "text": {
            "content": "Tiffy",
            "beginOffset": -1
          },
          "type": "PROPER"
        }
      ]
    },
    {
      "name": "mother",
      "type": "PERSON",
      "metadata": {},
      "salience": 0.06362541,
      "mentions": [
        {
          "text": {
            "content": "mother",
            "beginOffset": -1
          },
          "type": "COMMON"
        }
      ]
    },
    {
      "name": "birth",
      "type": "OTHER",
      "metadata": {},
      "salience": 0.025488233,
      "mentions": [
        {
          "text": {
            "content": "birth",
            "beginOffset": -1
          },
          "type": "COMMON"
        }
      ]
    },
    {
      "name": "babies",
      "type": "PERSON",
      "metadata": {},
      "salience": 0.025488233,
      "mentions": [
        {
          "text": {
            "content": "babies",
            "beginOffset": -1
          },
          "type": "COMMON"
        }
      ]
    },
    {
      "name": "eyes",
      "type": "OTHER",
      "metadata": {},
      "salience": 0.017336598,
      "mentions": [
        {
          "text": {
            "content": "eyes",
            "beginOffset": -1
          },
          "type": "COMMON"
        }
      ]
    },
    {
      "name": "nose",
      "type": "OTHER",
      "metadata": {},
      "salience": 0.017336598,
      "mentions": [
        {
          "text": {
            "content": "nose",
            "beginOffset": -1
          },
          "type": "COMMON"
        }
      ]
    },
    {
      "name": "sibling",
      "type": "PERSON",
      "metadata": {},
      "salience": 0.017186722,
      "mentions": [
        {
          "text": {
            "content": "sibling",
            "beginOffset": -1
          },
          "type": "COMMON"
        }
      ]
    },
    {
      "name": "paws",
      "type": "OTHER",
      "metadata": {},
      "salience": 0.015918165,
      "mentions": [
        {
          "text": {
            "content": "paws",
            "beginOffset": -1
          },
          "type": "COMMON"
        }
      ]
    },
    {
      "name": "world",
      "type": "LOCATION",
      "metadata": {},
      "salience": 0.011986698,
      "mentions": [
        {
          "text": {
            "content": "world",
            "beginOffset": -1
          },
          "type": "COMMON"
        }
      ]
    }
  ],
  "documentSentiment": {
    "magnitude": 1.6,
    "score": 0
  },
  "language": "en",
  "categories": []
}
