{
  "sentences": [
    {
      "text": {
        "content": "SHE IS VERY ADORABLE, FRIENDLY AND LOVES PEOPLES, ESPECIALLY KIDS.",
        "beginOffset": -1
      },
      "sentiment": {
        "magnitude": 0.9,
        "score": 0.9
      }
    },
    {
      "text": {
        "content": "SHE'S INTELLIGENT,OBEDIENT AND YET PLAYFUL...OOPS!",
        "beginOffset": -1
      },
      "sentiment": {
        "magnitude": 0.1,
        "score": -0.1
      }
    },
    {
      "text": {
        "content": "STILL A TEENAGER.",
        "beginOffset": -1
      },
      "sentiment": {
        "magnitude": 0,
        "score": 0
      }
    },
    {
      "text": {
        "content": "SHE GETS VERY ATTACHED TO PEOPLE AND WANT PEOPLE TO MANJA HER ALWAYS.",
        "beginOffset": -1
      },
      "sentiment": {
        "magnitude": 0.1,
        "score": -0.1
      }
    },
    {
      "text": {
        "content": "SHE IS MICROCHIPED WITH PEDIGREE DOWNLINE AND IS SPAYED TOO.",
        "beginOffset": -1
      },
      "sentiment": {
        "magnitude": 0,
        "score": 0
      }
    },
    {
      "text": {
        "content": "HER OWNER PLANS TO LEAVE COUNTRY SOON AND IS HUNTING FOR A DOG LOVER/LOVING HOME TO SETTLE HER DOWN.",
        "beginOffset": -1
      },
      "sentiment": {
        "magnitude": 0.9,
        "score": 0.9
      }
    },
    {
      "text": {
        "content": "MAY GOD BLESS HER WISH COMES TRUE.",
        "beginOffset": -1
      },
      "sentiment": {
        "magnitude": 0.8,
        "score": 0.8
      }
    }
  ],
  "tokens": [],
  "entities": [
    {
      "name": "PEOPLES",
      "type": "PERSON",
      "metadata": {},
      "salience": 0.52492774,
      "mentions": [
        {
          "text": {
            "content": "PEOPLES",
            "beginOffset": -1
          },
          "type": "COMMON"
        },
        {
          "text": {
            "content": "KIDS",
            "beginOffset": -1
          },
          "type": "COMMON"
        }
      ]
    },
    {
      "name": "TEENAGER",
      "type": "PERSON",
      "metadata": {},
      "salience": 0.17998424,
      "mentions": [
        {
          "text": {
            "content": "TEENAGER",
            "beginOffset": -1
          },
          "type": "COMMON"
        }
      ]
    },
    {
      "name": "LOVES",
      "type": "OTHER",
      "metadata": {},
      "salience": 0.12877576,
      "mentions": [
        {
          "text": {
            "content": "LOVES",
            "beginOffset": -1
          },
          "type": "COMMON"
        }
      ]
    },
    {
      "name": "PEOPLE",
      "type": "PERSON",
      "metadata": {},
      "salience": 0.061515115,
      "mentions": [
        {
          "text": {
            "content": "PEOPLE",
            "beginOffset": -1
          },
          "type": "COMMON"
        },
        {
          "text": {
            "content": "PEOPLE",
            "beginOffset": -1
          },
          "type": "COMMON"
        }
      ]
    },
    {
      "name": "GOD",
      "type": "PERSON",
      "metadata": {
        "mid": "/m/0d05l6",
        "wikipedia_url": "https://en.wikipedia.org/wiki/God"
      },
      "salience": 0.021728747,
      "mentions": [
        {
          "text": {
            "content": "GOD",
            "beginOffset": -1
          },
          "type": "PROPER"
        }
      ]
    },
    {
      "name": "MICROCHIPED",
      "type": "ORGANIZATION",
      "metadata": {},
      "salience": 0.017428653,
      "mentions": [
        {
          "text": {
            "content": "MICROCHIPED",
            "beginOffset": -1
          },
          "type": "COMMON"
        }
      ]
    },
    {
      "name": "DOG LOVER",
      "type": "PERSON",
      "metadata": {},
      "salience": 0.011699978,
      "mentions": [
        {
          "text": {
            "content": "DOG LOVER",
            "beginOffset": -1
          },
          "type": "COMMON"
        }
      ]
    },
    {
      "name": "HOME",
      "type": "LOCATION",
      "metadata": {},
      "salience": 0.010284117,
      "mentions": [
        {
          "text": {
            "content": "HOME",
            "beginOffset": -1
          },
          "type": "COMMON"
        }
      ]
    },
    {
      "name": "WISH",
      "type": "OTHER",
      "metadata": {},
      "salience": 0.009421612,
      "mentions": [
        {
          "text": {
            "content": "WISH",
            "beginOffset": -1
          },
          "type": "COMMON"
        }
      ]
    },
    {
      "name": "COUNTRY",
      "type": "LOCATION",
      "metadata": {},
      "salience": 0.0089880815,
      "mentions": [
        {
          "text": {
            "content": "COUNTRY",
            "beginOffset": -1
          },
          "type": "COMMON"
        }
      ]
    },
    {
      "name": "PEDIGREE DOWNLINE",
      "type": "OTHER",
      "metadata": {},
      "salience": 0.008093609,
      "mentions": [
        {
          "text": {
            "content": "PEDIGREE DOWNLINE",
            "beginOffset": -1
          },
          "type": "PROPER"
        }
      ]
    },
    {
      "name": "TRUE",
      "type": "OTHER",
      "metadata": {},
      "salience": 0.0071949367,
      "mentions": [
        {
          "text": {
            "content": "TRUE",
            "beginOffset": -1
          },
          "type": "COMMON"
        }
      ]
    },
    {
      "name": "HUNTING",
      "type": "EVENT",
      "metadata": {},
      "salience": 0.005435985,
      "mentions": [
        {
          "text": {
            "content": "HUNTING",
            "beginOffset": -1
          },
          "type": "COMMON"
        }
      ]
    },
    {
      "name": "OWNER PLANS",
      "type": "OTHER",
      "metadata": {},
      "salience": 0.0045214407,
      "mentions": [
        {
          "text": {
            "content": "OWNER PLANS",
            "beginOffset": -1
          },
          "type": "COMMON"
        }
      ]
    }
  ],
  "documentSentiment": {
    "magnitude": 3.2,
    "score": 0.3
  },
  "language": "en",
  "categories": []
}
