{
  "sentences": [
    {
      "text": {
        "content": "Playful n already toilet train",
        "beginOffset": -1
      },
      "sentiment": {
        "magnitude": 0.1,
        "score": 0.1
      }
    }
  ],
  "tokens": [],
  "entities": [
    {
      "name": "n",
      "type": "OTHER",
      "metadata": {},
      "salience": 0.65071195,
      "mentions": [
        {
          "text": {
            "content": "n",
            "beginOffset": -1
          },
          "type": "COMMON"
        }
      ]
    },
    {
      "name": "toilet train",
      "type": "OTHER",
      "metadata": {},
      "salience": 0.34928805,
      "mentions": [
        {
          "text": {
            "content": "toilet train",
            "beginOffset": -1
          },
          "type": "COMMON"
        }
      ]
    }
  ],
  "documentSentiment": {
    "magnitude": 0.1,
    "score": 0.1
  },
  "language": "en",
  "categories": []
}
