{
  "sentences": [
    {
      "text": {
        "content": "Mr Stripey (his temporary foster name) was rescued as part of a 3-kitten all-male litter together with their mother from a backlane opposite my home in early October .",
        "beginOffset": -1
      },
      "sentiment": {
        "magnitude": 0.1,
        "score": -0.1
      }
    },
    {
      "text": {
        "content": "and after ensuring that they are in good health and well-socialised after almost 2 months of fostering them, the kittens are now ready to be rehomed.",
        "beginOffset": -1
      },
      "sentiment": {
        "magnitude": 0.7,
        "score": 0.7
      }
    },
    {
      "text": {
        "content": "- They are applied with Revolution monthly to protect against fleas, ear mites, heartworms &amp; intestinal worms (dewormed).",
        "beginOffset": -1
      },
      "sentiment": {
        "magnitude": 0.2,
        "score": -0.2
      }
    },
    {
      "text": {
        "content": "- Mr Stripey's weight has bloomed from 1.7kg on 11 October to 2.3kg as at 15 November .",
        "beginOffset": -1
      },
      "sentiment": {
        "magnitude": 0,
        "score": 0
      }
    },
    {
      "text": {
        "content": "- They are fed with Evo premium dry kitten kibbles.",
        "beginOffset": -1
      },
      "sentiment": {
        "magnitude": 0.3,
        "score": -0.3
      }
    },
    {
      "text": {
        "content": "- I'm feeding them with vet-approved Vetri-DMG liquid supplement to boost their growing development.",
        "beginOffset": -1
      },
      "sentiment": {
        "magnitude": 0.2,
        "score": 0.2
      }
    },
    {
      "text": {
        "content": "- They drink water from a bowl which is cleaned and refilled daily to condition the kittens to only take fresh water as outside contaminated water can damage their health and shorten their life.",
        "beginOffset": -1
      },
      "sentiment": {
        "magnitude": 0.1,
        "score": 0.1
      }
    },
    {
      "text": {
        "content": "- They're toilet-trained to use the litter box and I'm using Catit premium litter.",
        "beginOffset": -1
      },
      "sentiment": {
        "magnitude": 0.2,
        "score": -0.2
      }
    },
    {
      "text": {
        "content": "- Their poop is solid which is a good indication of good bowel health as well as their overall health.",
        "beginOffset": -1
      },
      "sentiment": {
        "magnitude": 0.5,
        "score": 0.5
      }
    },
    {
      "text": {
        "content": "- I regularly clean their eyes and noses with saline solution and their ears with Ilium Oticlean.",
        "beginOffset": -1
      },
      "sentiment": {
        "magnitude": 0.5,
        "score": 0.5
      }
    },
    {
      "text": {
        "content": "I also trim their nails.",
        "beginOffset": -1
      },
      "sentiment": {
        "magnitude": 0,
        "score": 0
      }
    },
    {
      "text": {
        "content": "Their fur is short but silky clean since they are not allowed outdoors.",
        "beginOffset": -1
      },
      "sentiment": {
        "magnitude": 0.5,
        "score": 0.5
      }
    },
    {
      "text": {
        "content": "- Mr Stripey has been vaccinated on 18 October (4-in-1, RM50) with a booster vaccination on 15 November (4-in-1, RM50) at a total cost of RM.",
        "beginOffset": -1
      },
      "sentiment": {
        "magnitude": 0,
        "score": 0
      }
    },
    {
      "text": {
        "content": "- Mr Stripey's behaviour is outgoing and affectionate.",
        "beginOffset": -1
      },
      "sentiment": {
        "magnitude": 0.7,
        "score": 0.7
      }
    },
    {
      "text": {
        "content": "He would purr happily when held.",
        "beginOffset": -1
      },
      "sentiment": {
        "magnitude": 0,
        "score": 0
      }
    },
    {
      "text": {
        "content": "The adopter must agree to the following conditions: 1) The adopter must be a Malaysian.",
        "beginOffset": -1
      },
      "sentiment": {
        "magnitude": 0.8,
        "score": 0.8
      }
    },
    {
      "text": {
        "content": "However, I will consider an expatriate adopter if you can provide assurances for his future when you return to your home country.",
        "beginOffset": -1
      },
      "sentiment": {
        "magnitude": 0.6,
        "score": 0.6
      }
    },
    {
      "text": {
        "content": "2) He must be kept indoors at all times.",
        "beginOffset": -1
      },
      "sentiment": {
        "magnitude": 0.1,
        "score": 0.1
      }
    },
    {
      "text": {
        "content": "3) You should have a cat cage to confine him for the first few weeks to let him feel secure and get used to your home surroundings.",
        "beginOffset": -1
      },
      "sentiment": {
        "magnitude": 0.6,
        "score": 0.6
      }
    },
    {
      "text": {
        "content": "4) Neuter him when he's old enough at 8 months old.",
        "beginOffset": -1
      },
      "sentiment": {
        "magnitude": 0,
        "score": 0
      }
    },
    {
      "text": {
        "content": "5) Vaccinate him yearly to protect against diseases.",
        "beginOffset": -1
      },
      "sentiment": {
        "magnitude": 0.6,
        "score": 0.6
      }
    },
    {
      "text": {
        "content": "6) Apply spot-on medication (Revolution recommended) monthly to protect against ticks/fleas/ear mites/intestinal worms/heartworms. 7) The RM adoption fee must be paid in full as it will only cover his vaccination cost.",
        "beginOffset": -1
      },
      "sentiment": {
        "magnitude": 0.4,
        "score": -0.4
      }
    },
    {
      "text": {
        "content": "Your adoption fee will help the next needy furkid.",
        "beginOffset": -1
      },
      "sentiment": {
        "magnitude": 0.4,
        "score": 0.4
      }
    },
    {
      "text": {
        "content": "If Mr Stripey is adopted with his sibling, Mr Fiesty ( ), there would be a 50% reduction on the second adoption fee.",
        "beginOffset": -1
      },
      "sentiment": {
        "magnitude": 0.2,
        "score": 0.2
      }
    },
    {
      "text": {
        "content": "8) It would be appreciated if the adopter is on Facebook so that we can get pictorial updates on Mr Stripey. 9) Please adopt on a weekend as I'm working full-time on weekdays.",
        "beginOffset": -1
      },
      "sentiment": {
        "magnitude": 0.1,
        "score": 0.1
      }
    },
    {
      "text": {
        "content": "If you're interested to adopt Mr Stripey, please sent a message (via petfinder.my) and please share about yourself (Malaysian/expatriate?",
        "beginOffset": -1
      },
      "sentiment": {
        "magnitude": 0.2,
        "score": -0.2
      }
    },
    {
      "text": {
        "content": "Working/student?), your place (eg If renting, landlord allows pets?",
        "beginOffset": -1
      },
      "sentiment": {
        "magnitude": 0,
        "score": 0
      }
    },
    {
      "text": {
        "content": "If living with family/friends, do they agree to pets?) and your cat ownership experience.",
        "beginOffset": -1
      },
      "sentiment": {
        "magnitude": 0.2,
        "score": 0.2
      }
    },
    {
      "text": {
        "content": "Please don't just provide a phone number because I won't call/sms and prefer to correspond by e-mail first.",
        "beginOffset": -1
      },
      "sentiment": {
        "magnitude": 0.5,
        "score": -0.5
      }
    },
    {
      "text": {
        "content": "Looking forward to hearing from you! :)",
        "beginOffset": -1
      },
      "sentiment": {
        "magnitude": 0.7,
        "score": 0.7
      }
    }
  ],
  "tokens": [],
  "entities": [
    {
      "name": "Stripey",
      "type": "PERSON",
      "metadata": {
        "mid": "/m/02x61zn",
        "wikipedia_url": "https://en.wikipedia.org/wiki/Mr._Stripey"
      },
      "salience": 0.4782271,
      "mentions": [
        {
          "text": {
            "content": "Stripey",
            "beginOffset": -1
          },
          "type": "PROPER"
        },
        {
          "text": {
            "content": "Mr",
            "beginOffset": -1
          },
          "type": "COMMON"
        },
        {
          "text": {
            "content": "Stripey",
            "beginOffset": -1
          },
          "type": "PROPER"
        },
        {
          "text": {
            "content": "Mr",
            "beginOffset": -1
          },
          "type": "COMMON"
        },
        {
          "text": {
            "content": "Stripey",
            "beginOffset": -1
          },
          "type": "PROPER"
        },
        {
          "text": {
            "content": "Mr",
            "beginOffset": -1
          },
          "type": "COMMON"
        },
        {
          "text": {
            "content": "Mr",
            "beginOffset": -1
          },
          "type": "COMMON"
        },
        {
          "text": {
            "content": "Mr",
            "beginOffset": -1
          },
          "type": "COMMON"
        }
      ]
    },
    {
      "name": "Mr",
      "type": "PERSON",
      "metadata": {},
      "salience": 0.06988028,
      "mentions": [
        {
          "text": {
            "content": "Mr",
            "beginOffset": -1
          },
          "type": "COMMON"
        }
      ]
    },
    {
      "name": "Stripey",
      "type": "OTHER",
      "metadata": {},
      "salience": 0.06228941,
      "mentions": [
        {
          "text": {
            "content": "Stripey",
            "beginOffset": -1
          },
          "type": "PROPER"
        },
        {
          "text": {
            "content": "foster name",
            "beginOffset": -1
          },
          "type": "COMMON"
        },
        {
          "text": {
            "content": "Stripey",
            "beginOffset": -1
          },
          "type": "PROPER"
        },
        {
          "text": {
            "content": "Stripey",
            "beginOffset": -1
          },
          "type": "PROPER"
        }
      ]
    },
    {
      "name": "kittens",
      "type": "PERSON",
      "metadata": {},
      "salience": 0.05392177,
      "mentions": [
        {
          "text": {
            "content": "kittens",
            "beginOffset": -1
          },
          "type": "COMMON"
        }
      ]
    },
    {
      "name": "kittens",
      "type": "PERSON",
      "metadata": {},
      "salience": 0.030528024,
      "mentions": [
        {
          "text": {
            "content": "kittens",
            "beginOffset": -1
          },
          "type": "COMMON"
        }
      ]
    },
    {
      "name": "indication",
      "type": "OTHER",
      "metadata": {},
      "salience": 0.024874058,
      "mentions": [
        {
          "text": {
            "content": "poop",
            "beginOffset": -1
          },
          "type": "COMMON"
        },
        {
          "text": {
            "content": "indication",
            "beginOffset": -1
          },
          "type": "COMMON"
        }
      ]
    },
    {
      "name": "litter",
      "type": "CONSUMER_GOOD",
      "metadata": {},
      "salience": 0.021665897,
      "mentions": [
        {
          "text": {
            "content": "litter",
            "beginOffset": -1
          },
          "type": "COMMON"
        }
      ]
    },
    {
      "name": "home",
      "type": "LOCATION",
      "metadata": {},
      "salience": 0.021665897,
      "mentions": [
        {
          "text": {
            "content": "home",
            "beginOffset": -1
          },
          "type": "COMMON"
        }
      ]
    },
    {
      "name": "mother",
      "type": "PERSON",
      "metadata": {},
      "salience": 0.017393915,
      "mentions": [
        {
          "text": {
            "content": "mother",
            "beginOffset": -1
          },
          "type": "COMMON"
        }
      ]
    },
    {
      "name": "backlane",
      "type": "OTHER",
      "metadata": {},
      "salience": 0.017393915,
      "mentions": [
        {
          "text": {
            "content": "backlane",
            "beginOffset": -1
          },
          "type": "COMMON"
        }
      ]
    },
    {
      "name": "part",
      "type": "OTHER",
      "metadata": {},
      "salience": 0.017393915,
      "mentions": [
        {
          "text": {
            "content": "part",
            "beginOffset": -1
          },
          "type": "COMMON"
        }
      ]
    },
    {
      "name": "health",
      "type": "OTHER",
      "metadata": {},
      "salience": 0.011220009,
      "mentions": [
        {
          "text": {
            "content": "health",
            "beginOffset": -1
          },
          "type": "COMMON"
        }
      ]
    },
    {
      "name": "fleas",
      "type": "OTHER",
      "metadata": {},
      "salience": 0.009488304,
      "mentions": [
        {
          "text": {
            "content": "fleas",
            "beginOffset": -1
          },
          "type": "COMMON"
        }
      ]
    },
    {
      "name": "ear mites",
      "type": "OTHER",
      "metadata": {},
      "salience": 0.009488304,
      "mentions": [
        {
          "text": {
            "content": "ear mites",
            "beginOffset": -1
          },
          "type": "COMMON"
        }
      ]
    },
    {
      "name": "bowl",
      "type": "CONSUMER_GOOD",
      "metadata": {},
      "salience": 0.007972581,
      "mentions": [
        {
          "text": {
            "content": "bowl",
            "beginOffset": -1
          },
          "type": "COMMON"
        }
      ]
    },
    {
      "name": "Fiesty",
      "type": "PERSON",
      "metadata": {
        "mid": "/g/11bw641y4g"
      },
      "salience": 0.0073835216,
      "mentions": [
        {
          "text": {
            "content": "sibling",
            "beginOffset": -1
          },
          "type": "COMMON"
        },
        {
          "text": {
            "content": "Fiesty",
            "beginOffset": -1
          },
          "type": "PROPER"
        },
        {
          "text": {
            "content": "Mr",
            "beginOffset": -1
          },
          "type": "COMMON"
        }
      ]
    },
    {
      "name": "Stripey. 9",
      "type": "PERSON",
      "metadata": {},
      "salience": 0.0050850213,
      "mentions": [
        {
          "text": {
            "content": "Stripey. 9",
            "beginOffset": -1
          },
          "type": "PROPER"
        },
        {
          "text": {
            "content": "Mr",
            "beginOffset": -1
          },
          "type": "COMMON"
        }
      ]
    },
    {
      "name": "water",
      "type": "OTHER",
      "metadata": {},
      "salience": 0.0039028751,
      "mentions": [
        {
          "text": {
            "content": "water",
            "beginOffset": -1
          },
          "type": "COMMON"
        }
      ]
    },
    {
      "name": "adopter",
      "type": "OTHER",
      "metadata": {},
      "salience": 0.00372454,
      "mentions": [
        {
          "text": {
            "content": "adopter",
            "beginOffset": -1
          },
          "type": "COMMON"
        }
      ]
    },
    {
      "name": "Revolution",
      "type": "ORGANIZATION",
      "metadata": {},
      "salience": 0.0036042084,
      "mentions": [
        {
          "text": {
            "content": "Revolution",
            "beginOffset": -1
          },
          "type": "PROPER"
        },
        {
          "text": {
            "content": "Revolution",
            "beginOffset": -1
          },
          "type": "PROPER"
        }
      ]
    },
    {
      "name": "intestinal worms",
      "type": "OTHER",
      "metadata": {},
      "salience": 0.003597298,
      "mentions": [
        {
          "text": {
            "content": "intestinal worms",
            "beginOffset": -1
          },
          "type": "COMMON"
        }
      ]
    },
    {
      "name": "heartworms",
      "type": "OTHER",
      "metadata": {},
      "salience": 0.003597298,
      "mentions": [
        {
          "text": {
            "content": "heartworms",
            "beginOffset": -1
          },
          "type": "COMMON"
        }
      ]
    },
    {
      "name": "adopter",
      "type": "PERSON",
      "metadata": {},
      "salience": 0.0032936616,
      "mentions": [
        {
          "text": {
            "content": "adopter",
            "beginOffset": -1
          },
          "type": "COMMON"
        }
      ]
    },
    {
      "name": "weight",
      "type": "OTHER",
      "metadata": {},
      "salience": 0.0031488207,
      "mentions": [
        {
          "text": {
            "content": "weight",
            "beginOffset": -1
          },
          "type": "COMMON"
        }
      ]
    },
    {
      "name": "kitten kibbles",
      "type": "OTHER",
      "metadata": {},
      "salience": 0.0031401925,
      "mentions": [
        {
          "text": {
            "content": "kitten kibbles",
            "beginOffset": -1
          },
          "type": "COMMON"
        }
      ]
    },
    {
      "name": "liquid supplement",
      "type": "OTHER",
      "metadata": {},
      "salience": 0.00313316,
      "mentions": [
        {
          "text": {
            "content": "liquid supplement",
            "beginOffset": -1
          },
          "type": "COMMON"
        }
      ]
    },
    {
      "name": "development",
      "type": "OTHER",
      "metadata": {},
      "salience": 0.00313316,
      "mentions": [
        {
          "text": {
            "content": "development",
            "beginOffset": -1
          },
          "type": "COMMON"
        }
      ]
    },
    {
      "name": "adopter",
      "type": "OTHER",
      "metadata": {},
      "salience": 0.0030197601,
      "mentions": [
        {
          "text": {
            "content": "adopter",
            "beginOffset": -1
          },
          "type": "COMMON"
        }
      ]
    },
    {
      "name": "water",
      "type": "OTHER",
      "metadata": {},
      "salience": 0.0030147687,
      "mentions": [
        {
          "text": {
            "content": "water",
            "beginOffset": -1
          },
          "type": "COMMON"
        }
      ]
    },
    {
      "name": "health",
      "type": "OTHER",
      "metadata": {},
      "salience": 0.0028280665,
      "mentions": [
        {
          "text": {
            "content": "health",
            "beginOffset": -1
          },
          "type": "COMMON"
        }
      ]
    },
    {
      "name": "bowel health",
      "type": "OTHER",
      "metadata": {},
      "salience": 0.0028193386,
      "mentions": [
        {
          "text": {
            "content": "bowel health",
            "beginOffset": -1
          },
          "type": "COMMON"
        }
      ]
    },
    {
      "name": "health",
      "type": "OTHER",
      "metadata": {},
      "salience": 0.0028193386,
      "mentions": [
        {
          "text": {
            "content": "health",
            "beginOffset": -1
          },
          "type": "COMMON"
        }
      ]
    },
    {
      "name": "message",
      "type": "OTHER",
      "metadata": {},
      "salience": 0.0027888368,
      "mentions": [
        {
          "text": {
            "content": "message",
            "beginOffset": -1
          },
          "type": "COMMON"
        }
      ]
    },
    {
      "name": "adopter",
      "type": "OTHER",
      "metadata": {},
      "salience": 0.0027238466,
      "mentions": [
        {
          "text": {
            "content": "adopter",
            "beginOffset": -1
          },
          "type": "COMMON"
        }
      ]
    },
    {
      "name": "premium litter",
      "type": "CONSUMER_GOOD",
      "metadata": {},
      "salience": 0.0026615055,
      "mentions": [
        {
          "text": {
            "content": "premium litter",
            "beginOffset": -1
          },
          "type": "COMMON"
        }
      ]
    },
    {
      "name": "water",
      "type": "OTHER",
      "metadata": {},
      "salience": 0.0026332906,
      "mentions": [
        {
          "text": {
            "content": "water",
            "beginOffset": -1
          },
          "type": "COMMON"
        }
      ]
    },
    {
      "name": "fur",
      "type": "OTHER",
      "metadata": {},
      "salience": 0.0025516362,
      "mentions": [
        {
          "text": {
            "content": "fur",
            "beginOffset": -1
          },
          "type": "COMMON"
        }
      ]
    },
    {
      "name": "behaviour",
      "type": "OTHER",
      "metadata": {},
      "salience": 0.0025468024,
      "mentions": [
        {
          "text": {
            "content": "behaviour",
            "beginOffset": -1
          },
          "type": "COMMON"
        }
      ]
    },
    {
      "name": "cost",
      "type": "OTHER",
      "metadata": {},
      "salience": 0.0024131,
      "mentions": [
        {
          "text": {
            "content": "cost",
            "beginOffset": -1
          },
          "type": "COMMON"
        }
      ]
    },
    {
      "name": "booster vaccination",
      "type": "OTHER",
      "metadata": {},
      "salience": 0.0024131,
      "mentions": [
        {
          "text": {
            "content": "booster vaccination",
            "beginOffset": -1
          },
          "type": "COMMON"
        }
      ]
    },
    {
      "name": "life",
      "type": "OTHER",
      "metadata": {},
      "salience": 0.002109663,
      "mentions": [
        {
          "text": {
            "content": "life",
            "beginOffset": -1
          },
          "type": "COMMON"
        }
      ]
    },
    {
      "name": "litter box",
      "type": "OTHER",
      "metadata": {},
      "salience": 0.0021061997,
      "mentions": [
        {
          "text": {
            "content": "litter box",
            "beginOffset": -1
          },
          "type": "COMMON"
        }
      ]
    },
    {
      "name": "ears",
      "type": "OTHER",
      "metadata": {},
      "salience": 0.002100425,
      "mentions": [
        {
          "text": {
            "content": "ears",
            "beginOffset": -1
          },
          "type": "COMMON"
        }
      ]
    },
    {
      "name": "saline solution",
      "type": "OTHER",
      "metadata": {},
      "salience": 0.002100425,
      "mentions": [
        {
          "text": {
            "content": "saline solution",
            "beginOffset": -1
          },
          "type": "COMMON"
        }
      ]
    },
    {
      "name": "noses",
      "type": "OTHER",
      "metadata": {},
      "salience": 0.002100425,
      "mentions": [
        {
          "text": {
            "content": "noses",
            "beginOffset": -1
          },
          "type": "COMMON"
        }
      ]
    },
    {
      "name": "eyes",
      "type": "OTHER",
      "metadata": {},
      "salience": 0.002100425,
      "mentions": [
        {
          "text": {
            "content": "eyes",
            "beginOffset": -1
          },
          "type": "COMMON"
        }
      ]
    },
    {
      "name": "nails",
      "type": "OTHER",
      "metadata": {},
      "salience": 0.0020979634,
      "mentions": [
        {
          "text": {
            "content": "nails",
            "beginOffset": -1
          },
          "type": "COMMON"
        }
      ]
    },
    {
      "name": "Malaysian",
      "type": "LOCATION",
      "metadata": {},
      "salience": 0.0020805735,
      "mentions": [
        {
          "text": {
            "content": "Malaysian",
            "beginOffset": -1
          },
          "type": "PROPER"
        },
        {
          "text": {
            "content": "Malaysian",
            "beginOffset": -1
          },
          "type": "PROPER"
        }
      ]
    },
    {
      "name": "RM",
      "type": "LOCATION",
      "metadata": {},
      "salience": 0.0020103035,
      "mentions": [
        {
          "text": {
            "content": "RM",
            "beginOffset": -1
          },
          "type": "PROPER"
        },
        {
          "text": {
            "content": "RM",
            "beginOffset": -1
          },
          "type": "PROPER"
        }
      ]
    },
    {
      "name": "landlord",
      "type": "PERSON",
      "metadata": {},
      "salience": 0.0019997177,
      "mentions": [
        {
          "text": {
            "content": "landlord",
            "beginOffset": -1
          },
          "type": "COMMON"
        }
      ]
    },
    {
      "name": "conditions",
      "type": "OTHER",
      "metadata": {},
      "salience": 0.0019396939,
      "mentions": [
        {
          "text": {
            "content": "conditions",
            "beginOffset": -1
          },
          "type": "COMMON"
        }
      ]
    },
    {
      "name": "home country",
      "type": "LOCATION",
      "metadata": {},
      "salience": 0.0019382475,
      "mentions": [
        {
          "text": {
            "content": "home country",
            "beginOffset": -1
          },
          "type": "COMMON"
        }
      ]
    },
    {
      "name": "home surroundings",
      "type": "OTHER",
      "metadata": {},
      "salience": 0.0019355966,
      "mentions": [
        {
          "text": {
            "content": "home surroundings",
            "beginOffset": -1
          },
          "type": "COMMON"
        }
      ]
    },
    {
      "name": "cat cage",
      "type": "OTHER",
      "metadata": {},
      "salience": 0.0019119248,
      "mentions": [
        {
          "text": {
            "content": "cat cage",
            "beginOffset": -1
          },
          "type": "COMMON"
        }
      ]
    },
    {
      "name": "updates",
      "type": "OTHER",
      "metadata": {},
      "salience": 0.0018591564,
      "mentions": [
        {
          "text": {
            "content": "updates",
            "beginOffset": -1
          },
          "type": "COMMON"
        }
      ]
    },
    {
      "name": "Evo",
      "type": "PERSON",
      "metadata": {},
      "salience": 0.0018562449,
      "mentions": [
        {
          "text": {
            "content": "Evo",
            "beginOffset": -1
          },
          "type": "PROPER"
        }
      ]
    },
    {
      "name": "DMG",
      "type": "ORGANIZATION",
      "metadata": {},
      "salience": 0.001852085,
      "mentions": [
        {
          "text": {
            "content": "DMG",
            "beginOffset": -1
          },
          "type": "PROPER"
        }
      ]
    },
    {
      "name": "Vetri",
      "type": "PERSON",
      "metadata": {},
      "salience": 0.001852085,
      "mentions": [
        {
          "text": {
            "content": "Vetri",
            "beginOffset": -1
          },
          "type": "PROPER"
        }
      ]
    },
    {
      "name": "adoption fee",
      "type": "OTHER",
      "metadata": {},
      "salience": 0.0018153576,
      "mentions": [
        {
          "text": {
            "content": "adoption fee",
            "beginOffset": -1
          },
          "type": "COMMON"
        }
      ]
    },
    {
      "name": "reduction",
      "type": "EVENT",
      "metadata": {},
      "salience": 0.0017926734,
      "mentions": [
        {
          "text": {
            "content": "reduction",
            "beginOffset": -1
          },
          "type": "COMMON"
        }
      ]
    },
    {
      "name": "adoption fee",
      "type": "OTHER",
      "metadata": {},
      "salience": 0.0016306092,
      "mentions": [
        {
          "text": {
            "content": "adoption fee",
            "beginOffset": -1
          },
          "type": "COMMON"
        }
      ]
    },
    {
      "name": "assurances",
      "type": "OTHER",
      "metadata": {},
      "salience": 0.0014785167,
      "mentions": [
        {
          "text": {
            "content": "assurances",
            "beginOffset": -1
          },
          "type": "COMMON"
        }
      ]
    },
    {
      "name": "adoption fee",
      "type": "OTHER",
      "metadata": {},
      "salience": 0.0013517876,
      "mentions": [
        {
          "text": {
            "content": "adoption fee",
            "beginOffset": -1
          },
          "type": "COMMON"
        }
      ]
    },
    {
      "name": "Catit",
      "type": "ORGANIZATION",
      "metadata": {
        "mid": "/g/11c3ts7w6x"
      },
      "salience": 0.0012447365,
      "mentions": [
        {
          "text": {
            "content": "Catit",
            "beginOffset": -1
          },
          "type": "PROPER"
        }
      ]
    },
    {
      "name": "Ilium Oticlean",
      "type": "OTHER",
      "metadata": {},
      "salience": 0.0012413221,
      "mentions": [
        {
          "text": {
            "content": "Ilium Oticlean",
            "beginOffset": -1
          },
          "type": "PROPER"
        }
      ]
    },
    {
      "name": "pets",
      "type": "OTHER",
      "metadata": {},
      "salience": 0.0011570035,
      "mentions": [
        {
          "text": {
            "content": "pets",
            "beginOffset": -1
          },
          "type": "COMMON"
        }
      ]
    },
    {
      "name": "pets",
      "type": "OTHER",
      "metadata": {},
      "salience": 0.0011564856,
      "mentions": [
        {
          "text": {
            "content": "pets",
            "beginOffset": -1
          },
          "type": "COMMON"
        }
      ]
    },
    {
      "name": "expatriate",
      "type": "OTHER",
      "metadata": {},
      "salience": 0.0010166543,
      "mentions": [
        {
          "text": {
            "content": "expatriate",
            "beginOffset": -1
          },
          "type": "COMMON"
        }
      ]
    },
    {
      "name": "place",
      "type": "OTHER",
      "metadata": {},
      "salience": 0.001016182,
      "mentions": [
        {
          "text": {
            "content": "place",
            "beginOffset": -1
          },
          "type": "COMMON"
        }
      ]
    },
    {
      "name": "student",
      "type": "PERSON",
      "metadata": {},
      "salience": 0.001016182,
      "mentions": [
        {
          "text": {
            "content": "student",
            "beginOffset": -1
          },
          "type": "COMMON"
        }
      ]
    },
    {
      "name": "cat ownership experience",
      "type": "OTHER",
      "metadata": {},
      "salience": 0.0010157272,
      "mentions": [
        {
          "text": {
            "content": "cat ownership experience",
            "beginOffset": -1
          },
          "type": "COMMON"
        }
      ]
    },
    {
      "name": "family",
      "type": "PERSON",
      "metadata": {},
      "salience": 0.0010157272,
      "mentions": [
        {
          "text": {
            "content": "family",
            "beginOffset": -1
          },
          "type": "COMMON"
        }
      ]
    },
    {
      "name": "friends",
      "type": "PERSON",
      "metadata": {},
      "salience": 0.0010157272,
      "mentions": [
        {
          "text": {
            "content": "friends",
            "beginOffset": -1
          },
          "type": "COMMON"
        }
      ]
    },
    {
      "name": "e-mail",
      "type": "OTHER",
      "metadata": {},
      "salience": 0.0010152884,
      "mentions": [
        {
          "text": {
            "content": "e-mail",
            "beginOffset": -1
          },
          "type": "COMMON"
        }
      ]
    },
    {
      "name": "sms",
      "type": "OTHER",
      "metadata": {},
      "salience": 0.0010152884,
      "mentions": [
        {
          "text": {
            "content": "sms",
            "beginOffset": -1
          },
          "type": "COMMON"
        }
      ]
    },
    {
      "name": "Facebook",
      "type": "OTHER",
      "metadata": {
        "mid": "/m/02y1vz",
        "wikipedia_url": "https://en.wikipedia.org/wiki/Facebook"
      },
      "salience": 0.00085888174,
      "mentions": [
        {
          "text": {
            "content": "Facebook",
            "beginOffset": -1
          },
          "type": "PROPER"
        }
      ]
    },
    {
      "name": "petfinder.my",
      "type": "OTHER",
      "metadata": {},
      "salience": 0.0008584671,
      "mentions": [
        {
          "text": {
            "content": "petfinder.my",
            "beginOffset": -1
          },
          "type": "PROPER"
        }
      ]
    },
    {
      "name": "phone number",
      "type": "OTHER",
      "metadata": {},
      "salience": 0.00077437994,
      "mentions": [
        {
          "text": {
            "content": "phone number",
            "beginOffset": -1
          },
          "type": "COMMON"
        }
      ]
    },
    {
      "name": "fleas",
      "type": "OTHER",
      "metadata": {},
      "salience": 0.0007265163,
      "mentions": [
        {
          "text": {
            "content": "fleas",
            "beginOffset": -1
          },
          "type": "COMMON"
        }
      ]
    },
    {
      "name": "ear mites",
      "type": "OTHER",
      "metadata": {},
      "salience": 0.0007265163,
      "mentions": [
        {
          "text": {
            "content": "ear mites",
            "beginOffset": -1
          },
          "type": "COMMON"
        }
      ]
    },
    {
      "name": "worms",
      "type": "OTHER",
      "metadata": {},
      "salience": 0.0007265163,
      "mentions": [
        {
          "text": {
            "content": "worms",
            "beginOffset": -1
          },
          "type": "COMMON"
        }
      ]
    },
    {
      "name": "diseases",
      "type": "OTHER",
      "metadata": {},
      "salience": 0.00063843763,
      "mentions": [
        {
          "text": {
            "content": "diseases",
            "beginOffset": -1
          },
          "type": "COMMON"
        }
      ]
    },
    {
      "name": "medication",
      "type": "OTHER",
      "metadata": {},
      "salience": 0.00063807203,
      "mentions": [
        {
          "text": {
            "content": "medication",
            "beginOffset": -1
          },
          "type": "COMMON"
        }
      ]
    },
    {
      "name": "ticks",
      "type": "OTHER",
      "metadata": {},
      "salience": 0.00063807203,
      "mentions": [
        {
          "text": {
            "content": "ticks",
            "beginOffset": -1
          },
          "type": "COMMON"
        }
      ]
    },
    {
      "name": "furkid",
      "type": "OTHER",
      "metadata": {},
      "salience": 0.00063772284,
      "mentions": [
        {
          "text": {
            "content": "furkid",
            "beginOffset": -1
          },
          "type": "COMMON"
        }
      ]
    },
    {
      "name": "vaccination cost",
      "type": "OTHER",
      "metadata": {},
      "salience": 0.00044944248,
      "mentions": [
        {
          "text": {
            "content": "vaccination cost",
            "beginOffset": -1
          },
          "type": "COMMON"
        }
      ]
    }
  ],
  "documentSentiment": {
    "magnitude": 10.6,
    "score": 0.2
  },
  "language": "en",
  "categories": []
}
