{
  "sentences": [
    {
      "text": {
        "content": "Super hyperactive and behaves like a thug.",
        "beginOffset": -1
      },
      "sentiment": {
        "magnitude": 0.5,
        "score": 0.5
      }
    },
    {
      "text": {
        "content": "Definitely a cutie to put a smile on your face",
        "beginOffset": -1
      },
      "sentiment": {
        "magnitude": 0.8,
        "score": 0.8
      }
    }
  ],
  "tokens": [],
  "entities": [
    {
      "name": "thug",
      "type": "PERSON",
      "metadata": {},
      "salience": 0.4822117,
      "mentions": [
        {
          "text": {
            "content": "thug",
            "beginOffset": -1
          },
          "type": "COMMON"
        }
      ]
    },
    {
      "name": "cutie",
      "type": "OTHER",
      "metadata": {},
      "salience": 0.22533369,
      "mentions": [
        {
          "text": {
            "content": "cutie",
            "beginOffset": -1
          },
          "type": "COMMON"
        }
      ]
    },
    {
      "name": "smile",
      "type": "OTHER",
      "metadata": {},
      "salience": 0.17142329,
      "mentions": [
        {
          "text": {
            "content": "smile",
            "beginOffset": -1
          },
          "type": "COMMON"
        }
      ]
    },
    {
      "name": "face",
      "type": "OTHER",
      "metadata": {},
      "salience": 0.12103132,
      "mentions": [
        {
          "text": {
            "content": "face",
            "beginOffset": -1
          },
          "type": "COMMON"
        }
      ]
    }
  ],
  "documentSentiment": {
    "magnitude": 1.4,
    "score": 0.7
  },
  "language": "en",
  "categories": []
}
