{
  "sentences": [
    {
      "text": {
        "content": "i have to let go my 4 babies as my family are busy with studies and works.",
        "beginOffset": -1
      },
      "sentiment": {
        "magnitude": 0.6,
        "score": 0.6
      }
    },
    {
      "text": {
        "content": "we afraid we could not give them enough attention and love.",
        "beginOffset": -1
      },
      "sentiment": {
        "magnitude": 0.6,
        "score": 0.6
      }
    },
    {
      "text": {
        "content": "they are familiar with blackwood and iams daily vitamin kitzyme dotty must be adopted with tigger while felix must be adopted together with kaka because they are 2 couples with same colour but different pattern.",
        "beginOffset": -1
      },
      "sentiment": {
        "magnitude": 0.3,
        "score": -0.3
      }
    },
    {
      "text": {
        "content": "hope i could let them to those who could love and care them more than we do now.",
        "beginOffset": -1
      },
      "sentiment": {
        "magnitude": 0.8,
        "score": 0.8
      }
    },
    {
      "text": {
        "content": "the babies are now in tanjong karang, selangor please contact",
        "beginOffset": -1
      },
      "sentiment": {
        "magnitude": 0,
        "score": 0
      }
    }
  ],
  "tokens": [],
  "entities": [
    {
      "name": "babies",
      "type": "PERSON",
      "metadata": {},
      "salience": 0.2581802,
      "mentions": [
        {
          "text": {
            "content": "babies",
            "beginOffset": -1
          },
          "type": "COMMON"
        }
      ]
    },
    {
      "name": "family",
      "type": "PERSON",
      "metadata": {},
      "salience": 0.22317258,
      "mentions": [
        {
          "text": {
            "content": "family",
            "beginOffset": -1
          },
          "type": "COMMON"
        }
      ]
    },
    {
      "name": "couples",
      "type": "PERSON",
      "metadata": {},
      "salience": 0.09560556,
      "mentions": [
        {
          "text": {
            "content": "couples",
            "beginOffset": -1
          },
          "type": "COMMON"
        }
      ]
    },
    {
      "name": "studies",
      "type": "OTHER",
      "metadata": {},
      "salience": 0.08932981,
      "mentions": [
        {
          "text": {
            "content": "studies",
            "beginOffset": -1
          },
          "type": "COMMON"
        }
      ]
    },
    {
      "name": "works",
      "type": "WORK_OF_ART",
      "metadata": {},
      "salience": 0.08932981,
      "mentions": [
        {
          "text": {
            "content": "works",
            "beginOffset": -1
          },
          "type": "COMMON"
        }
      ]
    },
    {
      "name": "kitzyme dotty",
      "type": "OTHER",
      "metadata": {},
      "salience": 0.029504118,
      "mentions": [
        {
          "text": {
            "content": "kitzyme dotty",
            "beginOffset": -1
          },
          "type": "COMMON"
        }
      ]
    },
    {
      "name": "vitamin",
      "type": "OTHER",
      "metadata": {},
      "salience": 0.029504118,
      "mentions": [
        {
          "text": {
            "content": "vitamin",
            "beginOffset": -1
          },
          "type": "COMMON"
        }
      ]
    },
    {
      "name": "tigger",
      "type": "OTHER",
      "metadata": {},
      "salience": 0.029504118,
      "mentions": [
        {
          "text": {
            "content": "tigger",
            "beginOffset": -1
          },
          "type": "COMMON"
        }
      ]
    },
    {
      "name": "love",
      "type": "OTHER",
      "metadata": {},
      "salience": 0.029290326,
      "mentions": [
        {
          "text": {
            "content": "love",
            "beginOffset": -1
          },
          "type": "COMMON"
        }
      ]
    },
    {
      "name": "blackwood",
      "type": "OTHER",
      "metadata": {},
      "salience": 0.029145405,
      "mentions": [
        {
          "text": {
            "content": "blackwood",
            "beginOffset": -1
          },
          "type": "COMMON"
        }
      ]
    },
    {
      "name": "kaka",
      "type": "PERSON",
      "metadata": {},
      "salience": 0.02708229,
      "mentions": [
        {
          "text": {
            "content": "kaka",
            "beginOffset": -1
          },
          "type": "COMMON"
        }
      ]
    },
    {
      "name": "attention",
      "type": "OTHER",
      "metadata": {},
      "salience": 0.022374135,
      "mentions": [
        {
          "text": {
            "content": "attention",
            "beginOffset": -1
          },
          "type": "COMMON"
        }
      ]
    },
    {
      "name": "babies",
      "type": "PERSON",
      "metadata": {},
      "salience": 0.015799088,
      "mentions": [
        {
          "text": {
            "content": "babies",
            "beginOffset": -1
          },
          "type": "COMMON"
        }
      ]
    },
    {
      "name": "tanjong karang",
      "type": "OTHER",
      "metadata": {},
      "salience": 0.014226456,
      "mentions": [
        {
          "text": {
            "content": "tanjong karang",
            "beginOffset": -1
          },
          "type": "COMMON"
        }
      ]
    },
    {
      "name": "colour",
      "type": "OTHER",
      "metadata": {},
      "salience": 0.008975996,
      "mentions": [
        {
          "text": {
            "content": "colour",
            "beginOffset": -1
          },
          "type": "COMMON"
        }
      ]
    },
    {
      "name": "pattern",
      "type": "OTHER",
      "metadata": {},
      "salience": 0.008975996,
      "mentions": [
        {
          "text": {
            "content": "pattern",
            "beginOffset": -1
          },
          "type": "COMMON"
        }
      ]
    }
  ],
  "documentSentiment": {
    "magnitude": 2.4,
    "score": 0.3
  },
  "language": "en",
  "categories": []
}
