{
  "sentences": [
    {
      "text": {
        "content": "Yogi Bear is an adorable puppy rescued off the streets.",
        "beginOffset": -1
      },
      "sentiment": {
        "magnitude": 0.8,
        "score": 0.8
      }
    },
    {
      "text": {
        "content": "She needs a loving and caring home.",
        "beginOffset": -1
      },
      "sentiment": {
        "magnitude": 0.9,
        "score": 0.9
      }
    },
    {
      "text": {
        "content": "Please call or whatsapp us at if you wish to adopt",
        "beginOffset": -1
      },
      "sentiment": {
        "magnitude": 0.2,
        "score": 0.2
      }
    }
  ],
  "tokens": [],
  "entities": [
    {
      "name": "Yogi Bear",
      "type": "OTHER",
      "metadata": {
        "mid": "/m/01h7l3",
        "wikipedia_url": "https://en.wikipedia.org/wiki/Yogi_Bear"
      },
      "salience": 0.8536785,
      "mentions": [
        {
          "text": {
            "content": "Yogi Bear",
            "beginOffset": -1
          },
          "type": "PROPER"
        },
        {
          "text": {
            "content": "puppy",
            "beginOffset": -1
          },
          "type": "COMMON"
        }
      ]
    },
    {
      "name": "streets",
      "type": "LOCATION",
      "metadata": {},
      "salience": 0.1048999,
      "mentions": [
        {
          "text": {
            "content": "streets",
            "beginOffset": -1
          },
          "type": "COMMON"
        }
      ]
    },
    {
      "name": "home",
      "type": "LOCATION",
      "metadata": {},
      "salience": 0.041421562,
      "mentions": [
        {
          "text": {
            "content": "home",
            "beginOffset": -1
          },
          "type": "COMMON"
        }
      ]
    }
  ],
  "documentSentiment": {
    "magnitude": 1.9,
    "score": 0.6
  },
  "language": "en",
  "categories": []
}
