{
  "sentences": [
    {
      "text": {
        "content": "There are 6 available pets from street dog.",
        "beginOffset": -1
      },
      "sentiment": {
        "magnitude": 0.1,
        "score": 0.1
      }
    },
    {
      "text": {
        "content": "There are different types of gender, fur and colours.",
        "beginOffset": -1
      },
      "sentiment": {
        "magnitude": 0.4,
        "score": 0.4
      }
    }
  ],
  "tokens": [],
  "entities": [
    {
      "name": "pets",
      "type": "OTHER",
      "metadata": {},
      "salience": 0.39125544,
      "mentions": [
        {
          "text": {
            "content": "pets",
            "beginOffset": -1
          },
          "type": "COMMON"
        }
      ]
    },
    {
      "name": "street dog",
      "type": "OTHER",
      "metadata": {},
      "salience": 0.2771551,
      "mentions": [
        {
          "text": {
            "content": "street dog",
            "beginOffset": -1
          },
          "type": "COMMON"
        }
      ]
    },
    {
      "name": "types",
      "type": "OTHER",
      "metadata": {},
      "salience": 0.12433219,
      "mentions": [
        {
          "text": {
            "content": "types",
            "beginOffset": -1
          },
          "type": "COMMON"
        }
      ]
    },
    {
      "name": "fur",
      "type": "OTHER",
      "metadata": {},
      "salience": 0.09654671,
      "mentions": [
        {
          "text": {
            "content": "fur",
            "beginOffset": -1
          },
          "type": "COMMON"
        }
      ]
    },
    {
      "name": "colours",
      "type": "OTHER",
      "metadata": {},
      "salience": 0.067944214,
      "mentions": [
        {
          "text": {
            "content": "colours",
            "beginOffset": -1
          },
          "type": "COMMON"
        }
      ]
    },
    {
      "name": "gender",
      "type": "OTHER",
      "metadata": {},
      "salience": 0.042766333,
      "mentions": [
        {
          "text": {
            "content": "gender",
            "beginOffset": -1
          },
          "type": "COMMON"
        }
      ]
    }
  ],
  "documentSentiment": {
    "magnitude": 0.5,
    "score": 0.2
  },
  "language": "en",
  "categories": []
}
