{
  "sentences": [
    {
      "text": {
        "content": "Looking for a new home...",
        "beginOffset": -1
      },
      "sentiment": {
        "magnitude": 0.3,
        "score": 0.3
      }
    },
    {
      "text": {
        "content": "Only serious Adopter..",
        "beginOffset": -1
      },
      "sentiment": {
        "magnitude": 0.2,
        "score": -0.2
      }
    },
    {
      "text": {
        "content": "You must take up her grooming packages together if you plan to adopt her.",
        "beginOffset": -1
      },
      "sentiment": {
        "magnitude": 0.1,
        "score": 0.1
      }
    },
    {
      "text": {
        "content": "Good Toy Poodle Breed - Potty trained and understand &quot;Sit&quot; command.",
        "beginOffset": -1
      },
      "sentiment": {
        "magnitude": 0.8,
        "score": 0.8
      }
    },
    {
      "text": {
        "content": "Still teaching her some new tricks..",
        "beginOffset": -1
      },
      "sentiment": {
        "magnitude": 0.5,
        "score": 0.5
      }
    },
    {
      "text": {
        "content": "Healthy, active, elegant and athletic, moving with a light, springy gait.",
        "beginOffset": -1
      },
      "sentiment": {
        "magnitude": 0.9,
        "score": 0.9
      }
    },
    {
      "text": {
        "content": "Build for the breed is &quot;square&quot;, which means their legs are long enough that their height is approximately equal to their length.",
        "beginOffset": -1
      },
      "sentiment": {
        "magnitude": 0,
        "score": 0
      }
    }
  ],
  "tokens": [],
  "entities": [
    {
      "name": "home",
      "type": "LOCATION",
      "metadata": {},
      "salience": 0.37588385,
      "mentions": [
        {
          "text": {
            "content": "home",
            "beginOffset": -1
          },
          "type": "COMMON"
        }
      ]
    },
    {
      "name": "Adopter",
      "type": "OTHER",
      "metadata": {},
      "salience": 0.18761872,
      "mentions": [
        {
          "text": {
            "content": "Adopter",
            "beginOffset": -1
          },
          "type": "COMMON"
        }
      ]
    },
    {
      "name": "Potty",
      "type": "OTHER",
      "metadata": {},
      "salience": 0.108357914,
      "mentions": [
        {
          "text": {
            "content": "Potty",
            "beginOffset": -1
          },
          "type": "PROPER"
        },
        {
          "text": {
            "content": "Toy Poodle",
            "beginOffset": -1
          },
          "type": "COMMON"
        }
      ]
    },
    {
      "name": "grooming packages",
      "type": "OTHER",
      "metadata": {},
      "salience": 0.08257105,
      "mentions": [
        {
          "text": {
            "content": "grooming packages",
            "beginOffset": -1
          },
          "type": "COMMON"
        }
      ]
    },
    {
      "name": "command",
      "type": "OTHER",
      "metadata": {},
      "salience": 0.049381107,
      "mentions": [
        {
          "text": {
            "content": "command",
            "beginOffset": -1
          },
          "type": "COMMON"
        }
      ]
    },
    {
      "name": "tricks",
      "type": "OTHER",
      "metadata": {},
      "salience": 0.04924691,
      "mentions": [
        {
          "text": {
            "content": "tricks",
            "beginOffset": -1
          },
          "type": "COMMON"
        }
      ]
    },
    {
      "name": "legs",
      "type": "OTHER",
      "metadata": {},
      "salience": 0.033175282,
      "mentions": [
        {
          "text": {
            "content": "legs",
            "beginOffset": -1
          },
          "type": "COMMON"
        }
      ]
    },
    {
      "name": "Sit",
      "type": "OTHER",
      "metadata": {},
      "salience": 0.02928963,
      "mentions": [
        {
          "text": {
            "content": "Sit",
            "beginOffset": -1
          },
          "type": "PROPER"
        }
      ]
    },
    {
      "name": "height",
      "type": "OTHER",
      "metadata": {},
      "salience": 0.028643072,
      "mentions": [
        {
          "text": {
            "content": "height",
            "beginOffset": -1
          },
          "type": "COMMON"
        }
      ]
    },
    {
      "name": "length",
      "type": "OTHER",
      "metadata": {},
      "salience": 0.023834147,
      "mentions": [
        {
          "text": {
            "content": "length",
            "beginOffset": -1
          },
          "type": "COMMON"
        }
      ]
    },
    {
      "name": "breed",
      "type": "OTHER",
      "metadata": {},
      "salience": 0.017018082,
      "mentions": [
        {
          "text": {
            "content": "breed",
            "beginOffset": -1
          },
          "type": "COMMON"
        }
      ]
    },
    {
      "name": "gait",
      "type": "OTHER",
      "metadata": {},
      "salience": 0.014980222,
      "mentions": [
        {
          "text": {
            "content": "gait",
            "beginOffset": -1
          },
          "type": "COMMON"
        }
      ]
    }
  ],
  "documentSentiment": {
    "magnitude": 3.1,
    "score": 0.3
  },
  "language": "en",
  "categories": []
}
