{
  "sentences": [
    {
      "text": {
        "content": "3 weeks ago, my friend rescued 7 kittens at Shah Alam. 3 had mange, 1 was very weak and thin which I had the feeling he will not made it.",
        "beginOffset": -1
      },
      "sentiment": {
        "magnitude": 0.7,
        "score": -0.7
      }
    },
    {
      "text": {
        "content": "It's true.",
        "beginOffset": -1
      },
      "sentiment": {
        "magnitude": 0.1,
        "score": 0.1
      }
    },
    {
      "text": {
        "content": "2 days later, he died.",
        "beginOffset": -1
      },
      "sentiment": {
        "magnitude": 0,
        "score": 0
      }
    },
    {
      "text": {
        "content": "Four days later, another two are ready for adoption.",
        "beginOffset": -1
      },
      "sentiment": {
        "magnitude": 0,
        "score": 0
      }
    },
    {
      "text": {
        "content": "Lilly is a playful and gentle girl.",
        "beginOffset": -1
      },
      "sentiment": {
        "magnitude": 0.8,
        "score": 0.8
      }
    },
    {
      "text": {
        "content": "Very loving and friendly",
        "beginOffset": -1
      },
      "sentiment": {
        "magnitude": 0.9,
        "score": 0.9
      }
    }
  ],
  "tokens": [],
  "entities": [
    {
      "name": "friend",
      "type": "PERSON",
      "metadata": {},
      "salience": 0.47930375,
      "mentions": [
        {
          "text": {
            "content": "friend",
            "beginOffset": -1
          },
          "type": "COMMON"
        }
      ]
    },
    {
      "name": "kittens",
      "type": "PERSON",
      "metadata": {},
      "salience": 0.22560206,
      "mentions": [
        {
          "text": {
            "content": "kittens",
            "beginOffset": -1
          },
          "type": "COMMON"
        }
      ]
    },
    {
      "name": "mange",
      "type": "OTHER",
      "metadata": {},
      "salience": 0.09110922,
      "mentions": [
        {
          "text": {
            "content": "mange",
            "beginOffset": -1
          },
          "type": "COMMON"
        }
      ]
    },
    {
      "name": "feeling",
      "type": "OTHER",
      "metadata": {},
      "salience": 0.06302473,
      "mentions": [
        {
          "text": {
            "content": "feeling",
            "beginOffset": -1
          },
          "type": "COMMON"
        }
      ]
    },
    {
      "name": "Lilly",
      "type": "PERSON",
      "metadata": {},
      "salience": 0.056024294,
      "mentions": [
        {
          "text": {
            "content": "Lilly",
            "beginOffset": -1
          },
          "type": "PROPER"
        },
        {
          "text": {
            "content": "girl",
            "beginOffset": -1
          },
          "type": "COMMON"
        }
      ]
    },
    {
      "name": "Shah Alam. 3",
      "type": "ORGANIZATION",
      "metadata": {},
      "salience": 0.054753654,
      "mentions": [
        {
          "text": {
            "content": "Shah Alam. 3",
            "beginOffset": -1
          },
          "type": "PROPER"
        }
      ]
    },
    {
      "name": "adoption",
      "type": "OTHER",
      "metadata": {},
      "salience": 0.021109207,
      "mentions": [
        {
          "text": {
            "content": "adoption",
            "beginOffset": -1
          },
          "type": "COMMON"
        }
      ]
    },
    {
      "name": "two",
      "type": "PERSON",
      "metadata": {},
      "salience": 0.009073066,
      "mentions": [
        {
          "text": {
            "content": "two",
            "beginOffset": -1
          },
          "type": "COMMON"
        }
      ]
    }
  ],
  "documentSentiment": {
    "magnitude": 2.7,
    "score": 0.2
  },
  "language": "en",
  "categories": []
}
