{
  "sentences": [
    {
      "text": {
        "content": "Girl girl 2 months, white color ,female.",
        "beginOffset": -1
      },
      "sentiment": {
        "magnitude": 0,
        "score": 0
      }
    },
    {
      "text": {
        "content": "Anyone want rescue can contact me.",
        "beginOffset": -1
      },
      "sentiment": {
        "magnitude": 0,
        "score": 0
      }
    },
    {
      "text": {
        "content": "She cute and nicely.",
        "beginOffset": -1
      },
      "sentiment": {
        "magnitude": 0.8,
        "score": 0.8
      }
    }
  ],
  "tokens": [],
  "entities": [
    {
      "name": "Girl girl",
      "type": "PERSON",
      "metadata": {},
      "salience": 0.6142003,
      "mentions": [
        {
          "text": {
            "content": "Girl girl",
            "beginOffset": -1
          },
          "type": "PROPER"
        },
        {
          "text": {
            "content": "female",
            "beginOffset": -1
          },
          "type": "COMMON"
        }
      ]
    },
    {
      "name": "Anyone",
      "type": "PERSON",
      "metadata": {},
      "salience": 0.19105494,
      "mentions": [
        {
          "text": {
            "content": "Anyone",
            "beginOffset": -1
          },
          "type": "COMMON"
        }
      ]
    },
    {
      "name": "color",
      "type": "OTHER",
      "metadata": {},
      "salience": 0.116827875,
      "mentions": [
        {
          "text": {
            "content": "color",
            "beginOffset": -1
          },
          "type": "COMMON"
        }
      ]
    },
    {
      "name": "rescue",
      "type": "OTHER",
      "metadata": {},
      "salience": 0.07791689,
      "mentions": [
        {
          "text": {
            "content": "rescue",
            "beginOffset": -1
          },
          "type": "COMMON"
        }
      ]
    }
  ],
  "documentSentiment": {
    "magnitude": 0.9,
    "score": 0.3
  },
  "language": "en",
  "categories": []
}
