{
  "sentences": [
    {
      "text": {
        "content": "Fluffy kitten looking for home, 3 of his siblings die not long after birth, he is the only kitten to survive, his mom is a stray cat.",
        "beginOffset": -1
      },
      "sentiment": {
        "magnitude": 0.5,
        "score": 0.5
      }
    }
  ],
  "tokens": [],
  "entities": [
    {
      "name": "kitten",
      "type": "PERSON",
      "metadata": {},
      "salience": 0.76428443,
      "mentions": [
        {
          "text": {
            "content": "kitten",
            "beginOffset": -1
          },
          "type": "COMMON"
        },
        {
          "text": {
            "content": "kitten",
            "beginOffset": -1
          },
          "type": "COMMON"
        }
      ]
    },
    {
      "name": "home",
      "type": "LOCATION",
      "metadata": {},
      "salience": 0.06914136,
      "mentions": [
        {
          "text": {
            "content": "home",
            "beginOffset": -1
          },
          "type": "COMMON"
        }
      ]
    },
    {
      "name": "birth",
      "type": "EVENT",
      "metadata": {},
      "salience": 0.048203252,
      "mentions": [
        {
          "text": {
            "content": "birth",
            "beginOffset": -1
          },
          "type": "COMMON"
        }
      ]
    },
    {
      "name": "siblings",
      "type": "PERSON",
      "metadata": {},
      "salience": 0.04763991,
      "mentions": [
        {
          "text": {
            "content": "siblings",
            "beginOffset": -1
          },
          "type": "COMMON"
        }
      ]
    },
    {
      "name": "mom",
      "type": "PERSON",
      "metadata": {},
      "salience": 0.04038403,
      "mentions": [
        {
          "text": {
            "content": "mom",
            "beginOffset": -1
          },
          "type": "COMMON"
        }
      ]
    },
    {
      "name": "cat",
      "type": "OTHER",
      "metadata": {},
      "salience": 0.030347014,
      "mentions": [
        {
          "text": {
            "content": "cat",
            "beginOffset": -1
          },
          "type": "COMMON"
        }
      ]
    }
  ],
  "documentSentiment": {
    "magnitude": 0.5,
    "score": 0.5
  },
  "language": "en",
  "categories": []
}
