{
  "sentences": [
    {
      "text": {
        "content": "Millie is a sweet little girl that deserves all our love.",
        "beginOffset": -1
      },
      "sentiment": {
        "magnitude": 0.9,
        "score": 0.9
      }
    },
    {
      "text": {
        "content": "She is playful, happy and certainly a great companion to elderly and young kids.",
        "beginOffset": -1
      },
      "sentiment": {
        "magnitude": 0.9,
        "score": 0.9
      }
    },
    {
      "text": {
        "content": "Here is our adoption requirement : a) Millie must be spayed when she reached her maturity b) Adopter must be an animal lover and preferably have experience in handling dog.",
        "beginOffset": -1
      },
      "sentiment": {
        "magnitude": 0.4,
        "score": 0.4
      }
    },
    {
      "text": {
        "content": "c) No long hour of caging or tied on leash.",
        "beginOffset": -1
      },
      "sentiment": {
        "magnitude": 0,
        "score": 0
      }
    },
    {
      "text": {
        "content": "d) Provide necessary medical needs (vaccinations, deworming, flea/tick/heartworm prevention etc.) e) Walk her regularly with plenty of exercise f) Provide progress update and add us on facebook g) This is a non-transferrable case.",
        "beginOffset": -1
      },
      "sentiment": {
        "magnitude": 0.4,
        "score": 0.4
      }
    },
    {
      "text": {
        "content": "If you wish to surrender Millie, please seek our permission as the dog's well-being is our utmost priority Please feel free to contact me for more details.",
        "beginOffset": -1
      },
      "sentiment": {
        "magnitude": 0.7,
        "score": 0.7
      }
    }
  ],
  "tokens": [],
  "entities": [
    {
      "name": "Millie",
      "type": "PERSON",
      "metadata": {},
      "salience": 0.7419104,
      "mentions": [
        {
          "text": {
            "content": "Millie",
            "beginOffset": -1
          },
          "type": "PROPER"
        },
        {
          "text": {
            "content": "girl",
            "beginOffset": -1
          },
          "type": "COMMON"
        },
        {
          "text": {
            "content": "companion",
            "beginOffset": -1
          },
          "type": "COMMON"
        },
        {
          "text": {
            "content": "Millie",
            "beginOffset": -1
          },
          "type": "PROPER"
        },
        {
          "text": {
            "content": "Millie",
            "beginOffset": -1
          },
          "type": "PROPER"
        }
      ]
    },
    {
      "name": "prevention",
      "type": "OTHER",
      "metadata": {},
      "salience": 0.059099343,
      "mentions": [
        {
          "text": {
            "content": "prevention",
            "beginOffset": -1
          },
          "type": "COMMON"
        },
        {
          "text": {
            "content": "case",
            "beginOffset": -1
          },
          "type": "COMMON"
        }
      ]
    },
    {
      "name": "love",
      "type": "OTHER",
      "metadata": {},
      "salience": 0.052886777,
      "mentions": [
        {
          "text": {
            "content": "love",
            "beginOffset": -1
          },
          "type": "COMMON"
        }
      ]
    },
    {
      "name": "animal lover",
      "type": "PERSON",
      "metadata": {},
      "salience": 0.03374466,
      "mentions": [
        {
          "text": {
            "content": "Adopter",
            "beginOffset": -1
          },
          "type": "COMMON"
        },
        {
          "text": {
            "content": "animal lover",
            "beginOffset": -1
          },
          "type": "COMMON"
        }
      ]
    },
    {
      "name": "well-being",
      "type": "OTHER",
      "metadata": {},
      "salience": 0.0147786895,
      "mentions": [
        {
          "text": {
            "content": "well-being",
            "beginOffset": -1
          },
          "type": "COMMON"
        },
        {
          "text": {
            "content": "priority",
            "beginOffset": -1
          },
          "type": "COMMON"
        }
      ]
    },
    {
      "name": "adoption requirement",
      "type": "OTHER",
      "metadata": {},
      "salience": 0.010414335,
      "mentions": [
        {
          "text": {
            "content": "adoption requirement",
            "beginOffset": -1
          },
          "type": "COMMON"
        }
      ]
    },
    {
      "name": "kids",
      "type": "PERSON",
      "metadata": {},
      "salience": 0.008712228,
      "mentions": [
        {
          "text": {
            "content": "kids",
            "beginOffset": -1
          },
          "type": "COMMON"
        }
      ]
    },
    {
      "name": "dog",
      "type": "OTHER",
      "metadata": {},
      "salience": 0.0062696165,
      "mentions": [
        {
          "text": {
            "content": "dog",
            "beginOffset": -1
          },
          "type": "COMMON"
        }
      ]
    },
    {
      "name": "caging",
      "type": "OTHER",
      "metadata": {},
      "salience": 0.0059091416,
      "mentions": [
        {
          "text": {
            "content": "caging",
            "beginOffset": -1
          },
          "type": "COMMON"
        }
      ]
    },
    {
      "name": "leash",
      "type": "OTHER",
      "metadata": {},
      "salience": 0.0059091416,
      "mentions": [
        {
          "text": {
            "content": "leash",
            "beginOffset": -1
          },
          "type": "COMMON"
        }
      ]
    },
    {
      "name": "maturity b",
      "type": "OTHER",
      "metadata": {},
      "salience": 0.0058577526,
      "mentions": [
        {
          "text": {
            "content": "maturity b",
            "beginOffset": -1
          },
          "type": "COMMON"
        }
      ]
    },
    {
      "name": "experience",
      "type": "OTHER",
      "metadata": {},
      "salience": 0.0057863584,
      "mentions": [
        {
          "text": {
            "content": "experience",
            "beginOffset": -1
          },
          "type": "COMMON"
        }
      ]
    },
    {
      "name": "deworming",
      "type": "OTHER",
      "metadata": {},
      "salience": 0.005408182,
      "mentions": [
        {
          "text": {
            "content": "deworming",
            "beginOffset": -1
          },
          "type": "COMMON"
        }
      ]
    },
    {
      "name": "tick",
      "type": "OTHER",
      "metadata": {},
      "salience": 0.005408182,
      "mentions": [
        {
          "text": {
            "content": "tick",
            "beginOffset": -1
          },
          "type": "COMMON"
        }
      ]
    },
    {
      "name": "heartworm",
      "type": "OTHER",
      "metadata": {},
      "salience": 0.005408182,
      "mentions": [
        {
          "text": {
            "content": "heartworm",
            "beginOffset": -1
          },
          "type": "COMMON"
        }
      ]
    },
    {
      "name": "flea",
      "type": "OTHER",
      "metadata": {},
      "salience": 0.005408182,
      "mentions": [
        {
          "text": {
            "content": "flea",
            "beginOffset": -1
          },
          "type": "COMMON"
        }
      ]
    },
    {
      "name": "vaccinations",
      "type": "OTHER",
      "metadata": {},
      "salience": 0.005408182,
      "mentions": [
        {
          "text": {
            "content": "vaccinations",
            "beginOffset": -1
          },
          "type": "COMMON"
        }
      ]
    },
    {
      "name": "dog",
      "type": "OTHER",
      "metadata": {},
      "salience": 0.0046311743,
      "mentions": [
        {
          "text": {
            "content": "dog",
            "beginOffset": -1
          },
          "type": "COMMON"
        }
      ]
    },
    {
      "name": "needs",
      "type": "OTHER",
      "metadata": {},
      "salience": 0.004128461,
      "mentions": [
        {
          "text": {
            "content": "needs",
            "beginOffset": -1
          },
          "type": "COMMON"
        }
      ]
    },
    {
      "name": "permission",
      "type": "OTHER",
      "metadata": {},
      "salience": 0.004068957,
      "mentions": [
        {
          "text": {
            "content": "permission",
            "beginOffset": -1
          },
          "type": "COMMON"
        }
      ]
    },
    {
      "name": "details",
      "type": "OTHER",
      "metadata": {},
      "salience": 0.0028493882,
      "mentions": [
        {
          "text": {
            "content": "details",
            "beginOffset": -1
          },
          "type": "COMMON"
        }
      ]
    },
    {
      "name": "plenty",
      "type": "OTHER",
      "metadata": {},
      "salience": 0.0017897584,
      "mentions": [
        {
          "text": {
            "content": "plenty",
            "beginOffset": -1
          },
          "type": "COMMON"
        }
      ]
    },
    {
      "name": "exercise f",
      "type": "OTHER",
      "metadata": {},
      "salience": 0.0017897584,
      "mentions": [
        {
          "text": {
            "content": "exercise f",
            "beginOffset": -1
          },
          "type": "COMMON"
        }
      ]
    },
    {
      "name": "progress update",
      "type": "OTHER",
      "metadata": {},
      "salience": 0.001365349,
      "mentions": [
        {
          "text": {
            "content": "progress update",
            "beginOffset": -1
          },
          "type": "COMMON"
        }
      ]
    },
    {
      "name": "facebook",
      "type": "OTHER",
      "metadata": {
        "mid": "/m/02y1vz",
        "wikipedia_url": "https://en.wikipedia.org/wiki/Facebook"
      },
      "salience": 0.0010578192,
      "mentions": [
        {
          "text": {
            "content": "facebook",
            "beginOffset": -1
          },
          "type": "PROPER"
        }
      ]
    }
  ],
  "documentSentiment": {
    "magnitude": 3.6,
    "score": 0.5
  },
  "language": "en",
  "categories": []
}
