{
  "sentences": [
    {
      "text": {
        "content": "Hi, I'm King.",
        "beginOffset": -1
      },
      "sentiment": {
        "magnitude": 0.2,
        "score": 0.2
      }
    },
    {
      "text": {
        "content": "DOB: Feb Adoption fee applies.",
        "beginOffset": -1
      },
      "sentiment": {
        "magnitude": 0,
        "score": 0
      }
    },
    {
      "text": {
        "content": "For adoption, kindly visit PAWS, PJ.",
        "beginOffset": -1
      },
      "sentiment": {
        "magnitude": 0.2,
        "score": 0.2
      }
    },
    {
      "text": {
        "content": "More info @ Fb page : Adoption Page - PAWS PJ There are a lot more at the shelter, do drop by to visit / volunteer.",
        "beginOffset": -1
      },
      "sentiment": {
        "magnitude": 0.1,
        "score": 0.1
      }
    }
  ],
  "tokens": [],
  "entities": [
    {
      "name": "King",
      "type": "PERSON",
      "metadata": {},
      "salience": 0.5110394,
      "mentions": [
        {
          "text": {
            "content": "King",
            "beginOffset": -1
          },
          "type": "COMMON"
        }
      ]
    },
    {
      "name": "Adoption Page",
      "type": "OTHER",
      "metadata": {},
      "salience": 0.14786635,
      "mentions": [
        {
          "text": {
            "content": "PAWS",
            "beginOffset": -1
          },
          "type": "PROPER"
        },
        {
          "text": {
            "content": "PAWS",
            "beginOffset": -1
          },
          "type": "COMMON"
        },
        {
          "text": {
            "content": "Adoption Page",
            "beginOffset": -1
          },
          "type": "PROPER"
        }
      ]
    },
    {
      "name": "DOB",
      "type": "ORGANIZATION",
      "metadata": {},
      "salience": 0.076333314,
      "mentions": [
        {
          "text": {
            "content": "DOB",
            "beginOffset": -1
          },
          "type": "PROPER"
        }
      ]
    },
    {
      "name": "@ Fb",
      "type": "OTHER",
      "metadata": {},
      "salience": 0.0757635,
      "mentions": [
        {
          "text": {
            "content": "page",
            "beginOffset": -1
          },
          "type": "COMMON"
        },
        {
          "text": {
            "content": "@ Fb",
            "beginOffset": -1
          },
          "type": "PROPER"
        }
      ]
    },
    {
      "name": "Adoption fee",
      "type": "OTHER",
      "metadata": {},
      "salience": 0.04658055,
      "mentions": [
        {
          "text": {
            "content": "Adoption fee",
            "beginOffset": -1
          },
          "type": "COMMON"
        }
      ]
    },
    {
      "name": "adoption",
      "type": "OTHER",
      "metadata": {},
      "salience": 0.03915605,
      "mentions": [
        {
          "text": {
            "content": "adoption",
            "beginOffset": -1
          },
          "type": "COMMON"
        }
      ]
    },
    {
      "name": "info",
      "type": "OTHER",
      "metadata": {},
      "salience": 0.030987713,
      "mentions": [
        {
          "text": {
            "content": "info",
            "beginOffset": -1
          },
          "type": "COMMON"
        }
      ]
    },
    {
      "name": "PJ There",
      "type": "PERSON",
      "metadata": {},
      "salience": 0.030239126,
      "mentions": [
        {
          "text": {
            "content": "PJ",
            "beginOffset": -1
          },
          "type": "PROPER"
        },
        {
          "text": {
            "content": "PJ There",
            "beginOffset": -1
          },
          "type": "PROPER"
        }
      ]
    },
    {
      "name": "shelter",
      "type": "LOCATION",
      "metadata": {},
      "salience": 0.022041557,
      "mentions": [
        {
          "text": {
            "content": "shelter",
            "beginOffset": -1
          },
          "type": "COMMON"
        }
      ]
    },
    {
      "name": "volunteer",
      "type": "OTHER",
      "metadata": {},
      "salience": 0.019992452,
      "mentions": [
        {
          "text": {
            "content": "volunteer",
            "beginOffset": -1
          },
          "type": "COMMON"
        }
      ]
    }
  ],
  "documentSentiment": {
    "magnitude": 0.6,
    "score": 0.1
  },
  "language": "en",
  "categories": []
}
