{
  "sentences": [
    {
      "text": {
        "content": "Hi, found this lil boy pup estimated abt 4 mths old near Dominos Pizza @ Damansara Jaya.",
        "beginOffset": -1
      },
      "sentiment": {
        "magnitude": 0.2,
        "score": 0.2
      }
    },
    {
      "text": {
        "content": "Vet gave him a clean bill of health except for an old fracture (healed) on it hind leg.",
        "beginOffset": -1
      },
      "sentiment": {
        "magnitude": 0.5,
        "score": 0.5
      }
    },
    {
      "text": {
        "content": "Dewormed, no ticks/fleas.",
        "beginOffset": -1
      },
      "sentiment": {
        "magnitude": 0.3,
        "score": -0.3
      }
    },
    {
      "text": {
        "content": "Happy active lil boy in need of fosterers/adopters or its owner (if any).",
        "beginOffset": -1
      },
      "sentiment": {
        "magnitude": 0.7,
        "score": 0.7
      }
    },
    {
      "text": {
        "content": "Just showered too! :D",
        "beginOffset": -1
      },
      "sentiment": {
        "magnitude": 0.4,
        "score": 0.4
      }
    }
  ],
  "tokens": [],
  "entities": [
    {
      "name": "lil boy pup",
      "type": "PERSON",
      "metadata": {},
      "salience": 0.33203512,
      "mentions": [
        {
          "text": {
            "content": "lil boy pup",
            "beginOffset": -1
          },
          "type": "COMMON"
        }
      ]
    },
    {
      "name": "bill",
      "type": "OTHER",
      "metadata": {},
      "salience": 0.15299626,
      "mentions": [
        {
          "text": {
            "content": "bill",
            "beginOffset": -1
          },
          "type": "COMMON"
        }
      ]
    },
    {
      "name": "need",
      "type": "OTHER",
      "metadata": {},
      "salience": 0.106334254,
      "mentions": [
        {
          "text": {
            "content": "need",
            "beginOffset": -1
          },
          "type": "COMMON"
        }
      ]
    },
    {
      "name": "Dominos Pizza @ Damansara Jaya",
      "type": "LOCATION",
      "metadata": {},
      "salience": 0.08019733,
      "mentions": [
        {
          "text": {
            "content": "Dominos Pizza @ Damansara Jaya",
            "beginOffset": -1
          },
          "type": "PROPER"
        }
      ]
    },
    {
      "name": "fracture",
      "type": "OTHER",
      "metadata": {},
      "salience": 0.04489505,
      "mentions": [
        {
          "text": {
            "content": "fracture",
            "beginOffset": -1
          },
          "type": "COMMON"
        }
      ]
    },
    {
      "name": "Vet",
      "type": "PERSON",
      "metadata": {},
      "salience": 0.044352584,
      "mentions": [
        {
          "text": {
            "content": "Vet",
            "beginOffset": -1
          },
          "type": "COMMON"
        }
      ]
    },
    {
      "name": "health",
      "type": "OTHER",
      "metadata": {},
      "salience": 0.044352584,
      "mentions": [
        {
          "text": {
            "content": "health",
            "beginOffset": -1
          },
          "type": "COMMON"
        }
      ]
    },
    {
      "name": "leg",
      "type": "OTHER",
      "metadata": {},
      "salience": 0.04123104,
      "mentions": [
        {
          "text": {
            "content": "leg",
            "beginOffset": -1
          },
          "type": "COMMON"
        }
      ]
    },
    {
      "name": "ticks",
      "type": "OTHER",
      "metadata": {},
      "salience": 0.041028097,
      "mentions": [
        {
          "text": {
            "content": "ticks",
            "beginOffset": -1
          },
          "type": "COMMON"
        }
      ]
    },
    {
      "name": "fosterers",
      "type": "PERSON",
      "metadata": {},
      "salience": 0.03088926,
      "mentions": [
        {
          "text": {
            "content": "fosterers",
            "beginOffset": -1
          },
          "type": "COMMON"
        }
      ]
    },
    {
      "name": "owner",
      "type": "PERSON",
      "metadata": {},
      "salience": 0.03088926,
      "mentions": [
        {
          "text": {
            "content": "owner",
            "beginOffset": -1
          },
          "type": "COMMON"
        }
      ]
    },
    {
      "name": "any",
      "type": "OTHER",
      "metadata": {},
      "salience": 0.021669682,
      "mentions": [
        {
          "text": {
            "content": "any",
            "beginOffset": -1
          },
          "type": "COMMON"
        }
      ]
    },
    {
      "name": "lil boy",
      "type": "PERSON",
      "metadata": {},
      "salience": 0.015479463,
      "mentions": [
        {
          "text": {
            "content": "lil boy",
            "beginOffset": -1
          },
          "type": "COMMON"
        }
      ]
    },
    {
      "name": "fleas",
      "type": "OTHER",
      "metadata": {},
      "salience": 0.013649997,
      "mentions": [
        {
          "text": {
            "content": "fleas",
            "beginOffset": -1
          },
          "type": "COMMON"
        }
      ]
    }
  ],
  "documentSentiment": {
    "magnitude": 2.4,
    "score": 0.3
  },
  "language": "en",
  "categories": []
}
