{
  "sentences": [
    {
      "text": {
        "content": "This doggie was found by my uncle said to be somewhere near Mont Kiara.",
        "beginOffset": -1
      },
      "sentiment": {
        "magnitude": 0.1,
        "score": 0.1
      }
    },
    {
      "text": {
        "content": "Doesn't look like pure Shih Tzu.",
        "beginOffset": -1
      },
      "sentiment": {
        "magnitude": 0,
        "score": 0
      }
    },
    {
      "text": {
        "content": "Very friendly, obedient and quiet.",
        "beginOffset": -1
      },
      "sentiment": {
        "magnitude": 0.9,
        "score": 0.9
      }
    },
    {
      "text": {
        "content": "Limited information to provide.",
        "beginOffset": -1
      },
      "sentiment": {
        "magnitude": 0,
        "score": 0
      }
    }
  ],
  "tokens": [],
  "entities": [
    {
      "name": "doggie",
      "type": "OTHER",
      "metadata": {},
      "salience": 0.4814538,
      "mentions": [
        {
          "text": {
            "content": "doggie",
            "beginOffset": -1
          },
          "type": "COMMON"
        }
      ]
    },
    {
      "name": "uncle",
      "type": "PERSON",
      "metadata": {},
      "salience": 0.20926681,
      "mentions": [
        {
          "text": {
            "content": "uncle",
            "beginOffset": -1
          },
          "type": "COMMON"
        }
      ]
    },
    {
      "name": "somewhere",
      "type": "LOCATION",
      "metadata": {},
      "salience": 0.14541666,
      "mentions": [
        {
          "text": {
            "content": "somewhere",
            "beginOffset": -1
          },
          "type": "COMMON"
        }
      ]
    },
    {
      "name": "Mont Kiara",
      "type": "LOCATION",
      "metadata": {
        "mid": "/m/0chhlb",
        "wikipedia_url": "https://en.wikipedia.org/wiki/Mont_Kiara"
      },
      "salience": 0.08818689,
      "mentions": [
        {
          "text": {
            "content": "Mont Kiara",
            "beginOffset": -1
          },
          "type": "PROPER"
        }
      ]
    },
    {
      "name": "Shih Tzu",
      "type": "ORGANIZATION",
      "metadata": {
        "mid": "/m/01s7fj",
        "wikipedia_url": "https://en.wikipedia.org/wiki/Shih_Tzu"
      },
      "salience": 0.0401172,
      "mentions": [
        {
          "text": {
            "content": "Shih Tzu",
            "beginOffset": -1
          },
          "type": "PROPER"
        }
      ]
    },
    {
      "name": "information",
      "type": "OTHER",
      "metadata": {},
      "salience": 0.035558626,
      "mentions": [
        {
          "text": {
            "content": "information",
            "beginOffset": -1
          },
          "type": "COMMON"
        }
      ]
    }
  ],
  "documentSentiment": {
    "magnitude": 1.3,
    "score": 0.2
  },
  "language": "en",
  "categories": []
}
