{
  "sentences": [
    {
      "text": {
        "content": "A representative from the Developer, who is building a service apartment named Saville @ Cheras, has informed that a group of puppies numbering 6 (SIX), with their corresponding mother dog, are squatting at the said area.",
        "beginOffset": -1
      },
      "sentiment": {
        "magnitude": 0.3,
        "score": 0.3
      }
    },
    {
      "text": {
        "content": "Due to hazards e.g. tractors etc., it is advisable that the puppies and mother be adopted for their safety and well-being.",
        "beginOffset": -1
      },
      "sentiment": {
        "magnitude": 0.7,
        "score": 0.7
      }
    }
  ],
  "tokens": [],
  "entities": [
    {
      "name": "representative",
      "type": "PERSON",
      "metadata": {},
      "salience": 0.29119176,
      "mentions": [
        {
          "text": {
            "content": "representative",
            "beginOffset": -1
          },
          "type": "COMMON"
        }
      ]
    },
    {
      "name": "Developer",
      "type": "ORGANIZATION",
      "metadata": {},
      "salience": 0.16247915,
      "mentions": [
        {
          "text": {
            "content": "Developer",
            "beginOffset": -1
          },
          "type": "COMMON"
        }
      ]
    },
    {
      "name": "group",
      "type": "ORGANIZATION",
      "metadata": {},
      "salience": 0.14388269,
      "mentions": [
        {
          "text": {
            "content": "group",
            "beginOffset": -1
          },
          "type": "COMMON"
        }
      ]
    },
    {
      "name": "service apartment",
      "type": "OTHER",
      "metadata": {},
      "salience": 0.106611766,
      "mentions": [
        {
          "text": {
            "content": "service apartment",
            "beginOffset": -1
          },
          "type": "COMMON"
        }
      ]
    },
    {
      "name": "hazards",
      "type": "OTHER",
      "metadata": {},
      "salience": 0.05749969,
      "mentions": [
        {
          "text": {
            "content": "hazards",
            "beginOffset": -1
          },
          "type": "COMMON"
        }
      ]
    },
    {
      "name": "puppies",
      "type": "OTHER",
      "metadata": {},
      "salience": 0.050448623,
      "mentions": [
        {
          "text": {
            "content": "puppies",
            "beginOffset": -1
          },
          "type": "COMMON"
        }
      ]
    },
    {
      "name": "mother dog",
      "type": "PERSON",
      "metadata": {},
      "salience": 0.04499729,
      "mentions": [
        {
          "text": {
            "content": "mother dog",
            "beginOffset": -1
          },
          "type": "COMMON"
        }
      ]
    },
    {
      "name": "area",
      "type": "LOCATION",
      "metadata": {},
      "salience": 0.041367367,
      "mentions": [
        {
          "text": {
            "content": "area",
            "beginOffset": -1
          },
          "type": "COMMON"
        }
      ]
    },
    {
      "name": "Saville @ Cheras",
      "type": "OTHER",
      "metadata": {},
      "salience": 0.039074827,
      "mentions": [
        {
          "text": {
            "content": "Saville @ Cheras",
            "beginOffset": -1
          },
          "type": "PROPER"
        }
      ]
    },
    {
      "name": "puppies",
      "type": "OTHER",
      "metadata": {},
      "salience": 0.017247736,
      "mentions": [
        {
          "text": {
            "content": "puppies",
            "beginOffset": -1
          },
          "type": "COMMON"
        }
      ]
    },
    {
      "name": "mother",
      "type": "PERSON",
      "metadata": {},
      "salience": 0.017247736,
      "mentions": [
        {
          "text": {
            "content": "mother",
            "beginOffset": -1
          },
          "type": "COMMON"
        }
      ]
    },
    {
      "name": "safety",
      "type": "OTHER",
      "metadata": {},
      "salience": 0.010637525,
      "mentions": [
        {
          "text": {
            "content": "safety",
            "beginOffset": -1
          },
          "type": "COMMON"
        }
      ]
    },
    {
      "name": "well-being",
      "type": "OTHER",
      "metadata": {},
      "salience": 0.010637525,
      "mentions": [
        {
          "text": {
            "content": "well-being",
            "beginOffset": -1
          },
          "type": "COMMON"
        }
      ]
    },
    {
      "name": "tractors",
      "type": "CONSUMER_GOOD",
      "metadata": {},
      "salience": 0.0066763046,
      "mentions": [
        {
          "text": {
            "content": "tractors",
            "beginOffset": -1
          },
          "type": "COMMON"
        }
      ]
    }
  ],
  "documentSentiment": {
    "magnitude": 1.1,
    "score": 0.5
  },
  "language": "en",
  "categories": []
}
