{
  "sentences": [
    {
      "text": {
        "content": "They were born on Valentine's Day this year and are very healthy and playful.",
        "beginOffset": -1
      },
      "sentiment": {
        "magnitude": 0.8,
        "score": 0.8
      }
    }
  ],
  "tokens": [],
  "entities": [
    {
      "name": "Valentine's Day",
      "type": "WORK_OF_ART",
      "metadata": {
        "mid": "/m/018y5m",
        "wikipedia_url": "https://en.wikipedia.org/wiki/Valentine's_Day"
      },
      "salience": 1,
      "mentions": [
        {
          "text": {
            "content": "Valentine's Day",
            "beginOffset": -1
          },
          "type": "PROPER"
        }
      ]
    }
  ],
  "documentSentiment": {
    "magnitude": 0.8,
    "score": 0.8
  },
  "language": "en",
  "categories": []
}
