{
  "sentences": [
    {
      "text": {
        "content": "Bandit is super sweet, gentle and lovable.",
        "beginOffset": -1
      },
      "sentiment": {
        "magnitude": 0.9,
        "score": 0.9
      }
    },
    {
      "text": {
        "content": "I found her running thru the grocery store, scared to death.",
        "beginOffset": -1
      },
      "sentiment": {
        "magnitude": 0.5,
        "score": 0.5
      }
    },
    {
      "text": {
        "content": "She was being chased by guards at the mall.",
        "beginOffset": -1
      },
      "sentiment": {
        "magnitude": 0,
        "score": 0
      }
    },
    {
      "text": {
        "content": "I brought her home and took care of her for the night, but she needs a loving home.",
        "beginOffset": -1
      },
      "sentiment": {
        "magnitude": 0.7,
        "score": 0.7
      }
    }
  ],
  "tokens": [],
  "entities": [
    {
      "name": "Bandit",
      "type": "PERSON",
      "metadata": {},
      "salience": 0.91121304,
      "mentions": [
        {
          "text": {
            "content": "Bandit",
            "beginOffset": -1
          },
          "type": "PROPER"
        }
      ]
    },
    {
      "name": "death",
      "type": "EVENT",
      "metadata": {},
      "salience": 0.018246299,
      "mentions": [
        {
          "text": {
            "content": "death",
            "beginOffset": -1
          },
          "type": "COMMON"
        }
      ]
    },
    {
      "name": "grocery store",
      "type": "LOCATION",
      "metadata": {},
      "salience": 0.018026229,
      "mentions": [
        {
          "text": {
            "content": "grocery store",
            "beginOffset": -1
          },
          "type": "COMMON"
        }
      ]
    },
    {
      "name": "guards",
      "type": "PERSON",
      "metadata": {},
      "salience": 0.016677326,
      "mentions": [
        {
          "text": {
            "content": "guards",
            "beginOffset": -1
          },
          "type": "COMMON"
        }
      ]
    },
    {
      "name": "mall",
      "type": "LOCATION",
      "metadata": {},
      "salience": 0.016677326,
      "mentions": [
        {
          "text": {
            "content": "mall",
            "beginOffset": -1
          },
          "type": "COMMON"
        }
      ]
    },
    {
      "name": "home",
      "type": "LOCATION",
      "metadata": {},
      "salience": 0.0075190337,
      "mentions": [
        {
          "text": {
            "content": "home",
            "beginOffset": -1
          },
          "type": "COMMON"
        }
      ]
    },
    {
      "name": "care",
      "type": "OTHER",
      "metadata": {},
      "salience": 0.006105555,
      "mentions": [
        {
          "text": {
            "content": "care",
            "beginOffset": -1
          },
          "type": "COMMON"
        }
      ]
    },
    {
      "name": "home",
      "type": "LOCATION",
      "metadata": {},
      "salience": 0.0055351886,
      "mentions": [
        {
          "text": {
            "content": "home",
            "beginOffset": -1
          },
          "type": "COMMON"
        }
      ]
    }
  ],
  "documentSentiment": {
    "magnitude": 2.3,
    "score": 0.5
  },
  "language": "en",
  "categories": []
}
