{
  "sentences": [
    {
      "text": {
        "content": "Good health and active..",
        "beginOffset": -1
      },
      "sentiment": {
        "magnitude": 0.9,
        "score": 0.9
      }
    },
    {
      "text": {
        "content": "Please call me if interested NO SMS.",
        "beginOffset": -1
      },
      "sentiment": {
        "magnitude": 0.4,
        "score": -0.4
      }
    },
    {
      "text": {
        "content": "Location is on Equine Park.",
        "beginOffset": -1
      },
      "sentiment": {
        "magnitude": 0,
        "score": 0
      }
    },
    {
      "text": {
        "content": "First come...first serve...NO Booking..",
        "beginOffset": -1
      },
      "sentiment": {
        "magnitude": 0.5,
        "score": -0.5
      }
    }
  ],
  "tokens": [],
  "entities": [
    {
      "name": "health",
      "type": "OTHER",
      "metadata": {},
      "salience": 0.6655307,
      "mentions": [
        {
          "text": {
            "content": "health",
            "beginOffset": -1
          },
          "type": "COMMON"
        }
      ]
    },
    {
      "name": "Location",
      "type": "LOCATION",
      "metadata": {},
      "salience": 0.1232262,
      "mentions": [
        {
          "text": {
            "content": "Location",
            "beginOffset": -1
          },
          "type": "COMMON"
        }
      ]
    },
    {
      "name": "SMS",
      "type": "OTHER",
      "metadata": {},
      "salience": 0.10369415,
      "mentions": [
        {
          "text": {
            "content": "SMS",
            "beginOffset": -1
          },
          "type": "COMMON"
        }
      ]
    },
    {
      "name": "Equine Park",
      "type": "LOCATION",
      "metadata": {
        "mid": "/g/1vnrr9rl"
      },
      "salience": 0.056874175,
      "mentions": [
        {
          "text": {
            "content": "Equine Park",
            "beginOffset": -1
          },
          "type": "PROPER"
        }
      ]
    },
    {
      "name": "Booking",
      "type": "OTHER",
      "metadata": {},
      "salience": 0.050674815,
      "mentions": [
        {
          "text": {
            "content": "Booking",
            "beginOffset": -1
          },
          "type": "COMMON"
        }
      ]
    }
  ],
  "documentSentiment": {
    "magnitude": 1.9,
    "score": 0
  },
  "language": "en",
  "categories": []
}
