{
  "sentences": [
    {
      "text": {
        "content": "Deal to personal reason, I cannot keep Jojo anymore, as of I do not have time, and might be moving out from my current semi-d.",
        "beginOffset": -1
      },
      "sentiment": {
        "magnitude": 0.5,
        "score": -0.5
      }
    },
    {
      "text": {
        "content": "hence looking for a good home for Jojo, must be semi-d or corner lot, I must be able to visit Jojo in future and need someone who really can take her walk everyday, as I failed to do so.",
        "beginOffset": -1
      },
      "sentiment": {
        "magnitude": 0.6,
        "score": 0.6
      }
    }
  ],
  "tokens": [],
  "entities": [
    {
      "name": "reason",
      "type": "OTHER",
      "metadata": {},
      "salience": 0.36714345,
      "mentions": [
        {
          "text": {
            "content": "reason",
            "beginOffset": -1
          },
          "type": "COMMON"
        }
      ]
    },
    {
      "name": "someone",
      "type": "PERSON",
      "metadata": {},
      "salience": 0.18419461,
      "mentions": [
        {
          "text": {
            "content": "someone",
            "beginOffset": -1
          },
          "type": "COMMON"
        }
      ]
    },
    {
      "name": "Jojo",
      "type": "PERSON",
      "metadata": {},
      "salience": 0.1663504,
      "mentions": [
        {
          "text": {
            "content": "Jojo",
            "beginOffset": -1
          },
          "type": "PROPER"
        },
        {
          "text": {
            "content": "Jojo",
            "beginOffset": -1
          },
          "type": "PROPER"
        },
        {
          "text": {
            "content": "Jojo",
            "beginOffset": -1
          },
          "type": "PROPER"
        }
      ]
    },
    {
      "name": "semi-d",
      "type": "OTHER",
      "metadata": {},
      "salience": 0.10209647,
      "mentions": [
        {
          "text": {
            "content": "semi-d",
            "beginOffset": -1
          },
          "type": "COMMON"
        }
      ]
    },
    {
      "name": "home",
      "type": "LOCATION",
      "metadata": {},
      "salience": 0.04964211,
      "mentions": [
        {
          "text": {
            "content": "home",
            "beginOffset": -1
          },
          "type": "COMMON"
        }
      ]
    },
    {
      "name": "lot",
      "type": "OTHER",
      "metadata": {},
      "salience": 0.045590676,
      "mentions": [
        {
          "text": {
            "content": "lot",
            "beginOffset": -1
          },
          "type": "COMMON"
        }
      ]
    },
    {
      "name": "corner",
      "type": "OTHER",
      "metadata": {},
      "salience": 0.045590676,
      "mentions": [
        {
          "text": {
            "content": "corner",
            "beginOffset": -1
          },
          "type": "COMMON"
        }
      ]
    },
    {
      "name": "walk",
      "type": "OTHER",
      "metadata": {},
      "salience": 0.039391592,
      "mentions": [
        {
          "text": {
            "content": "walk",
            "beginOffset": -1
          },
          "type": "COMMON"
        }
      ]
    }
  ],
  "documentSentiment": {
    "magnitude": 1.1,
    "score": 0
  },
  "language": "en",
  "categories": []
}
