{
  "sentences": [
    {
      "text": {
        "content": "Tom is a very good natured kitten.",
        "beginOffset": -1
      },
      "sentiment": {
        "magnitude": 0.8,
        "score": 0.8
      }
    },
    {
      "text": {
        "content": "Gentle, loving and has pet best friend Jerry.",
        "beginOffset": -1
      },
      "sentiment": {
        "magnitude": 0.9,
        "score": 0.9
      }
    },
    {
      "text": {
        "content": "Very handsome looking kitten.",
        "beginOffset": -1
      },
      "sentiment": {
        "magnitude": 0.8,
        "score": 0.8
      }
    },
    {
      "text": {
        "content": "Looking for a totally indoors home.",
        "beginOffset": -1
      },
      "sentiment": {
        "magnitude": 0.2,
        "score": 0.2
      }
    },
    {
      "text": {
        "content": "Too gentle to survive outdoors.",
        "beginOffset": -1
      },
      "sentiment": {
        "magnitude": 0.6,
        "score": 0.6
      }
    }
  ],
  "tokens": [],
  "entities": [
    {
      "name": "Tom",
      "type": "PERSON",
      "metadata": {},
      "salience": 0.7730615,
      "mentions": [
        {
          "text": {
            "content": "Tom",
            "beginOffset": -1
          },
          "type": "PROPER"
        },
        {
          "text": {
            "content": "kitten",
            "beginOffset": -1
          },
          "type": "COMMON"
        }
      ]
    },
    {
      "name": "Jerry",
      "type": "PERSON",
      "metadata": {},
      "salience": 0.10306714,
      "mentions": [
        {
          "text": {
            "content": "Jerry",
            "beginOffset": -1
          },
          "type": "PROPER"
        },
        {
          "text": {
            "content": "friend",
            "beginOffset": -1
          },
          "type": "COMMON"
        }
      ]
    },
    {
      "name": "kitten",
      "type": "PERSON",
      "metadata": {},
      "salience": 0.049470834,
      "mentions": [
        {
          "text": {
            "content": "kitten",
            "beginOffset": -1
          },
          "type": "COMMON"
        }
      ]
    },
    {
      "name": "Gentle",
      "type": "OTHER",
      "metadata": {},
      "salience": 0.04141792,
      "mentions": [
        {
          "text": {
            "content": "Gentle",
            "beginOffset": -1
          },
          "type": "PROPER"
        }
      ]
    },
    {
      "name": "home",
      "type": "LOCATION",
      "metadata": {},
      "salience": 0.032982614,
      "mentions": [
        {
          "text": {
            "content": "home",
            "beginOffset": -1
          },
          "type": "COMMON"
        }
      ]
    }
  ],
  "documentSentiment": {
    "magnitude": 3.5,
    "score": 0.7
  },
  "language": "en",
  "categories": []
}
