{
  "sentences": [
    {
      "text": {
        "content": "-1 male 1 female free adoption -location at damansara utama uptown Pet Noble House - 1 year half years old -healthy and all vaccin done our terms and condition is just sign up our grooming package for them which is 10times basic grooming and free 2 times basic groom for RM for them to make sure once the dog come back is in good condition.",
        "beginOffset": -1
      },
      "sentiment": {
        "magnitude": 0.5,
        "score": -0.5
      }
    },
    {
      "text": {
        "content": "U can bring back anytime or our pet shop have provide delivery transportation.",
        "beginOffset": -1
      },
      "sentiment": {
        "magnitude": 0.4,
        "score": 0.4
      }
    },
    {
      "text": {
        "content": "We are serious looking for a good owner to adopt them and have a home sweet home.",
        "beginOffset": -1
      },
      "sentiment": {
        "magnitude": 0.7,
        "score": 0.7
      }
    },
    {
      "text": {
        "content": "Sms will not reply, if interesting please give us a call for more information.",
        "beginOffset": -1
      },
      "sentiment": {
        "magnitude": 0.7,
        "score": -0.7
      }
    },
    {
      "text": {
        "content": "thanks for viewing",
        "beginOffset": -1
      },
      "sentiment": {
        "magnitude": 0.3,
        "score": 0.3
      }
    }
  ],
  "tokens": [],
  "entities": [
    {
      "name": "grooming package",
      "type": "OTHER",
      "metadata": {},
      "salience": 0.3432824,
      "mentions": [
        {
          "text": {
            "content": "grooming package",
            "beginOffset": -1
          },
          "type": "COMMON"
        },
        {
          "text": {
            "content": "grooming",
            "beginOffset": -1
          },
          "type": "COMMON"
        }
      ]
    },
    {
      "name": "adoption -location",
      "type": "LOCATION",
      "metadata": {},
      "salience": 0.12538347,
      "mentions": [
        {
          "text": {
            "content": "adoption -location",
            "beginOffset": -1
          },
          "type": "COMMON"
        }
      ]
    },
    {
      "name": "all",
      "type": "PERSON",
      "metadata": {},
      "salience": 0.090278834,
      "mentions": [
        {
          "text": {
            "content": "all",
            "beginOffset": -1
          },
          "type": "COMMON"
        }
      ]
    },
    {
      "name": "damansara utama",
      "type": "LOCATION",
      "metadata": {
        "mid": "/m/08jv9j",
        "wikipedia_url": "https://en.wikipedia.org/wiki/Damansara_Utama"
      },
      "salience": 0.07579819,
      "mentions": [
        {
          "text": {
            "content": "damansara utama",
            "beginOffset": -1
          },
          "type": "PROPER"
        }
      ]
    },
    {
      "name": "Pet Noble House",
      "type": "LOCATION",
      "metadata": {
        "mid": "/g/1vfn44bb"
      },
      "salience": 0.07579819,
      "mentions": [
        {
          "text": {
            "content": "Pet Noble House",
            "beginOffset": -1
          },
          "type": "PROPER"
        }
      ]
    },
    {
      "name": "terms",
      "type": "OTHER",
      "metadata": {},
      "salience": 0.049088456,
      "mentions": [
        {
          "text": {
            "content": "terms",
            "beginOffset": -1
          },
          "type": "COMMON"
        }
      ]
    },
    {
      "name": "groom",
      "type": "PERSON",
      "metadata": {},
      "salience": 0.041971657,
      "mentions": [
        {
          "text": {
            "content": "groom",
            "beginOffset": -1
          },
          "type": "COMMON"
        }
      ]
    },
    {
      "name": "dog",
      "type": "OTHER",
      "metadata": {},
      "salience": 0.040465713,
      "mentions": [
        {
          "text": {
            "content": "dog",
            "beginOffset": -1
          },
          "type": "COMMON"
        }
      ]
    },
    {
      "name": "condition",
      "type": "OTHER",
      "metadata": {},
      "salience": 0.03522274,
      "mentions": [
        {
          "text": {
            "content": "condition",
            "beginOffset": -1
          },
          "type": "COMMON"
        }
      ]
    },
    {
      "name": "condition",
      "type": "OTHER",
      "metadata": {},
      "salience": 0.03437872,
      "mentions": [
        {
          "text": {
            "content": "condition",
            "beginOffset": -1
          },
          "type": "COMMON"
        }
      ]
    },
    {
      "name": "RM",
      "type": "OTHER",
      "metadata": {},
      "salience": 0.033741564,
      "mentions": [
        {
          "text": {
            "content": "RM",
            "beginOffset": -1
          },
          "type": "COMMON"
        }
      ]
    },
    {
      "name": "home sweet home",
      "type": "OTHER",
      "metadata": {},
      "salience": 0.012628226,
      "mentions": [
        {
          "text": {
            "content": "home sweet home",
            "beginOffset": -1
          },
          "type": "COMMON"
        }
      ]
    },
    {
      "name": "information",
      "type": "OTHER",
      "metadata": {},
      "salience": 0.007844145,
      "mentions": [
        {
          "text": {
            "content": "information",
            "beginOffset": -1
          },
          "type": "COMMON"
        }
      ]
    },
    {
      "name": "thanks",
      "type": "OTHER",
      "metadata": {},
      "salience": 0.007822689,
      "mentions": [
        {
          "text": {
            "content": "thanks",
            "beginOffset": -1
          },
          "type": "COMMON"
        }
      ]
    },
    {
      "name": "Sms",
      "type": "ORGANIZATION",
      "metadata": {},
      "salience": 0.0066266577,
      "mentions": [
        {
          "text": {
            "content": "Sms",
            "beginOffset": -1
          },
          "type": "PROPER"
        }
      ]
    },
    {
      "name": "call",
      "type": "OTHER",
      "metadata": {},
      "salience": 0.005987054,
      "mentions": [
        {
          "text": {
            "content": "call",
            "beginOffset": -1
          },
          "type": "COMMON"
        }
      ]
    },
    {
      "name": "pet shop",
      "type": "ORGANIZATION",
      "metadata": {},
      "salience": 0.0049605016,
      "mentions": [
        {
          "text": {
            "content": "pet shop",
            "beginOffset": -1
          },
          "type": "COMMON"
        }
      ]
    },
    {
      "name": "owner",
      "type": "PERSON",
      "metadata": {},
      "salience": 0.0049358425,
      "mentions": [
        {
          "text": {
            "content": "owner",
            "beginOffset": -1
          },
          "type": "COMMON"
        }
      ]
    },
    {
      "name": "delivery transportation",
      "type": "OTHER",
      "metadata": {},
      "salience": 0.003784954,
      "mentions": [
        {
          "text": {
            "content": "delivery transportation",
            "beginOffset": -1
          },
          "type": "COMMON"
        }
      ]
    }
  ],
  "documentSentiment": {
    "magnitude": 2.9,
    "score": 0
  },
  "language": "en",
  "categories": []
}
