{
  "sentences": [
    {
      "text": {
        "content": "Tri-color mama cat of about 1years old.",
        "beginOffset": -1
      },
      "sentiment": {
        "magnitude": 0.1,
        "score": 0.1
      }
    },
    {
      "text": {
        "content": "Very friendly and lets you stroke and play w her even when you just met her!",
        "beginOffset": -1
      },
      "sentiment": {
        "magnitude": 0.9,
        "score": 0.9
      }
    },
    {
      "text": {
        "content": "She is currently being fostered at DU.",
        "beginOffset": -1
      },
      "sentiment": {
        "magnitude": 0,
        "score": 0
      }
    },
    {
      "text": {
        "content": "Please let me know if you are interested to adopt a mature loving cat.",
        "beginOffset": -1
      },
      "sentiment": {
        "magnitude": 0.6,
        "score": 0.6
      }
    }
  ],
  "tokens": [],
  "entities": [
    {
      "name": "mama cat",
      "type": "OTHER",
      "metadata": {},
      "salience": 0.9138178,
      "mentions": [
        {
          "text": {
            "content": "mama cat",
            "beginOffset": -1
          },
          "type": "COMMON"
        }
      ]
    },
    {
      "name": "cat",
      "type": "OTHER",
      "metadata": {},
      "salience": 0.06485895,
      "mentions": [
        {
          "text": {
            "content": "cat",
            "beginOffset": -1
          },
          "type": "COMMON"
        }
      ]
    },
    {
      "name": "DU",
      "type": "ORGANIZATION",
      "metadata": {},
      "salience": 0.021323226,
      "mentions": [
        {
          "text": {
            "content": "DU",
            "beginOffset": -1
          },
          "type": "PROPER"
        }
      ]
    }
  ],
  "documentSentiment": {
    "magnitude": 1.7,
    "score": 0.4
  },
  "language": "en",
  "categories": []
}
