{
  "sentences": [
    {
      "text": {
        "content": "Cathy was rescued from the drain near my house.",
        "beginOffset": -1
      },
      "sentiment": {
        "magnitude": 0,
        "score": 0
      }
    },
    {
      "text": {
        "content": "She is now 6 months old, and is very active, playful, have a mind of her own and an absolute joy to watch.",
        "beginOffset": -1
      },
      "sentiment": {
        "magnitude": 0.9,
        "score": 0.9
      }
    },
    {
      "text": {
        "content": "She is litter trained.",
        "beginOffset": -1
      },
      "sentiment": {
        "magnitude": 0.4,
        "score": -0.4
      }
    },
    {
      "text": {
        "content": "I am unable to keep her as I have two dogs and one of them is waiting for the opportunity to attack her.",
        "beginOffset": -1
      },
      "sentiment": {
        "magnitude": 0.1,
        "score": -0.1
      }
    },
    {
      "text": {
        "content": "Potential adopter need to ensure she will be kept indoors, supervised when outdoors, and no unnecessary caging allowed.",
        "beginOffset": -1
      },
      "sentiment": {
        "magnitude": 0.7,
        "score": 0.7
      }
    },
    {
      "text": {
        "content": "Potential adopter must be financially independent and committed to love her and provide her with the necessary vaccination and medical care for the duration of her life.",
        "beginOffset": -1
      },
      "sentiment": {
        "magnitude": 0.8,
        "score": 0.8
      }
    }
  ],
  "tokens": [],
  "entities": [
    {
      "name": "Cathy",
      "type": "PERSON",
      "metadata": {},
      "salience": 0.6043793,
      "mentions": [
        {
          "text": {
            "content": "Cathy",
            "beginOffset": -1
          },
          "type": "PROPER"
        }
      ]
    },
    {
      "name": "drain",
      "type": "LOCATION",
      "metadata": {},
      "salience": 0.11174115,
      "mentions": [
        {
          "text": {
            "content": "drain",
            "beginOffset": -1
          },
          "type": "COMMON"
        }
      ]
    },
    {
      "name": "house",
      "type": "LOCATION",
      "metadata": {},
      "salience": 0.11174115,
      "mentions": [
        {
          "text": {
            "content": "house",
            "beginOffset": -1
          },
          "type": "COMMON"
        }
      ]
    },
    {
      "name": "dogs",
      "type": "OTHER",
      "metadata": {},
      "salience": 0.036028452,
      "mentions": [
        {
          "text": {
            "content": "dogs",
            "beginOffset": -1
          },
          "type": "COMMON"
        }
      ]
    },
    {
      "name": "mind",
      "type": "OTHER",
      "metadata": {},
      "salience": 0.020990515,
      "mentions": [
        {
          "text": {
            "content": "mind",
            "beginOffset": -1
          },
          "type": "COMMON"
        }
      ]
    },
    {
      "name": "litter",
      "type": "OTHER",
      "metadata": {},
      "salience": 0.018265275,
      "mentions": [
        {
          "text": {
            "content": "litter",
            "beginOffset": -1
          },
          "type": "COMMON"
        }
      ]
    },
    {
      "name": "one",
      "type": "PERSON",
      "metadata": {},
      "salience": 0.014431525,
      "mentions": [
        {
          "text": {
            "content": "one",
            "beginOffset": -1
          },
          "type": "COMMON"
        }
      ]
    },
    {
      "name": "joy",
      "type": "OTHER",
      "metadata": {},
      "salience": 0.014377484,
      "mentions": [
        {
          "text": {
            "content": "joy",
            "beginOffset": -1
          },
          "type": "COMMON"
        }
      ]
    },
    {
      "name": "adopter",
      "type": "PERSON",
      "metadata": {},
      "salience": 0.013934986,
      "mentions": [
        {
          "text": {
            "content": "adopter",
            "beginOffset": -1
          },
          "type": "COMMON"
        }
      ]
    },
    {
      "name": "opportunity",
      "type": "OTHER",
      "metadata": {},
      "salience": 0.013247456,
      "mentions": [
        {
          "text": {
            "content": "opportunity",
            "beginOffset": -1
          },
          "type": "COMMON"
        }
      ]
    },
    {
      "name": "caging",
      "type": "OTHER",
      "metadata": {},
      "salience": 0.008604967,
      "mentions": [
        {
          "text": {
            "content": "caging",
            "beginOffset": -1
          },
          "type": "COMMON"
        }
      ]
    },
    {
      "name": "vaccination",
      "type": "OTHER",
      "metadata": {},
      "salience": 0.0069694477,
      "mentions": [
        {
          "text": {
            "content": "vaccination",
            "beginOffset": -1
          },
          "type": "COMMON"
        }
      ]
    },
    {
      "name": "care",
      "type": "OTHER",
      "metadata": {},
      "salience": 0.0069694477,
      "mentions": [
        {
          "text": {
            "content": "care",
            "beginOffset": -1
          },
          "type": "COMMON"
        }
      ]
    },
    {
      "name": "duration",
      "type": "OTHER",
      "metadata": {},
      "salience": 0.0069694477,
      "mentions": [
        {
          "text": {
            "content": "duration",
            "beginOffset": -1
          },
          "type": "COMMON"
        }
      ]
    },
    {
      "name": "life",
      "type": "OTHER",
      "metadata": {},
      "salience": 0.0069694477,
      "mentions": [
        {
          "text": {
            "content": "life",
            "beginOffset": -1
          },
          "type": "COMMON"
        }
      ]
    },
    {
      "name": "outdoors",
      "type": "OTHER",
      "metadata": {},
      "salience": 0.004379954,
      "mentions": [
        {
          "text": {
            "content": "outdoors",
            "beginOffset": -1
          },
          "type": "COMMON"
        }
      ]
    }
  ],
  "documentSentiment": {
    "magnitude": 3.1,
    "score": 0.3
  },
  "language": "en",
  "categories": []
}
