{
  "sentences": [
    {
      "text": {
        "content": "The kitten found at the shoplots Taman Melawati.",
        "beginOffset": -1
      },
      "sentiment": {
        "magnitude": 0.1,
        "score": 0.1
      }
    },
    {
      "text": {
        "content": "Age about 2 1/2 months.",
        "beginOffset": -1
      },
      "sentiment": {
        "magnitude": 0,
        "score": 0
      }
    },
    {
      "text": {
        "content": "Female &amp; dewormed.",
        "beginOffset": -1
      },
      "sentiment": {
        "magnitude": 0,
        "score": 0
      }
    },
    {
      "text": {
        "content": "She got blue eyes, maybe siamese breed mix with local breed.",
        "beginOffset": -1
      },
      "sentiment": {
        "magnitude": 0.3,
        "score": 0.3
      }
    },
    {
      "text": {
        "content": "Anybody interested please whatsapp me at .",
        "beginOffset": -1
      },
      "sentiment": {
        "magnitude": 0.4,
        "score": 0.4
      }
    },
    {
      "text": {
        "content": "Area Taman Melawati",
        "beginOffset": -1
      },
      "sentiment": {
        "magnitude": 0.1,
        "score": 0.1
      }
    }
  ],
  "tokens": [],
  "entities": [
    {
      "name": "Taman Melawati",
      "type": "LOCATION",
      "metadata": {
        "mid": "/m/0c2j7g",
        "wikipedia_url": "https://en.wikipedia.org/wiki/Taman_Melawati"
      },
      "salience": 0.41554046,
      "mentions": [
        {
          "text": {
            "content": "Taman Melawati",
            "beginOffset": -1
          },
          "type": "PROPER"
        },
        {
          "text": {
            "content": "Taman Melawati",
            "beginOffset": -1
          },
          "type": "PROPER"
        },
        {
          "text": {
            "content": "Area",
            "beginOffset": -1
          },
          "type": "COMMON"
        }
      ]
    },
    {
      "name": "kitten",
      "type": "PERSON",
      "metadata": {},
      "salience": 0.23801287,
      "mentions": [
        {
          "text": {
            "content": "kitten",
            "beginOffset": -1
          },
          "type": "COMMON"
        }
      ]
    },
    {
      "name": "shoplots",
      "type": "LOCATION",
      "metadata": {},
      "salience": 0.23801287,
      "mentions": [
        {
          "text": {
            "content": "shoplots",
            "beginOffset": -1
          },
          "type": "COMMON"
        }
      ]
    },
    {
      "name": "Age",
      "type": "OTHER",
      "metadata": {},
      "salience": 0.048441622,
      "mentions": [
        {
          "text": {
            "content": "Age",
            "beginOffset": -1
          },
          "type": "COMMON"
        }
      ]
    },
    {
      "name": "Anybody",
      "type": "PERSON",
      "metadata": {},
      "salience": 0.022927966,
      "mentions": [
        {
          "text": {
            "content": "Anybody",
            "beginOffset": -1
          },
          "type": "COMMON"
        }
      ]
    },
    {
      "name": "eyes",
      "type": "OTHER",
      "metadata": {},
      "salience": 0.019153576,
      "mentions": [
        {
          "text": {
            "content": "eyes",
            "beginOffset": -1
          },
          "type": "COMMON"
        }
      ]
    },
    {
      "name": "breed",
      "type": "OTHER",
      "metadata": {},
      "salience": 0.011543673,
      "mentions": [
        {
          "text": {
            "content": "breed",
            "beginOffset": -1
          },
          "type": "COMMON"
        }
      ]
    },
    {
      "name": "breed mix",
      "type": "OTHER",
      "metadata": {},
      "salience": 0.006366989,
      "mentions": [
        {
          "text": {
            "content": "breed mix",
            "beginOffset": -1
          },
          "type": "COMMON"
        }
      ]
    }
  ],
  "documentSentiment": {
    "magnitude": 1,
    "score": 0.1
  },
  "language": "en",
  "categories": []
}
