{
  "sentences": [
    {
      "text": {
        "content": "Little Blue is rescued by a kind lady, Mdm Chong. Little Blue is from a family of 8 siblings comprising 5 male &amp; 3 female.",
        "beginOffset": -1
      },
      "sentiment": {
        "magnitude": 0.3,
        "score": 0.3
      }
    },
    {
      "text": {
        "content": "6 of them have been adopted.",
        "beginOffset": -1
      },
      "sentiment": {
        "magnitude": 0,
        "score": 0
      }
    },
    {
      "text": {
        "content": "Little Blue is for adoption in Seremban &amp; can consider Klang Valley if transport can be arranged.",
        "beginOffset": -1
      },
      "sentiment": {
        "magnitude": 0.6,
        "score": 0.6
      }
    },
    {
      "text": {
        "content": "Those interested please whatsapp or msg Ms Grace Bong tel no:",
        "beginOffset": -1
      },
      "sentiment": {
        "magnitude": 0.1,
        "score": 0.1
      }
    }
  ],
  "tokens": [],
  "entities": [
    {
      "name": "kind lady",
      "type": "PERSON",
      "metadata": {},
      "salience": 0.30694085,
      "mentions": [
        {
          "text": {
            "content": "kind lady",
            "beginOffset": -1
          },
          "type": "COMMON"
        }
      ]
    },
    {
      "name": "Little Blue",
      "type": "ORGANIZATION",
      "metadata": {},
      "salience": 0.15947708,
      "mentions": [
        {
          "text": {
            "content": "Little Blue",
            "beginOffset": -1
          },
          "type": "PROPER"
        },
        {
          "text": {
            "content": "Little Blue",
            "beginOffset": -1
          },
          "type": "PROPER"
        }
      ]
    },
    {
      "name": "family",
      "type": "PERSON",
      "metadata": {},
      "salience": 0.12448694,
      "mentions": [
        {
          "text": {
            "content": "family",
            "beginOffset": -1
          },
          "type": "COMMON"
        }
      ]
    },
    {
      "name": "Mdm Chong. Little Blue",
      "type": "OTHER",
      "metadata": {},
      "salience": 0.1110034,
      "mentions": [
        {
          "text": {
            "content": "Mdm Chong. Little Blue",
            "beginOffset": -1
          },
          "type": "PROPER"
        }
      ]
    },
    {
      "name": "female",
      "type": "PERSON",
      "metadata": {},
      "salience": 0.08619057,
      "mentions": [
        {
          "text": {
            "content": "female",
            "beginOffset": -1
          },
          "type": "COMMON"
        }
      ]
    },
    {
      "name": "siblings",
      "type": "PERSON",
      "metadata": {},
      "salience": 0.08516749,
      "mentions": [
        {
          "text": {
            "content": "siblings",
            "beginOffset": -1
          },
          "type": "COMMON"
        }
      ]
    },
    {
      "name": "Grace Bong",
      "type": "PERSON",
      "metadata": {},
      "salience": 0.045208007,
      "mentions": [
        {
          "text": {
            "content": "Grace Bong",
            "beginOffset": -1
          },
          "type": "PROPER"
        },
        {
          "text": {
            "content": "Ms",
            "beginOffset": -1
          },
          "type": "COMMON"
        }
      ]
    },
    {
      "name": "adoption",
      "type": "OTHER",
      "metadata": {},
      "salience": 0.03837894,
      "mentions": [
        {
          "text": {
            "content": "adoption",
            "beginOffset": -1
          },
          "type": "COMMON"
        }
      ]
    },
    {
      "name": "Seremban",
      "type": "LOCATION",
      "metadata": {
        "mid": "/m/0371_6",
        "wikipedia_url": "https://en.wikipedia.org/wiki/Seremban"
      },
      "salience": 0.02279867,
      "mentions": [
        {
          "text": {
            "content": "Seremban",
            "beginOffset": -1
          },
          "type": "PROPER"
        }
      ]
    },
    {
      "name": "transport",
      "type": "OTHER",
      "metadata": {},
      "salience": 0.012782946,
      "mentions": [
        {
          "text": {
            "content": "transport",
            "beginOffset": -1
          },
          "type": "COMMON"
        }
      ]
    },
    {
      "name": "Klang Valley",
      "type": "LOCATION",
      "metadata": {
        "mid": "/m/03zszl",
        "wikipedia_url": "https://en.wikipedia.org/wiki/Klang_Valley"
      },
      "salience": 0.007565115,
      "mentions": [
        {
          "text": {
            "content": "Klang Valley",
            "beginOffset": -1
          },
          "type": "PROPER"
        }
      ]
    }
  ],
  "documentSentiment": {
    "magnitude": 1.2,
    "score": 0.2
  },
  "language": "en",
  "categories": []
}
