{
  "sentences": [
    {
      "text": {
        "content": "Mixed kittens - Mommy Cat Persian - Daddy Cat Local Black NOW 1 LEFT [ONLY BLACK with White Paws/White Chest left] - 5 kittens [ 1 full black, 1 black with white paws, 1 full orange, 1 orange 4 white paws, 1 orange Back white paws] Now 7weeks, ready to be adopted NOW.",
        "beginOffset": -1
      },
      "sentiment": {
        "magnitude": 0,
        "score": 0
      }
    },
    {
      "text": {
        "content": "Eating Solid food, drinking from tray, poop in litter box Book your kitten...",
        "beginOffset": -1
      },
      "sentiment": {
        "magnitude": 0.7,
        "score": 0.7
      }
    },
    {
      "text": {
        "content": "PLEASE SEND EMAIL!!!!",
        "beginOffset": -1
      },
      "sentiment": {
        "magnitude": 0.3,
        "score": -0.3
      }
    }
  ],
  "tokens": [],
  "entities": [
    {
      "name": "kittens",
      "type": "PERSON",
      "metadata": {},
      "salience": 0.1871962,
      "mentions": [
        {
          "text": {
            "content": "kittens",
            "beginOffset": -1
          },
          "type": "COMMON"
        }
      ]
    },
    {
      "name": "Daddy Cat Local Black",
      "type": "OTHER",
      "metadata": {},
      "salience": 0.11017812,
      "mentions": [
        {
          "text": {
            "content": "Daddy Cat Local Black",
            "beginOffset": -1
          },
          "type": "PROPER"
        }
      ]
    },
    {
      "name": "Mommy Cat Persian",
      "type": "PERSON",
      "metadata": {},
      "salience": 0.08931072,
      "mentions": [
        {
          "text": {
            "content": "Mommy Cat Persian",
            "beginOffset": -1
          },
          "type": "PROPER"
        }
      ]
    },
    {
      "name": "LEFT",
      "type": "LOCATION",
      "metadata": {},
      "salience": 0.058154695,
      "mentions": [
        {
          "text": {
            "content": "LEFT",
            "beginOffset": -1
          },
          "type": "COMMON"
        }
      ]
    },
    {
      "name": "BLACK",
      "type": "OTHER",
      "metadata": {},
      "salience": 0.058154695,
      "mentions": [
        {
          "text": {
            "content": "BLACK",
            "beginOffset": -1
          },
          "type": "COMMON"
        }
      ]
    },
    {
      "name": "paws",
      "type": "OTHER",
      "metadata": {},
      "salience": 0.053377524,
      "mentions": [
        {
          "text": {
            "content": "paws",
            "beginOffset": -1
          },
          "type": "COMMON"
        }
      ]
    },
    {
      "name": "black",
      "type": "OTHER",
      "metadata": {},
      "salience": 0.049795795,
      "mentions": [
        {
          "text": {
            "content": "black",
            "beginOffset": -1
          },
          "type": "COMMON"
        }
      ]
    },
    {
      "name": "orange",
      "type": "OTHER",
      "metadata": {},
      "salience": 0.049795795,
      "mentions": [
        {
          "text": {
            "content": "orange",
            "beginOffset": -1
          },
          "type": "COMMON"
        }
      ]
    },
    {
      "name": "black",
      "type": "OTHER",
      "metadata": {},
      "salience": 0.049202505,
      "mentions": [
        {
          "text": {
            "content": "black",
            "beginOffset": -1
          },
          "type": "COMMON"
        }
      ]
    },
    {
      "name": "paws",
      "type": "OTHER",
      "metadata": {},
      "salience": 0.049085695,
      "mentions": [
        {
          "text": {
            "content": "paws",
            "beginOffset": -1
          },
          "type": "COMMON"
        }
      ]
    },
    {
      "name": "paws",
      "type": "OTHER",
      "metadata": {},
      "salience": 0.049085695,
      "mentions": [
        {
          "text": {
            "content": "paws",
            "beginOffset": -1
          },
          "type": "COMMON"
        }
      ]
    },
    {
      "name": "White Paws",
      "type": "OTHER",
      "metadata": {},
      "salience": 0.046373844,
      "mentions": [
        {
          "text": {
            "content": "White Paws",
            "beginOffset": -1
          },
          "type": "PROPER"
        }
      ]
    },
    {
      "name": "Chest",
      "type": "OTHER",
      "metadata": {},
      "salience": 0.03961861,
      "mentions": [
        {
          "text": {
            "content": "Chest",
            "beginOffset": -1
          },
          "type": "COMMON"
        }
      ]
    },
    {
      "name": "kittens",
      "type": "PERSON",
      "metadata": {},
      "salience": 0.035982937,
      "mentions": [
        {
          "text": {
            "content": "kittens",
            "beginOffset": -1
          },
          "type": "COMMON"
        }
      ]
    },
    {
      "name": "poop",
      "type": "OTHER",
      "metadata": {},
      "salience": 0.014155667,
      "mentions": [
        {
          "text": {
            "content": "poop",
            "beginOffset": -1
          },
          "type": "COMMON"
        }
      ]
    },
    {
      "name": "litter box",
      "type": "OTHER",
      "metadata": {},
      "salience": 0.013480085,
      "mentions": [
        {
          "text": {
            "content": "litter box",
            "beginOffset": -1
          },
          "type": "COMMON"
        }
      ]
    },
    {
      "name": "food",
      "type": "OTHER",
      "metadata": {},
      "salience": 0.013480085,
      "mentions": [
        {
          "text": {
            "content": "food",
            "beginOffset": -1
          },
          "type": "COMMON"
        }
      ]
    },
    {
      "name": "tray",
      "type": "CONSUMER_GOOD",
      "metadata": {},
      "salience": 0.013480085,
      "mentions": [
        {
          "text": {
            "content": "tray",
            "beginOffset": -1
          },
          "type": "COMMON"
        }
      ]
    },
    {
      "name": "kitten",
      "type": "PERSON",
      "metadata": {},
      "salience": 0.010686382,
      "mentions": [
        {
          "text": {
            "content": "kitten",
            "beginOffset": -1
          },
          "type": "COMMON"
        }
      ]
    },
    {
      "name": "EMAIL",
      "type": "OTHER",
      "metadata": {},
      "salience": 0.00940487,
      "mentions": [
        {
          "text": {
            "content": "EMAIL",
            "beginOffset": -1
          },
          "type": "COMMON"
        }
      ]
    }
  ],
  "documentSentiment": {
    "magnitude": 1.1,
    "score": 0.1
  },
  "language": "en",
  "categories": []
}
