{
  "sentences": [
    {
      "text": {
        "content": "hello, i am 2 month old baby girl named Snowy.",
        "beginOffset": -1
      },
      "sentiment": {
        "magnitude": 0,
        "score": 0
      }
    },
    {
      "text": {
        "content": "i am growing bigger and getting fattier staying with my fosterer!",
        "beginOffset": -1
      },
      "sentiment": {
        "magnitude": 0.2,
        "score": 0.2
      }
    },
    {
      "text": {
        "content": "please adopt me to let me have a forever loving home.",
        "beginOffset": -1
      },
      "sentiment": {
        "magnitude": 0.7,
        "score": 0.7
      }
    },
    {
      "text": {
        "content": "i bring you endless laughter and happiness please call miss ooi at to adopt me!",
        "beginOffset": -1
      },
      "sentiment": {
        "magnitude": 0.9,
        "score": 0.9
      }
    }
  ],
  "tokens": [],
  "entities": [
    {
      "name": "baby girl",
      "type": "PERSON",
      "metadata": {},
      "salience": 0.80887485,
      "mentions": [
        {
          "text": {
            "content": "baby girl",
            "beginOffset": -1
          },
          "type": "COMMON"
        }
      ]
    },
    {
      "name": "Snowy",
      "type": "OTHER",
      "metadata": {},
      "salience": 0.06539978,
      "mentions": [
        {
          "text": {
            "content": "Snowy",
            "beginOffset": -1
          },
          "type": "PROPER"
        }
      ]
    },
    {
      "name": "fosterer",
      "type": "PERSON",
      "metadata": {},
      "salience": 0.026496781,
      "mentions": [
        {
          "text": {
            "content": "fosterer",
            "beginOffset": -1
          },
          "type": "COMMON"
        }
      ]
    },
    {
      "name": "staying",
      "type": "OTHER",
      "metadata": {},
      "salience": 0.026176622,
      "mentions": [
        {
          "text": {
            "content": "staying",
            "beginOffset": -1
          },
          "type": "COMMON"
        }
      ]
    },
    {
      "name": "happiness",
      "type": "OTHER",
      "metadata": {},
      "salience": 0.01823065,
      "mentions": [
        {
          "text": {
            "content": "happiness",
            "beginOffset": -1
          },
          "type": "COMMON"
        }
      ]
    },
    {
      "name": "miss",
      "type": "PERSON",
      "metadata": {},
      "salience": 0.01823065,
      "mentions": [
        {
          "text": {
            "content": "miss",
            "beginOffset": -1
          },
          "type": "COMMON"
        }
      ]
    },
    {
      "name": "laughter",
      "type": "OTHER",
      "metadata": {},
      "salience": 0.015745195,
      "mentions": [
        {
          "text": {
            "content": "laughter",
            "beginOffset": -1
          },
          "type": "COMMON"
        }
      ]
    },
    {
      "name": "ooi",
      "type": "PERSON",
      "metadata": {},
      "salience": 0.012789314,
      "mentions": [
        {
          "text": {
            "content": "ooi",
            "beginOffset": -1
          },
          "type": "COMMON"
        }
      ]
    },
    {
      "name": "home",
      "type": "LOCATION",
      "metadata": {},
      "salience": 0.008056144,
      "mentions": [
        {
          "text": {
            "content": "home",
            "beginOffset": -1
          },
          "type": "COMMON"
        }
      ]
    }
  ],
  "documentSentiment": {
    "magnitude": 2,
    "score": 0.5
  },
  "language": "en",
  "categories": []
}
