{
  "sentences": [
    {
      "text": {
        "content": "- house trained (still need reinforcement) - active, playful, intelligent, loyal, and obedient - two conditions: (i) Affectionate dog lover who lives in Petaling Jaya or Kepong.",
        "beginOffset": -1
      },
      "sentiment": {
        "magnitude": 0.8,
        "score": 0.8
      }
    },
    {
      "text": {
        "content": "Expected to provide good food, good medical care, and a good shelter.",
        "beginOffset": -1
      },
      "sentiment": {
        "magnitude": 0,
        "score": 0
      }
    },
    {
      "text": {
        "content": "(ii) Daily walk (minimum 30 mins) is a must.",
        "beginOffset": -1
      },
      "sentiment": {
        "magnitude": 0.3,
        "score": 0.3
      }
    }
  ],
  "tokens": [],
  "entities": [
    {
      "name": "house",
      "type": "LOCATION",
      "metadata": {},
      "salience": 0.26513976,
      "mentions": [
        {
          "text": {
            "content": "house",
            "beginOffset": -1
          },
          "type": "COMMON"
        }
      ]
    },
    {
      "name": "reinforcement",
      "type": "OTHER",
      "metadata": {},
      "salience": 0.23016381,
      "mentions": [
        {
          "text": {
            "content": "reinforcement",
            "beginOffset": -1
          },
          "type": "COMMON"
        }
      ]
    },
    {
      "name": "dog lover",
      "type": "PERSON",
      "metadata": {},
      "salience": 0.19099478,
      "mentions": [
        {
          "text": {
            "content": "dog lover",
            "beginOffset": -1
          },
          "type": "COMMON"
        }
      ]
    },
    {
      "name": "walk",
      "type": "OTHER",
      "metadata": {},
      "salience": 0.10042646,
      "mentions": [
        {
          "text": {
            "content": "walk",
            "beginOffset": -1
          },
          "type": "COMMON"
        },
        {
          "text": {
            "content": "must",
            "beginOffset": -1
          },
          "type": "COMMON"
        }
      ]
    },
    {
      "name": "conditions",
      "type": "OTHER",
      "metadata": {},
      "salience": 0.06380313,
      "mentions": [
        {
          "text": {
            "content": "conditions",
            "beginOffset": -1
          },
          "type": "COMMON"
        }
      ]
    },
    {
      "name": "Petaling Jaya",
      "type": "LOCATION",
      "metadata": {
        "wikipedia_url": "https://en.wikipedia.org/wiki/Petaling_Jaya",
        "mid": "/m/03dqts"
      },
      "salience": 0.045187805,
      "mentions": [
        {
          "text": {
            "content": "Petaling Jaya",
            "beginOffset": -1
          },
          "type": "PROPER"
        }
      ]
    },
    {
      "name": "Kepong",
      "type": "LOCATION",
      "metadata": {
        "wikipedia_url": "https://en.wikipedia.org/wiki/Kepong",
        "mid": "/m/0d0_lw"
      },
      "salience": 0.04152776,
      "mentions": [
        {
          "text": {
            "content": "Kepong",
            "beginOffset": -1
          },
          "type": "PROPER"
        }
      ]
    },
    {
      "name": "food",
      "type": "OTHER",
      "metadata": {},
      "salience": 0.025893299,
      "mentions": [
        {
          "text": {
            "content": "food",
            "beginOffset": -1
          },
          "type": "COMMON"
        }
      ]
    },
    {
      "name": "shelter",
      "type": "LOCATION",
      "metadata": {},
      "salience": 0.025580121,
      "mentions": [
        {
          "text": {
            "content": "shelter",
            "beginOffset": -1
          },
          "type": "COMMON"
        }
      ]
    },
    {
      "name": "care",
      "type": "OTHER",
      "metadata": {},
      "salience": 0.011283065,
      "mentions": [
        {
          "text": {
            "content": "care",
            "beginOffset": -1
          },
          "type": "COMMON"
        }
      ]
    }
  ],
  "documentSentiment": {
    "magnitude": 1.1,
    "score": 0.3
  },
  "language": "en",
  "categories": []
}
