{
  "sentences": [
    {
      "text": {
        "content": "Oreo was dumped in my neighbourhood by his own caretaker (most probably) because he was very clean and in good health when I met him the first time Location: Section 13, Shah Alam",
        "beginOffset": -1
      },
      "sentiment": {
        "magnitude": 0.7,
        "score": 0.7
      }
    }
  ],
  "tokens": [],
  "entities": [
    {
      "name": "Oreo",
      "type": "OTHER",
      "metadata": {
        "mid": "/m/0x1bbzb",
        "wikipedia_url": "https://en.wikipedia.org/wiki/Oreo"
      },
      "salience": 0.26125103,
      "mentions": [
        {
          "text": {
            "content": "Oreo",
            "beginOffset": -1
          },
          "type": "PROPER"
        }
      ]
    },
    {
      "name": "neighbourhood",
      "type": "LOCATION",
      "metadata": {},
      "salience": 0.17195345,
      "mentions": [
        {
          "text": {
            "content": "neighbourhood",
            "beginOffset": -1
          },
          "type": "COMMON"
        }
      ]
    },
    {
      "name": "caretaker",
      "type": "ORGANIZATION",
      "metadata": {},
      "salience": 0.17195345,
      "mentions": [
        {
          "text": {
            "content": "caretaker",
            "beginOffset": -1
          },
          "type": "COMMON"
        }
      ]
    },
    {
      "name": "health",
      "type": "OTHER",
      "metadata": {},
      "salience": 0.109778866,
      "mentions": [
        {
          "text": {
            "content": "health",
            "beginOffset": -1
          },
          "type": "COMMON"
        }
      ]
    },
    {
      "name": "Location",
      "type": "LOCATION",
      "metadata": {},
      "salience": 0.08336698,
      "mentions": [
        {
          "text": {
            "content": "Location",
            "beginOffset": -1
          },
          "type": "COMMON"
        }
      ]
    },
    {
      "name": "time",
      "type": "OTHER",
      "metadata": {},
      "salience": 0.08336698,
      "mentions": [
        {
          "text": {
            "content": "time",
            "beginOffset": -1
          },
          "type": "COMMON"
        }
      ]
    },
    {
      "name": "Section",
      "type": "OTHER",
      "metadata": {},
      "salience": 0.08336698,
      "mentions": [
        {
          "text": {
            "content": "Section",
            "beginOffset": -1
          },
          "type": "COMMON"
        }
      ]
    },
    {
      "name": "Shah Alam",
      "type": "PERSON",
      "metadata": {
        "mid": "/m/0syrf",
        "wikipedia_url": "https://en.wikipedia.org/wiki/Shah_Alam"
      },
      "salience": 0.03496226,
      "mentions": [
        {
          "text": {
            "content": "Shah Alam",
            "beginOffset": -1
          },
          "type": "PROPER"
        }
      ]
    }
  ],
  "documentSentiment": {
    "magnitude": 0.7,
    "score": 0.7
  },
  "language": "en",
  "categories": []
}
