{
  "sentences": [
    {
      "text": {
        "content": "Looking for a good and comfortable home for this beautiful mother cat.",
        "beginOffset": -1
      },
      "sentiment": {
        "magnitude": 0.9,
        "score": 0.9
      }
    },
    {
      "text": {
        "content": "She is well behaved, knows how to use the litter box and is very very sweet and loving.",
        "beginOffset": -1
      },
      "sentiment": {
        "magnitude": 0.9,
        "score": 0.9
      }
    },
    {
      "text": {
        "content": "she has not been neutered or vaccinated and might be pregnant, looking for someone willing to accept her into their home and lives.",
        "beginOffset": -1
      },
      "sentiment": {
        "magnitude": 0,
        "score": 0
      }
    },
    {
      "text": {
        "content": "she needs a home fast otherwise will end up on the street and that's the last thing we want.",
        "beginOffset": -1
      },
      "sentiment": {
        "magnitude": 0.2,
        "score": 0.2
      }
    },
    {
      "text": {
        "content": "Please DM for more info.",
        "beginOffset": -1
      },
      "sentiment": {
        "magnitude": 0,
        "score": 0
      }
    }
  ],
  "tokens": [],
  "entities": [
    {
      "name": "home",
      "type": "LOCATION",
      "metadata": {},
      "salience": 0.3735584,
      "mentions": [
        {
          "text": {
            "content": "home",
            "beginOffset": -1
          },
          "type": "COMMON"
        }
      ]
    },
    {
      "name": "home fast",
      "type": "OTHER",
      "metadata": {},
      "salience": 0.2904402,
      "mentions": [
        {
          "text": {
            "content": "home fast",
            "beginOffset": -1
          },
          "type": "COMMON"
        },
        {
          "text": {
            "content": "thing",
            "beginOffset": -1
          },
          "type": "COMMON"
        }
      ]
    },
    {
      "name": "mother cat",
      "type": "OTHER",
      "metadata": {},
      "salience": 0.123288974,
      "mentions": [
        {
          "text": {
            "content": "mother cat",
            "beginOffset": -1
          },
          "type": "COMMON"
        }
      ]
    },
    {
      "name": "someone",
      "type": "PERSON",
      "metadata": {},
      "salience": 0.095012255,
      "mentions": [
        {
          "text": {
            "content": "someone",
            "beginOffset": -1
          },
          "type": "COMMON"
        }
      ]
    },
    {
      "name": "litter box",
      "type": "OTHER",
      "metadata": {},
      "salience": 0.040934477,
      "mentions": [
        {
          "text": {
            "content": "litter box",
            "beginOffset": -1
          },
          "type": "COMMON"
        }
      ]
    },
    {
      "name": "street",
      "type": "LOCATION",
      "metadata": {},
      "salience": 0.028508727,
      "mentions": [
        {
          "text": {
            "content": "street",
            "beginOffset": -1
          },
          "type": "COMMON"
        }
      ]
    },
    {
      "name": "info",
      "type": "OTHER",
      "metadata": {},
      "salience": 0.019945124,
      "mentions": [
        {
          "text": {
            "content": "info",
            "beginOffset": -1
          },
          "type": "COMMON"
        }
      ]
    },
    {
      "name": "home",
      "type": "LOCATION",
      "metadata": {},
      "salience": 0.015713796,
      "mentions": [
        {
          "text": {
            "content": "home",
            "beginOffset": -1
          },
          "type": "COMMON"
        }
      ]
    },
    {
      "name": "lives",
      "type": "OTHER",
      "metadata": {},
      "salience": 0.012598038,
      "mentions": [
        {
          "text": {
            "content": "lives",
            "beginOffset": -1
          },
          "type": "COMMON"
        }
      ]
    }
  ],
  "documentSentiment": {
    "magnitude": 2.2,
    "score": 0.4
  },
  "language": "en",
  "categories": []
}
