{
  "sentences": [
    {
      "text": {
        "content": "healthy, active &amp; playful.",
        "beginOffset": -1
      },
      "sentiment": {
        "magnitude": 0.5,
        "score": 0.5
      }
    },
    {
      "text": {
        "content": "adopter must vaccine+deworm her this year.",
        "beginOffset": -1
      },
      "sentiment": {
        "magnitude": 0.8,
        "score": 0.8
      }
    },
    {
      "text": {
        "content": "send the latest photo after few weeks to make sure she is ok with u.",
        "beginOffset": -1
      },
      "sentiment": {
        "magnitude": 0.1,
        "score": 0.1
      }
    }
  ],
  "tokens": [],
  "entities": [
    {
      "name": "adopter must vaccine",
      "type": "OTHER",
      "metadata": {},
      "salience": 0.6104965,
      "mentions": [
        {
          "text": {
            "content": "adopter must vaccine",
            "beginOffset": -1
          },
          "type": "COMMON"
        }
      ]
    },
    {
      "name": "photo",
      "type": "WORK_OF_ART",
      "metadata": {},
      "salience": 0.3895035,
      "mentions": [
        {
          "text": {
            "content": "photo",
            "beginOffset": -1
          },
          "type": "COMMON"
        }
      ]
    }
  ],
  "documentSentiment": {
    "magnitude": 1.5,
    "score": 0.5
  },
  "language": "en",
  "categories": []
}
