{
  "sentences": [
    {
      "text": {
        "content": "Upin Ipin, name given to my black beauties.",
        "beginOffset": -1
      },
      "sentiment": {
        "magnitude": 0.6,
        "score": 0.6
      }
    },
    {
      "text": {
        "content": "Rescued and given a new home but I'm desperately looking for someone who can let both live indoor as both beauties are capable of climbing the gate and escape.",
        "beginOffset": -1
      },
      "sentiment": {
        "magnitude": 0.9,
        "score": 0.9
      }
    },
    {
      "text": {
        "content": "Both are well behaved and love to be cuddle at all times.",
        "beginOffset": -1
      },
      "sentiment": {
        "magnitude": 0.9,
        "score": 0.9
      }
    },
    {
      "text": {
        "content": "However, if you wish to keep them in the compound to guard your home, please ensure that the wall is high enough to refrain them from climbing.",
        "beginOffset": -1
      },
      "sentiment": {
        "magnitude": 0.3,
        "score": 0.3
      }
    },
    {
      "text": {
        "content": "Both are smart and will listen to you command.",
        "beginOffset": -1
      },
      "sentiment": {
        "magnitude": 0.5,
        "score": 0.5
      }
    },
    {
      "text": {
        "content": "Please help to share and find them a forever loving home.",
        "beginOffset": -1
      },
      "sentiment": {
        "magnitude": 0.7,
        "score": 0.7
      }
    }
  ],
  "tokens": [],
  "entities": [
    {
      "name": "Upin Ipin",
      "type": "OTHER",
      "metadata": {
        "wikipedia_url": "https://en.wikipedia.org/wiki/Upin_&_Ipin",
        "mid": "/m/04n34bl"
      },
      "salience": 0.4130144,
      "mentions": [
        {
          "text": {
            "content": "Upin Ipin",
            "beginOffset": -1
          },
          "type": "PROPER"
        },
        {
          "text": {
            "content": "name",
            "beginOffset": -1
          },
          "type": "COMMON"
        }
      ]
    },
    {
      "name": "beauties",
      "type": "OTHER",
      "metadata": {},
      "salience": 0.22520566,
      "mentions": [
        {
          "text": {
            "content": "beauties",
            "beginOffset": -1
          },
          "type": "COMMON"
        }
      ]
    },
    {
      "name": "someone",
      "type": "PERSON",
      "metadata": {},
      "salience": 0.09607549,
      "mentions": [
        {
          "text": {
            "content": "someone",
            "beginOffset": -1
          },
          "type": "COMMON"
        }
      ]
    },
    {
      "name": "home",
      "type": "LOCATION",
      "metadata": {},
      "salience": 0.043609455,
      "mentions": [
        {
          "text": {
            "content": "home",
            "beginOffset": -1
          },
          "type": "COMMON"
        }
      ]
    },
    {
      "name": "cuddle",
      "type": "PERSON",
      "metadata": {},
      "salience": 0.032201488,
      "mentions": [
        {
          "text": {
            "content": "cuddle",
            "beginOffset": -1
          },
          "type": "COMMON"
        }
      ]
    },
    {
      "name": "Both",
      "type": "OTHER",
      "metadata": {},
      "salience": 0.031820107,
      "mentions": [
        {
          "text": {
            "content": "Both",
            "beginOffset": -1
          },
          "type": "COMMON"
        }
      ]
    },
    {
      "name": "beauties",
      "type": "OTHER",
      "metadata": {},
      "salience": 0.028837983,
      "mentions": [
        {
          "text": {
            "content": "beauties",
            "beginOffset": -1
          },
          "type": "COMMON"
        }
      ]
    },
    {
      "name": "times",
      "type": "OTHER",
      "metadata": {},
      "salience": 0.0261732,
      "mentions": [
        {
          "text": {
            "content": "times",
            "beginOffset": -1
          },
          "type": "COMMON"
        }
      ]
    },
    {
      "name": "gate",
      "type": "OTHER",
      "metadata": {},
      "salience": 0.025983956,
      "mentions": [
        {
          "text": {
            "content": "gate",
            "beginOffset": -1
          },
          "type": "COMMON"
        }
      ]
    },
    {
      "name": "compound",
      "type": "OTHER",
      "metadata": {},
      "salience": 0.023944825,
      "mentions": [
        {
          "text": {
            "content": "compound",
            "beginOffset": -1
          },
          "type": "COMMON"
        }
      ]
    },
    {
      "name": "Both",
      "type": "OTHER",
      "metadata": {},
      "salience": 0.021927841,
      "mentions": [
        {
          "text": {
            "content": "Both",
            "beginOffset": -1
          },
          "type": "COMMON"
        }
      ]
    },
    {
      "name": "home",
      "type": "LOCATION",
      "metadata": {},
      "salience": 0.012606461,
      "mentions": [
        {
          "text": {
            "content": "home",
            "beginOffset": -1
          },
          "type": "COMMON"
        }
      ]
    },
    {
      "name": "wall",
      "type": "OTHER",
      "metadata": {},
      "salience": 0.0095540015,
      "mentions": [
        {
          "text": {
            "content": "wall",
            "beginOffset": -1
          },
          "type": "COMMON"
        }
      ]
    },
    {
      "name": "home",
      "type": "LOCATION",
      "metadata": {},
      "salience": 0.009045124,
      "mentions": [
        {
          "text": {
            "content": "home",
            "beginOffset": -1
          },
          "type": "COMMON"
        }
      ]
    }
  ],
  "documentSentiment": {
    "magnitude": 4.3,
    "score": 0.7
  },
  "language": "en",
  "categories": []
}
