{
  "sentences": [
    {
      "text": {
        "content": "Little one was rescued a day before she is sent away to be put to sleep.",
        "beginOffset": -1
      },
      "sentiment": {
        "magnitude": 0,
        "score": 0
      }
    }
  ],
  "tokens": [],
  "entities": [
    {
      "name": "Little one",
      "type": "PERSON",
      "metadata": {},
      "salience": 0.89629257,
      "mentions": [
        {
          "text": {
            "content": "Little one",
            "beginOffset": -1
          },
          "type": "COMMON"
        }
      ]
    },
    {
      "name": "sleep",
      "type": "OTHER",
      "metadata": {},
      "salience": 0.103707455,
      "mentions": [
        {
          "text": {
            "content": "sleep",
            "beginOffset": -1
          },
          "type": "COMMON"
        }
      ]
    }
  ],
  "documentSentiment": {
    "magnitude": 0,
    "score": 0
  },
  "language": "en",
  "categories": []
}
