{
  "sentences": [
    {
      "text": {
        "content": "Ceaser is playful and loves kid, a very energetic dog.",
        "beginOffset": -1
      },
      "sentiment": {
        "magnitude": 0.9,
        "score": 0.9
      }
    },
    {
      "text": {
        "content": "loves to play and being pampered. and a very smart boy. he wont run out of the house and will always be by your side when walking out. he will follow you we need to find a good family for ceasar so that he can go to a better place, we are unable to take care of him as we are moving to an apartment where cats and dog are not allowed.",
        "beginOffset": -1
      },
      "sentiment": {
        "magnitude": 0.2,
        "score": -0.2
      }
    },
    {
      "text": {
        "content": "we adopted ceasar from PAWS and we do not want to return him there back unless its the last option.",
        "beginOffset": -1
      },
      "sentiment": {
        "magnitude": 0.2,
        "score": -0.2
      }
    }
  ],
  "tokens": [],
  "entities": [
    {
      "name": "Ceaser",
      "type": "PERSON",
      "metadata": {},
      "salience": 0.5533035,
      "mentions": [
        {
          "text": {
            "content": "Ceaser",
            "beginOffset": -1
          },
          "type": "PROPER"
        },
        {
          "text": {
            "content": "kid",
            "beginOffset": -1
          },
          "type": "COMMON"
        }
      ]
    },
    {
      "name": "dog",
      "type": "OTHER",
      "metadata": {},
      "salience": 0.17070052,
      "mentions": [
        {
          "text": {
            "content": "dog",
            "beginOffset": -1
          },
          "type": "COMMON"
        }
      ]
    },
    {
      "name": "family",
      "type": "PERSON",
      "metadata": {},
      "salience": 0.07116947,
      "mentions": [
        {
          "text": {
            "content": "family",
            "beginOffset": -1
          },
          "type": "COMMON"
        }
      ]
    },
    {
      "name": "pampered.",
      "type": "OTHER",
      "metadata": {},
      "salience": 0.028626889,
      "mentions": [
        {
          "text": {
            "content": "pampered.",
            "beginOffset": -1
          },
          "type": "COMMON"
        }
      ]
    },
    {
      "name": "boy.",
      "type": "OTHER",
      "metadata": {},
      "salience": 0.028626889,
      "mentions": [
        {
          "text": {
            "content": "boy.",
            "beginOffset": -1
          },
          "type": "COMMON"
        }
      ]
    },
    {
      "name": "ceasar",
      "type": "PERSON",
      "metadata": {},
      "salience": 0.024434466,
      "mentions": [
        {
          "text": {
            "content": "ceasar",
            "beginOffset": -1
          },
          "type": "COMMON"
        }
      ]
    },
    {
      "name": "house",
      "type": "LOCATION",
      "metadata": {},
      "salience": 0.019365828,
      "mentions": [
        {
          "text": {
            "content": "house",
            "beginOffset": -1
          },
          "type": "COMMON"
        }
      ]
    },
    {
      "name": "side",
      "type": "OTHER",
      "metadata": {},
      "salience": 0.019365828,
      "mentions": [
        {
          "text": {
            "content": "side",
            "beginOffset": -1
          },
          "type": "COMMON"
        }
      ]
    },
    {
      "name": "place",
      "type": "OTHER",
      "metadata": {},
      "salience": 0.017995026,
      "mentions": [
        {
          "text": {
            "content": "place",
            "beginOffset": -1
          },
          "type": "COMMON"
        }
      ]
    },
    {
      "name": "dog",
      "type": "OTHER",
      "metadata": {},
      "salience": 0.015449153,
      "mentions": [
        {
          "text": {
            "content": "dog",
            "beginOffset": -1
          },
          "type": "COMMON"
        }
      ]
    },
    {
      "name": "apartment",
      "type": "LOCATION",
      "metadata": {},
      "salience": 0.015195665,
      "mentions": [
        {
          "text": {
            "content": "apartment",
            "beginOffset": -1
          },
          "type": "COMMON"
        }
      ]
    },
    {
      "name": "PAWS",
      "type": "OTHER",
      "metadata": {},
      "salience": 0.013509576,
      "mentions": [
        {
          "text": {
            "content": "PAWS",
            "beginOffset": -1
          },
          "type": "COMMON"
        }
      ]
    },
    {
      "name": "option",
      "type": "OTHER",
      "metadata": {},
      "salience": 0.009465251,
      "mentions": [
        {
          "text": {
            "content": "option",
            "beginOffset": -1
          },
          "type": "COMMON"
        }
      ]
    },
    {
      "name": "care",
      "type": "OTHER",
      "metadata": {},
      "salience": 0.0068276464,
      "mentions": [
        {
          "text": {
            "content": "care",
            "beginOffset": -1
          },
          "type": "COMMON"
        }
      ]
    },
    {
      "name": "cats",
      "type": "OTHER",
      "metadata": {},
      "salience": 0.0059642936,
      "mentions": [
        {
          "text": {
            "content": "cats",
            "beginOffset": -1
          },
          "type": "COMMON"
        }
      ]
    }
  ],
  "documentSentiment": {
    "magnitude": 1.4,
    "score": 0.1
  },
  "language": "en",
  "categories": []
}
