{
  "sentences": [
    {
      "text": {
        "content": "Very Cute and adorable short hair Tabby kitten.She is very playful and adventurous.",
        "beginOffset": -1
      },
      "sentiment": {
        "magnitude": 0.9,
        "score": 0.9
      }
    },
    {
      "text": {
        "content": "Very healthy and cheerful baby kitty.",
        "beginOffset": -1
      },
      "sentiment": {
        "magnitude": 0.8,
        "score": 0.8
      }
    },
    {
      "text": {
        "content": "Potty trained. &gt;&gt;",
        "beginOffset": -1
      },
      "sentiment": {
        "magnitude": 0,
        "score": 0
      }
    },
    {
      "text": {
        "content": "Please call Azimah at to meet Nala",
        "beginOffset": -1
      },
      "sentiment": {
        "magnitude": 0,
        "score": 0
      }
    }
  ],
  "tokens": [],
  "entities": [
    {
      "name": "Tabby",
      "type": "OTHER",
      "metadata": {
        "mid": "/m/0g4cd0",
        "wikipedia_url": "https://en.wikipedia.org/wiki/Tabby_cat"
      },
      "salience": 0.7767801,
      "mentions": [
        {
          "text": {
            "content": "Tabby",
            "beginOffset": -1
          },
          "type": "PROPER"
        },
        {
          "text": {
            "content": "hair",
            "beginOffset": -1
          },
          "type": "COMMON"
        }
      ]
    },
    {
      "name": "baby kitty",
      "type": "OTHER",
      "metadata": {},
      "salience": 0.12641954,
      "mentions": [
        {
          "text": {
            "content": "baby kitty",
            "beginOffset": -1
          },
          "type": "COMMON"
        }
      ]
    },
    {
      "name": "Azimah",
      "type": "PERSON",
      "metadata": {},
      "salience": 0.05684705,
      "mentions": [
        {
          "text": {
            "content": "Azimah",
            "beginOffset": -1
          },
          "type": "PROPER"
        }
      ]
    },
    {
      "name": "Nala",
      "type": "PERSON",
      "metadata": {},
      "salience": 0.03995328,
      "mentions": [
        {
          "text": {
            "content": "Nala",
            "beginOffset": -1
          },
          "type": "PROPER"
        }
      ]
    }
  ],
  "documentSentiment": {
    "magnitude": 1.9,
    "score": 0.4
  },
  "language": "en",
  "categories": []
}
