{
  "sentences": [
    {
      "text": {
        "content": "Hi !",
        "beginOffset": -1
      },
      "sentiment": {
        "magnitude": 0.3,
        "score": 0.3
      }
    },
    {
      "text": {
        "content": "My name is Leo.",
        "beginOffset": -1
      },
      "sentiment": {
        "magnitude": 0.1,
        "score": 0.1
      }
    },
    {
      "text": {
        "content": "I was rescued by a cute college girl from a tree near Gombak.",
        "beginOffset": -1
      },
      "sentiment": {
        "magnitude": 0.5,
        "score": 0.5
      }
    },
    {
      "text": {
        "content": "That cute girl cannot bring me to her college so she bring me to a pet shop worker to be my fosterer for a time being.",
        "beginOffset": -1
      },
      "sentiment": {
        "magnitude": 0.1,
        "score": -0.1
      }
    },
    {
      "text": {
        "content": "My fosterer call me Leo because my fur is like a tiger.",
        "beginOffset": -1
      },
      "sentiment": {
        "magnitude": 0.2,
        "score": 0.2
      }
    },
    {
      "text": {
        "content": "Rawr !",
        "beginOffset": -1
      },
      "sentiment": {
        "magnitude": 0.2,
        "score": 0.2
      }
    },
    {
      "text": {
        "content": "I eat like a tiger and i play a lot too.",
        "beginOffset": -1
      },
      "sentiment": {
        "magnitude": 0.2,
        "score": 0.2
      }
    },
    {
      "text": {
        "content": "I am a cheeky yet loving kind of kitty.",
        "beginOffset": -1
      },
      "sentiment": {
        "magnitude": 0.9,
        "score": 0.9
      }
    },
    {
      "text": {
        "content": "I also love to clean myself so that my future mummy and daddy will love my clean fur.",
        "beginOffset": -1
      },
      "sentiment": {
        "magnitude": 0.9,
        "score": 0.9
      }
    },
    {
      "text": {
        "content": "Hihi.",
        "beginOffset": -1
      },
      "sentiment": {
        "magnitude": 0.7,
        "score": 0.7
      }
    },
    {
      "text": {
        "content": "I love to sleep near people because it's soo comfy.",
        "beginOffset": -1
      },
      "sentiment": {
        "magnitude": 0.9,
        "score": 0.9
      }
    },
    {
      "text": {
        "content": "I was also trained by my foster mummy to use litter box !",
        "beginOffset": -1
      },
      "sentiment": {
        "magnitude": 0.3,
        "score": 0.3
      }
    },
    {
      "text": {
        "content": "Yay !",
        "beginOffset": -1
      },
      "sentiment": {
        "magnitude": 0.6,
        "score": 0.6
      }
    },
    {
      "text": {
        "content": "I hope to have a forever home so that i can love and be loved by them until the end of my life.",
        "beginOffset": -1
      },
      "sentiment": {
        "magnitude": 0.5,
        "score": 0.5
      }
    },
    {
      "text": {
        "content": "I am sorry if I'm a bit naughty, but I promise to be a good Leo as possible :p",
        "beginOffset": -1
      },
      "sentiment": {
        "magnitude": 0.6,
        "score": 0.6
      }
    },
    {
      "text": {
        "content": "If you are interested to give me a forever home, you can contact my foster mummy as soon as possible because i can't wait to meet you ! :D",
        "beginOffset": -1
      },
      "sentiment": {
        "magnitude": 0.9,
        "score": 0.9
      }
    },
    {
      "text": {
        "content": "(Nadhira) T&amp;C : MUST vaccine Leo MUST be neuter when Leo is 6 months old Keep in touch with fosterer to update about Leo (please please please dont dissappear after you take Leo from me) Probation period for TWO weeks.",
        "beginOffset": -1
      },
      "sentiment": {
        "magnitude": 0.1,
        "score": -0.1
      }
    },
    {
      "text": {
        "content": "If Leo is not suitable for you or you cannot love Leo will all your heart, you can always give Leo back to me.",
        "beginOffset": -1
      },
      "sentiment": {
        "magnitude": 0.1,
        "score": 0.1
      }
    },
    {
      "text": {
        "content": "Don't wait until Leo suffer.",
        "beginOffset": -1
      },
      "sentiment": {
        "magnitude": 0.5,
        "score": 0.5
      }
    },
    {
      "text": {
        "content": "*it takes time for Leo or any other cats to get use in the new environment and new friends.",
        "beginOffset": -1
      },
      "sentiment": {
        "magnitude": 0.6,
        "score": 0.6
      }
    },
    {
      "text": {
        "content": "Don't give up on Leo just because the senior cats in the house don't like Leo for the first few weeks.",
        "beginOffset": -1
      },
      "sentiment": {
        "magnitude": 0.6,
        "score": -0.6
      }
    },
    {
      "text": {
        "content": "*i will sponsor either one vaccination or neutering cost on the arrangement.",
        "beginOffset": -1
      },
      "sentiment": {
        "magnitude": 0.1,
        "score": 0.1
      }
    }
  ],
  "tokens": [],
  "entities": [
    {
      "name": "Leo",
      "type": "PERSON",
      "metadata": {},
      "salience": 0.35841402,
      "mentions": [
        {
          "text": {
            "content": "Leo",
            "beginOffset": -1
          },
          "type": "PROPER"
        },
        {
          "text": {
            "content": "Leo",
            "beginOffset": -1
          },
          "type": "PROPER"
        },
        {
          "text": {
            "content": "Leo",
            "beginOffset": -1
          },
          "type": "PROPER"
        },
        {
          "text": {
            "content": "Leo",
            "beginOffset": -1
          },
          "type": "PROPER"
        },
        {
          "text": {
            "content": "Leo",
            "beginOffset": -1
          },
          "type": "PROPER"
        },
        {
          "text": {
            "content": "Leo",
            "beginOffset": -1
          },
          "type": "PROPER"
        },
        {
          "text": {
            "content": "Leo",
            "beginOffset": -1
          },
          "type": "PROPER"
        },
        {
          "text": {
            "content": "Leo",
            "beginOffset": -1
          },
          "type": "PROPER"
        }
      ]
    },
    {
      "name": "kind",
      "type": "OTHER",
      "metadata": {},
      "salience": 0.2023618,
      "mentions": [
        {
          "text": {
            "content": "kind",
            "beginOffset": -1
          },
          "type": "COMMON"
        }
      ]
    },
    {
      "name": "fosterer",
      "type": "PERSON",
      "metadata": {},
      "salience": 0.096853375,
      "mentions": [
        {
          "text": {
            "content": "fosterer",
            "beginOffset": -1
          },
          "type": "COMMON"
        },
        {
          "text": {
            "content": "fosterer",
            "beginOffset": -1
          },
          "type": "COMMON"
        }
      ]
    },
    {
      "name": "girl",
      "type": "PERSON",
      "metadata": {},
      "salience": 0.09084896,
      "mentions": [
        {
          "text": {
            "content": "girl",
            "beginOffset": -1
          },
          "type": "COMMON"
        }
      ]
    },
    {
      "name": "Leo",
      "type": "OTHER",
      "metadata": {},
      "salience": 0.021269377,
      "mentions": [
        {
          "text": {
            "content": "Leo",
            "beginOffset": -1
          },
          "type": "PROPER"
        },
        {
          "text": {
            "content": "Leo",
            "beginOffset": -1
          },
          "type": "PROPER"
        },
        {
          "text": {
            "content": "Leo",
            "beginOffset": -1
          },
          "type": "PROPER"
        },
        {
          "text": {
            "content": "Leo",
            "beginOffset": -1
          },
          "type": "PROPER"
        },
        {
          "text": {
            "content": "Leo",
            "beginOffset": -1
          },
          "type": "PROPER"
        },
        {
          "text": {
            "content": "Leo",
            "beginOffset": -1
          },
          "type": "PROPER"
        }
      ]
    },
    {
      "name": "name",
      "type": "OTHER",
      "metadata": {},
      "salience": 0.020057416,
      "mentions": [
        {
          "text": {
            "content": "name",
            "beginOffset": -1
          },
          "type": "COMMON"
        }
      ]
    },
    {
      "name": "college girl",
      "type": "PERSON",
      "metadata": {},
      "salience": 0.018901035,
      "mentions": [
        {
          "text": {
            "content": "college girl",
            "beginOffset": -1
          },
          "type": "COMMON"
        }
      ]
    },
    {
      "name": "college",
      "type": "OTHER",
      "metadata": {},
      "salience": 0.018834742,
      "mentions": [
        {
          "text": {
            "content": "college",
            "beginOffset": -1
          },
          "type": "COMMON"
        }
      ]
    },
    {
      "name": "tree",
      "type": "OTHER",
      "metadata": {},
      "salience": 0.016616482,
      "mentions": [
        {
          "text": {
            "content": "tree",
            "beginOffset": -1
          },
          "type": "COMMON"
        }
      ]
    },
    {
      "name": "pet shop worker",
      "type": "PERSON",
      "metadata": {},
      "salience": 0.01655814,
      "mentions": [
        {
          "text": {
            "content": "pet shop worker",
            "beginOffset": -1
          },
          "type": "COMMON"
        }
      ]
    },
    {
      "name": "Gombak",
      "type": "LOCATION",
      "metadata": {
        "wikipedia_url": "https://en.wikipedia.org/wiki/Gombak_District",
        "mid": "/m/09l6w0"
      },
      "salience": 0.0098456135,
      "mentions": [
        {
          "text": {
            "content": "Gombak",
            "beginOffset": -1
          },
          "type": "PROPER"
        }
      ]
    },
    {
      "name": "fur",
      "type": "OTHER",
      "metadata": {},
      "salience": 0.008578362,
      "mentions": [
        {
          "text": {
            "content": "fur",
            "beginOffset": -1
          },
          "type": "COMMON"
        }
      ]
    },
    {
      "name": "mummy",
      "type": "PERSON",
      "metadata": {},
      "salience": 0.008156623,
      "mentions": [
        {
          "text": {
            "content": "mummy",
            "beginOffset": -1
          },
          "type": "COMMON"
        }
      ]
    },
    {
      "name": "tiger",
      "type": "OTHER",
      "metadata": {},
      "salience": 0.007135793,
      "mentions": [
        {
          "text": {
            "content": "tiger",
            "beginOffset": -1
          },
          "type": "COMMON"
        }
      ]
    },
    {
      "name": "tiger",
      "type": "OTHER",
      "metadata": {},
      "salience": 0.007106373,
      "mentions": [
        {
          "text": {
            "content": "tiger",
            "beginOffset": -1
          },
          "type": "COMMON"
        }
      ]
    },
    {
      "name": "kitty",
      "type": "OTHER",
      "metadata": {},
      "salience": 0.0062331576,
      "mentions": [
        {
          "text": {
            "content": "kitty",
            "beginOffset": -1
          },
          "type": "COMMON"
        }
      ]
    },
    {
      "name": "mummy",
      "type": "OTHER",
      "metadata": {},
      "salience": 0.005223459,
      "mentions": [
        {
          "text": {
            "content": "mummy",
            "beginOffset": -1
          },
          "type": "COMMON"
        }
      ]
    },
    {
      "name": "fur",
      "type": "OTHER",
      "metadata": {},
      "salience": 0.0050846217,
      "mentions": [
        {
          "text": {
            "content": "fur",
            "beginOffset": -1
          },
          "type": "COMMON"
        }
      ]
    },
    {
      "name": "mummy",
      "type": "OTHER",
      "metadata": {},
      "salience": 0.0048350086,
      "mentions": [
        {
          "text": {
            "content": "mummy",
            "beginOffset": -1
          },
          "type": "COMMON"
        }
      ]
    },
    {
      "name": "home",
      "type": "LOCATION",
      "metadata": {},
      "salience": 0.004814478,
      "mentions": [
        {
          "text": {
            "content": "home",
            "beginOffset": -1
          },
          "type": "COMMON"
        }
      ]
    },
    {
      "name": "home",
      "type": "LOCATION",
      "metadata": {},
      "salience": 0.0044102813,
      "mentions": [
        {
          "text": {
            "content": "home",
            "beginOffset": -1
          },
          "type": "COMMON"
        }
      ]
    },
    {
      "name": "MUST vaccine",
      "type": "OTHER",
      "metadata": {},
      "salience": 0.0044069956,
      "mentions": [
        {
          "text": {
            "content": "MUST vaccine",
            "beginOffset": -1
          },
          "type": "COMMON"
        }
      ]
    },
    {
      "name": "end",
      "type": "EVENT",
      "metadata": {},
      "salience": 0.0042292858,
      "mentions": [
        {
          "text": {
            "content": "end",
            "beginOffset": -1
          },
          "type": "COMMON"
        }
      ]
    },
    {
      "name": "life",
      "type": "OTHER",
      "metadata": {},
      "salience": 0.0042292858,
      "mentions": [
        {
          "text": {
            "content": "life",
            "beginOffset": -1
          },
          "type": "COMMON"
        }
      ]
    },
    {
      "name": "daddy",
      "type": "PERSON",
      "metadata": {},
      "salience": 0.0042003617,
      "mentions": [
        {
          "text": {
            "content": "daddy",
            "beginOffset": -1
          },
          "type": "COMMON"
        }
      ]
    },
    {
      "name": "people",
      "type": "PERSON",
      "metadata": {},
      "salience": 0.0041900114,
      "mentions": [
        {
          "text": {
            "content": "people",
            "beginOffset": -1
          },
          "type": "COMMON"
        }
      ]
    },
    {
      "name": "litter box",
      "type": "OTHER",
      "metadata": {},
      "salience": 0.0041855313,
      "mentions": [
        {
          "text": {
            "content": "litter box",
            "beginOffset": -1
          },
          "type": "COMMON"
        }
      ]
    },
    {
      "name": "T&C",
      "type": "OTHER",
      "metadata": {},
      "salience": 0.003871246,
      "mentions": [
        {
          "text": {
            "content": "T&amp;C",
            "beginOffset": -1
          },
          "type": "COMMON"
        }
      ]
    },
    {
      "name": "use",
      "type": "OTHER",
      "metadata": {},
      "salience": 0.0037235846,
      "mentions": [
        {
          "text": {
            "content": "use",
            "beginOffset": -1
          },
          "type": "COMMON"
        }
      ]
    },
    {
      "name": "cats",
      "type": "OTHER",
      "metadata": {},
      "salience": 0.0033147025,
      "mentions": [
        {
          "text": {
            "content": "cats",
            "beginOffset": -1
          },
          "type": "COMMON"
        }
      ]
    },
    {
      "name": "lot",
      "type": "OTHER",
      "metadata": {},
      "salience": 0.0030602915,
      "mentions": [
        {
          "text": {
            "content": "lot",
            "beginOffset": -1
          },
          "type": "COMMON"
        }
      ]
    },
    {
      "name": "heart",
      "type": "OTHER",
      "metadata": {},
      "salience": 0.0029153426,
      "mentions": [
        {
          "text": {
            "content": "heart",
            "beginOffset": -1
          },
          "type": "COMMON"
        }
      ]
    },
    {
      "name": "vaccination",
      "type": "OTHER",
      "metadata": {},
      "salience": 0.0025887091,
      "mentions": [
        {
          "text": {
            "content": "vaccination",
            "beginOffset": -1
          },
          "type": "COMMON"
        }
      ]
    },
    {
      "name": "Hihi",
      "type": "OTHER",
      "metadata": {},
      "salience": 0.0024798866,
      "mentions": [
        {
          "text": {
            "content": "Hihi",
            "beginOffset": -1
          },
          "type": "PROPER"
        }
      ]
    },
    {
      "name": "Nadhira",
      "type": "PERSON",
      "metadata": {},
      "salience": 0.0022884032,
      "mentions": [
        {
          "text": {
            "content": "Nadhira",
            "beginOffset": -1
          },
          "type": "PROPER"
        }
      ]
    },
    {
      "name": "environment",
      "type": "OTHER",
      "metadata": {},
      "salience": 0.0020377787,
      "mentions": [
        {
          "text": {
            "content": "environment",
            "beginOffset": -1
          },
          "type": "COMMON"
        }
      ]
    },
    {
      "name": "friends",
      "type": "PERSON",
      "metadata": {},
      "salience": 0.0020377787,
      "mentions": [
        {
          "text": {
            "content": "friends",
            "beginOffset": -1
          },
          "type": "COMMON"
        }
      ]
    },
    {
      "name": "house",
      "type": "LOCATION",
      "metadata": {},
      "salience": 0.0020365557,
      "mentions": [
        {
          "text": {
            "content": "house",
            "beginOffset": -1
          },
          "type": "COMMON"
        }
      ]
    },
    {
      "name": "arrangement",
      "type": "OTHER",
      "metadata": {},
      "salience": 0.00203539,
      "mentions": [
        {
          "text": {
            "content": "arrangement",
            "beginOffset": -1
          },
          "type": "COMMON"
        }
      ]
    },
    {
      "name": "neutering",
      "type": "OTHER",
      "metadata": {},
      "salience": 0.00203539,
      "mentions": [
        {
          "text": {
            "content": "neutering",
            "beginOffset": -1
          },
          "type": "COMMON"
        }
      ]
    },
    {
      "name": "cost",
      "type": "OTHER",
      "metadata": {},
      "salience": 0.00203539,
      "mentions": [
        {
          "text": {
            "content": "cost",
            "beginOffset": -1
          },
          "type": "COMMON"
        }
      ]
    },
    {
      "name": "fosterer",
      "type": "PERSON",
      "metadata": {},
      "salience": 0.0015967465,
      "mentions": [
        {
          "text": {
            "content": "fosterer",
            "beginOffset": -1
          },
          "type": "COMMON"
        }
      ]
    },
    {
      "name": "cats",
      "type": "OTHER",
      "metadata": {},
      "salience": 0.0015447206,
      "mentions": [
        {
          "text": {
            "content": "cats",
            "beginOffset": -1
          },
          "type": "COMMON"
        }
      ]
    },
    {
      "name": "Keep",
      "type": "OTHER",
      "metadata": {},
      "salience": 0.0015384436,
      "mentions": [
        {
          "text": {
            "content": "Keep",
            "beginOffset": -1
          },
          "type": "COMMON"
        }
      ]
    },
    {
      "name": "touch",
      "type": "OTHER",
      "metadata": {},
      "salience": 0.001279049,
      "mentions": [
        {
          "text": {
            "content": "touch",
            "beginOffset": -1
          },
          "type": "COMMON"
        }
      ]
    }
  ],
  "documentSentiment": {
    "magnitude": 10.7,
    "score": 0.4
  },
  "language": "en",
  "categories": []
}
