{
  "sentences": [
    {
      "text": {
        "content": "URGENTLY IN NEED OF CARING FOSTER PARENTS/HOME.",
        "beginOffset": -1
      },
      "sentiment": {
        "magnitude": 0.4,
        "score": 0.4
      }
    },
    {
      "text": {
        "content": "The RM fee is just for transporting him ANYWHERE in Malaysia.",
        "beginOffset": -1
      },
      "sentiment": {
        "magnitude": 0,
        "score": 0
      }
    },
    {
      "text": {
        "content": "Paid AFTER delivery.",
        "beginOffset": -1
      },
      "sentiment": {
        "magnitude": 0,
        "score": 0
      }
    },
    {
      "text": {
        "content": "I found her abandoned near a night market area, cleaned her up, took her to the vet and kept her inside the house at all time.",
        "beginOffset": -1
      },
      "sentiment": {
        "magnitude": 0.2,
        "score": -0.2
      }
    },
    {
      "text": {
        "content": "Now I'm unable to take care of her due to family commitments but I counldn't bare throwing her back out on the streets.",
        "beginOffset": -1
      },
      "sentiment": {
        "magnitude": 0.3,
        "score": -0.3
      }
    },
    {
      "text": {
        "content": "Pro: She's very friendly, likes to play with stings.",
        "beginOffset": -1
      },
      "sentiment": {
        "magnitude": 0.9,
        "score": 0.9
      }
    },
    {
      "text": {
        "content": "Poopy-trained Shiny black fur coat except for two &quot;white stars&quot; on her chest and belly :P",
        "beginOffset": -1
      },
      "sentiment": {
        "magnitude": 0.6,
        "score": -0.6
      }
    },
    {
      "text": {
        "content": "Cons: she doesn't like being bathed... she'll go into a half-frenzy Please contact after office hours (6pm-10pm)or any time on weekends.",
        "beginOffset": -1
      },
      "sentiment": {
        "magnitude": 0.3,
        "score": -0.3
      }
    }
  ],
  "tokens": [],
  "entities": [
    {
      "name": "HOME",
      "type": "LOCATION",
      "metadata": {},
      "salience": 0.17747411,
      "mentions": [
        {
          "text": {
            "content": "HOME",
            "beginOffset": -1
          },
          "type": "COMMON"
        }
      ]
    },
    {
      "name": "NEED",
      "type": "OTHER",
      "metadata": {},
      "salience": 0.17747411,
      "mentions": [
        {
          "text": {
            "content": "NEED",
            "beginOffset": -1
          },
          "type": "COMMON"
        }
      ]
    },
    {
      "name": "CARING FOSTER PARENTS",
      "type": "PERSON",
      "metadata": {},
      "salience": 0.10686381,
      "mentions": [
        {
          "text": {
            "content": "CARING FOSTER PARENTS",
            "beginOffset": -1
          },
          "type": "PROPER"
        }
      ]
    },
    {
      "name": "fee",
      "type": "OTHER",
      "metadata": {},
      "salience": 0.10438876,
      "mentions": [
        {
          "text": {
            "content": "fee",
            "beginOffset": -1
          },
          "type": "COMMON"
        }
      ]
    },
    {
      "name": "ANYWHERE",
      "type": "LOCATION",
      "metadata": {},
      "salience": 0.08717903,
      "mentions": [
        {
          "text": {
            "content": "ANYWHERE",
            "beginOffset": -1
          },
          "type": "COMMON"
        }
      ]
    },
    {
      "name": "RM",
      "type": "LOCATION",
      "metadata": {},
      "salience": 0.051981974,
      "mentions": [
        {
          "text": {
            "content": "RM",
            "beginOffset": -1
          },
          "type": "PROPER"
        }
      ]
    },
    {
      "name": "delivery",
      "type": "EVENT",
      "metadata": {},
      "salience": 0.03325346,
      "mentions": [
        {
          "text": {
            "content": "delivery",
            "beginOffset": -1
          },
          "type": "COMMON"
        }
      ]
    },
    {
      "name": "night market area",
      "type": "LOCATION",
      "metadata": {},
      "salience": 0.03313685,
      "mentions": [
        {
          "text": {
            "content": "night market area",
            "beginOffset": -1
          },
          "type": "COMMON"
        }
      ]
    },
    {
      "name": "care",
      "type": "OTHER",
      "metadata": {},
      "salience": 0.025879389,
      "mentions": [
        {
          "text": {
            "content": "care",
            "beginOffset": -1
          },
          "type": "COMMON"
        }
      ]
    },
    {
      "name": "Pro",
      "type": "OTHER",
      "metadata": {},
      "salience": 0.024891011,
      "mentions": [
        {
          "text": {
            "content": "Pro",
            "beginOffset": -1
          },
          "type": "COMMON"
        }
      ]
    },
    {
      "name": "family commitments",
      "type": "OTHER",
      "metadata": {},
      "salience": 0.02261934,
      "mentions": [
        {
          "text": {
            "content": "family commitments",
            "beginOffset": -1
          },
          "type": "COMMON"
        }
      ]
    },
    {
      "name": "vet",
      "type": "PERSON",
      "metadata": {},
      "salience": 0.022405181,
      "mentions": [
        {
          "text": {
            "content": "vet",
            "beginOffset": -1
          },
          "type": "COMMON"
        }
      ]
    },
    {
      "name": "house",
      "type": "LOCATION",
      "metadata": {},
      "salience": 0.022405181,
      "mentions": [
        {
          "text": {
            "content": "house",
            "beginOffset": -1
          },
          "type": "COMMON"
        }
      ]
    },
    {
      "name": "streets",
      "type": "LOCATION",
      "metadata": {},
      "salience": 0.020760812,
      "mentions": [
        {
          "text": {
            "content": "streets",
            "beginOffset": -1
          },
          "type": "COMMON"
        }
      ]
    },
    {
      "name": "Malaysia",
      "type": "LOCATION",
      "metadata": {
        "mid": "/m/09pmkv",
        "wikipedia_url": "https://en.wikipedia.org/wiki/Malaysia"
      },
      "salience": 0.019811355,
      "mentions": [
        {
          "text": {
            "content": "Malaysia",
            "beginOffset": -1
          },
          "type": "PROPER"
        }
      ]
    },
    {
      "name": "belly",
      "type": "OTHER",
      "metadata": {},
      "salience": 0.015595195,
      "mentions": [
        {
          "text": {
            "content": "belly",
            "beginOffset": -1
          },
          "type": "COMMON"
        }
      ]
    },
    {
      "name": "Cons",
      "type": "OTHER",
      "metadata": {},
      "salience": 0.015569668,
      "mentions": [
        {
          "text": {
            "content": "Cons",
            "beginOffset": -1
          },
          "type": "COMMON"
        }
      ]
    },
    {
      "name": "half-frenzy",
      "type": "OTHER",
      "metadata": {},
      "salience": 0.01090611,
      "mentions": [
        {
          "text": {
            "content": "half-frenzy",
            "beginOffset": -1
          },
          "type": "COMMON"
        }
      ]
    },
    {
      "name": "stings",
      "type": "OTHER",
      "metadata": {},
      "salience": 0.006860903,
      "mentions": [
        {
          "text": {
            "content": "stings",
            "beginOffset": -1
          },
          "type": "COMMON"
        }
      ]
    },
    {
      "name": "fur coat",
      "type": "OTHER",
      "metadata": {},
      "salience": 0.006847911,
      "mentions": [
        {
          "text": {
            "content": "fur coat",
            "beginOffset": -1
          },
          "type": "COMMON"
        }
      ]
    },
    {
      "name": "stars",
      "type": "OTHER",
      "metadata": {},
      "salience": 0.006847911,
      "mentions": [
        {
          "text": {
            "content": "stars",
            "beginOffset": -1
          },
          "type": "COMMON"
        }
      ]
    },
    {
      "name": "chest",
      "type": "OTHER",
      "metadata": {},
      "salience": 0.006847911,
      "mentions": [
        {
          "text": {
            "content": "chest",
            "beginOffset": -1
          },
          "type": "COMMON"
        }
      ]
    }
  ],
  "documentSentiment": {
    "magnitude": 2.9,
    "score": 0
  },
  "language": "en",
  "categories": []
}
