{
  "sentences": [
    {
      "text": {
        "content": "Travis is a sweet, docile and friendly fellah.",
        "beginOffset": -1
      },
      "sentiment": {
        "magnitude": 0.8,
        "score": 0.8
      }
    },
    {
      "text": {
        "content": "He makes a wonderful companion or family dog.",
        "beginOffset": -1
      },
      "sentiment": {
        "magnitude": 0.9,
        "score": 0.9
      }
    },
    {
      "text": {
        "content": "If you are keen, please call Kin at.",
        "beginOffset": -1
      },
      "sentiment": {
        "magnitude": 0.2,
        "score": 0.2
      }
    },
    {
      "text": {
        "content": "Only genuine dog lovers will be considered.",
        "beginOffset": -1
      },
      "sentiment": {
        "magnitude": 0,
        "score": 0
      }
    },
    {
      "text": {
        "content": "Landed property only.",
        "beginOffset": -1
      },
      "sentiment": {
        "magnitude": 0.1,
        "score": -0.1
      }
    }
  ],
  "tokens": [],
  "entities": [
    {
      "name": "Travis",
      "type": "PERSON",
      "metadata": {},
      "salience": 0.72302705,
      "mentions": [
        {
          "text": {
            "content": "Travis",
            "beginOffset": -1
          },
          "type": "PROPER"
        }
      ]
    },
    {
      "name": "fellah",
      "type": "OTHER",
      "metadata": {},
      "salience": 0.14066423,
      "mentions": [
        {
          "text": {
            "content": "fellah",
            "beginOffset": -1
          },
          "type": "COMMON"
        }
      ]
    },
    {
      "name": "family dog",
      "type": "OTHER",
      "metadata": {},
      "salience": 0.04379382,
      "mentions": [
        {
          "text": {
            "content": "family dog",
            "beginOffset": -1
          },
          "type": "COMMON"
        }
      ]
    },
    {
      "name": "dog lovers",
      "type": "PERSON",
      "metadata": {},
      "salience": 0.036477342,
      "mentions": [
        {
          "text": {
            "content": "dog lovers",
            "beginOffset": -1
          },
          "type": "COMMON"
        }
      ]
    },
    {
      "name": "companion",
      "type": "OTHER",
      "metadata": {},
      "salience": 0.030332213,
      "mentions": [
        {
          "text": {
            "content": "companion",
            "beginOffset": -1
          },
          "type": "COMMON"
        }
      ]
    },
    {
      "name": "property",
      "type": "OTHER",
      "metadata": {},
      "salience": 0.018693604,
      "mentions": [
        {
          "text": {
            "content": "property",
            "beginOffset": -1
          },
          "type": "COMMON"
        }
      ]
    },
    {
      "name": "Kin",
      "type": "PERSON",
      "metadata": {},
      "salience": 0.007011728,
      "mentions": [
        {
          "text": {
            "content": "Kin",
            "beginOffset": -1
          },
          "type": "PROPER"
        }
      ]
    }
  ],
  "documentSentiment": {
    "magnitude": 2.1,
    "score": 0.3
  },
  "language": "en",
  "categories": []
}
