{
  "sentences": [
    {
      "text": {
        "content": "This guy also very cute..Superactive but really happy coz Ashraf adopted him..I think he was the naughty baby i have.. :).",
        "beginOffset": -1
      },
      "sentiment": {
        "magnitude": 0.8,
        "score": 0.8
      }
    },
    {
      "text": {
        "content": "My Polpot Junior..Mummy hope u will be good to Dad Ashraf and new family.",
        "beginOffset": -1
      },
      "sentiment": {
        "magnitude": 0.7,
        "score": 0.7
      }
    },
    {
      "text": {
        "content": "Dont gigit2 them ha coz they r not stormy or optimus prime that u can buli2..they r human my baby.. always remember that mummy love you so much.",
        "beginOffset": -1
      },
      "sentiment": {
        "magnitude": 0,
        "score": 0
      }
    }
  ],
  "tokens": [],
  "entities": [
    {
      "name": "Dad Ashraf",
      "type": "PERSON",
      "metadata": {},
      "salience": 0.41512012,
      "mentions": [
        {
          "text": {
            "content": "Ashraf",
            "beginOffset": -1
          },
          "type": "PROPER"
        },
        {
          "text": {
            "content": "baby",
            "beginOffset": -1
          },
          "type": "COMMON"
        },
        {
          "text": {
            "content": "Dad Ashraf",
            "beginOffset": -1
          },
          "type": "PROPER"
        }
      ]
    },
    {
      "name": "guy",
      "type": "PERSON",
      "metadata": {},
      "salience": 0.37867257,
      "mentions": [
        {
          "text": {
            "content": "guy",
            "beginOffset": -1
          },
          "type": "COMMON"
        }
      ]
    },
    {
      "name": "Superactive",
      "type": "OTHER",
      "metadata": {},
      "salience": 0.08836262,
      "mentions": [
        {
          "text": {
            "content": "Superactive",
            "beginOffset": -1
          },
          "type": "PROPER"
        }
      ]
    },
    {
      "name": "Polpot",
      "type": "PERSON",
      "metadata": {
        "mid": "/m/062fg",
        "wikipedia_url": "https://en.wikipedia.org/wiki/Pol_Pot"
      },
      "salience": 0.056109145,
      "mentions": [
        {
          "text": {
            "content": "Junior",
            "beginOffset": -1
          },
          "type": "COMMON"
        },
        {
          "text": {
            "content": "Polpot",
            "beginOffset": -1
          },
          "type": "PROPER"
        }
      ]
    },
    {
      "name": "family",
      "type": "PERSON",
      "metadata": {},
      "salience": 0.01757176,
      "mentions": [
        {
          "text": {
            "content": "family",
            "beginOffset": -1
          },
          "type": "COMMON"
        }
      ]
    },
    {
      "name": "baby",
      "type": "PERSON",
      "metadata": {},
      "salience": 0.015015451,
      "mentions": [
        {
          "text": {
            "content": "baby",
            "beginOffset": -1
          },
          "type": "COMMON"
        }
      ]
    },
    {
      "name": "prime",
      "type": "OTHER",
      "metadata": {},
      "salience": 0.014769491,
      "mentions": [
        {
          "text": {
            "content": "prime",
            "beginOffset": -1
          },
          "type": "COMMON"
        }
      ]
    },
    {
      "name": "mummy",
      "type": "PERSON",
      "metadata": {},
      "salience": 0.014378819,
      "mentions": [
        {
          "text": {
            "content": "mummy",
            "beginOffset": -1
          },
          "type": "COMMON"
        }
      ]
    }
  ],
  "documentSentiment": {
    "magnitude": 1.7,
    "score": 0.5
  },
  "language": "en",
  "categories": []
}
