{
  "sentences": [
    {
      "text": {
        "content": "Due to dad's health condition, we have to give Lucky away for adoption, request adopter to neuter her.",
        "beginOffset": -1
      },
      "sentiment": {
        "magnitude": 0.9,
        "score": 0.9
      }
    },
    {
      "text": {
        "content": "Lucky is a playful, tame &amp; obedient girl.",
        "beginOffset": -1
      },
      "sentiment": {
        "magnitude": 0.6,
        "score": 0.6
      }
    },
    {
      "text": {
        "content": "We have given away 6 months ago but took back because of the irresponsible adopter.",
        "beginOffset": -1
      },
      "sentiment": {
        "magnitude": 0.7,
        "score": -0.7
      }
    },
    {
      "text": {
        "content": "She is well now &amp; gain back her weight.",
        "beginOffset": -1
      },
      "sentiment": {
        "magnitude": 0.2,
        "score": 0.2
      }
    }
  ],
  "tokens": [],
  "entities": [
    {
      "name": "health condition",
      "type": "OTHER",
      "metadata": {},
      "salience": 0.30248755,
      "mentions": [
        {
          "text": {
            "content": "health condition",
            "beginOffset": -1
          },
          "type": "COMMON"
        }
      ]
    },
    {
      "name": "dad",
      "type": "PERSON",
      "metadata": {},
      "salience": 0.30248755,
      "mentions": [
        {
          "text": {
            "content": "dad",
            "beginOffset": -1
          },
          "type": "COMMON"
        }
      ]
    },
    {
      "name": "adoption",
      "type": "OTHER",
      "metadata": {},
      "salience": 0.15281163,
      "mentions": [
        {
          "text": {
            "content": "adoption",
            "beginOffset": -1
          },
          "type": "COMMON"
        }
      ]
    },
    {
      "name": "Lucky",
      "type": "PERSON",
      "metadata": {},
      "salience": 0.08775603,
      "mentions": [
        {
          "text": {
            "content": "Lucky",
            "beginOffset": -1
          },
          "type": "PROPER"
        },
        {
          "text": {
            "content": "Lucky",
            "beginOffset": -1
          },
          "type": "PROPER"
        }
      ]
    },
    {
      "name": "request",
      "type": "OTHER",
      "metadata": {},
      "salience": 0.084988005,
      "mentions": [
        {
          "text": {
            "content": "request",
            "beginOffset": -1
          },
          "type": "COMMON"
        }
      ]
    },
    {
      "name": "girl",
      "type": "PERSON",
      "metadata": {},
      "salience": 0.049150623,
      "mentions": [
        {
          "text": {
            "content": "girl",
            "beginOffset": -1
          },
          "type": "COMMON"
        }
      ]
    },
    {
      "name": "weight",
      "type": "OTHER",
      "metadata": {},
      "salience": 0.020318603,
      "mentions": [
        {
          "text": {
            "content": "weight",
            "beginOffset": -1
          },
          "type": "COMMON"
        }
      ]
    }
  ],
  "documentSentiment": {
    "magnitude": 2.5,
    "score": 0.2
  },
  "language": "en",
  "categories": []
}
