{
  "sentences": [
    {
      "text": {
        "content": "He is a male and 5yrs old.",
        "beginOffset": -1
      },
      "sentiment": {
        "magnitude": 0.2,
        "score": 0.2
      }
    },
    {
      "text": {
        "content": "He is very friendly and playful.But I cant take care of it anymore because I've to move to other place.So i hope you can adopt it and its urgently.Thanks.Feel free please call or email me to ask for any enquiries, I'll be very please to answer you.",
        "beginOffset": -1
      },
      "sentiment": {
        "magnitude": 0.5,
        "score": 0.5
      }
    },
    {
      "text": {
        "content": "my contact number(Mr Loo)",
        "beginOffset": -1
      },
      "sentiment": {
        "magnitude": 0.3,
        "score": 0.3
      }
    }
  ],
  "tokens": [],
  "entities": [
    {
      "name": "male",
      "type": "PERSON",
      "metadata": {},
      "salience": 0.85893697,
      "mentions": [
        {
          "text": {
            "content": "male",
            "beginOffset": -1
          },
          "type": "COMMON"
        }
      ]
    },
    {
      "name": "care",
      "type": "OTHER",
      "metadata": {},
      "salience": 0.07970635,
      "mentions": [
        {
          "text": {
            "content": "care",
            "beginOffset": -1
          },
          "type": "COMMON"
        }
      ]
    },
    {
      "name": "Loo",
      "type": "PERSON",
      "metadata": {},
      "salience": 0.022050768,
      "mentions": [
        {
          "text": {
            "content": "Loo",
            "beginOffset": -1
          },
          "type": "PROPER"
        },
        {
          "text": {
            "content": "Mr",
            "beginOffset": -1
          },
          "type": "COMMON"
        }
      ]
    },
    {
      "name": "place.So",
      "type": "LOCATION",
      "metadata": {},
      "salience": 0.012104229,
      "mentions": [
        {
          "text": {
            "content": "place.So",
            "beginOffset": -1
          },
          "type": "PROPER"
        }
      ]
    },
    {
      "name": "Thanks.Feel",
      "type": "OTHER",
      "metadata": {},
      "salience": 0.01111002,
      "mentions": [
        {
          "text": {
            "content": "Thanks.Feel",
            "beginOffset": -1
          },
          "type": "PROPER"
        }
      ]
    },
    {
      "name": "contact number",
      "type": "OTHER",
      "metadata": {},
      "salience": 0.009868971,
      "mentions": [
        {
          "text": {
            "content": "contact number",
            "beginOffset": -1
          },
          "type": "COMMON"
        }
      ]
    },
    {
      "name": "enquiries",
      "type": "OTHER",
      "metadata": {},
      "salience": 0.006222695,
      "mentions": [
        {
          "text": {
            "content": "enquiries",
            "beginOffset": -1
          },
          "type": "COMMON"
        }
      ]
    }
  ],
  "documentSentiment": {
    "magnitude": 1.1,
    "score": 0.3
  },
  "language": "en",
  "categories": []
}
