{
  "sentences": [
    {
      "text": {
        "content": "Botak's rescuers were enjoying their Merdeka day holiday on Monday 31st August when to their horror, they saw an evil, vile, detestable person throw a puppy out the window of a moving car.",
        "beginOffset": -1
      },
      "sentiment": {
        "magnitude": 0.9,
        "score": -0.9
      }
    },
    {
      "text": {
        "content": "It was Botak!!",
        "beginOffset": -1
      },
      "sentiment": {
        "magnitude": 0,
        "score": 0
      }
    },
    {
      "text": {
        "content": "He was just a tiny pup then and almost completely bald.",
        "beginOffset": -1
      },
      "sentiment": {
        "magnitude": 0.4,
        "score": -0.4
      }
    },
    {
      "text": {
        "content": "Now he is an active, healthy, and playful boy with a beautiful shiny coat of fur.",
        "beginOffset": -1
      },
      "sentiment": {
        "magnitude": 0.7,
        "score": 0.7
      }
    },
    {
      "text": {
        "content": "He's enjoying life so much now, he can't even sit still to have his picture taken! he's so excited to be alive and loved.",
        "beginOffset": -1
      },
      "sentiment": {
        "magnitude": 0.4,
        "score": 0.4
      }
    },
    {
      "text": {
        "content": "Now what he needs is a permanent home with someone that wants to love and nurture him forever.",
        "beginOffset": -1
      },
      "sentiment": {
        "magnitude": 0.9,
        "score": 0.9
      }
    },
    {
      "text": {
        "content": "Are you that person?",
        "beginOffset": -1
      },
      "sentiment": {
        "magnitude": 0,
        "score": 0
      }
    },
    {
      "text": {
        "content": "If you want to be that special person in Botak's life, please call Leigh at .",
        "beginOffset": -1
      },
      "sentiment": {
        "magnitude": 0.2,
        "score": 0.2
      }
    },
    {
      "text": {
        "content": "Serious enquiries only please.",
        "beginOffset": -1
      },
      "sentiment": {
        "magnitude": 0.2,
        "score": -0.2
      }
    },
    {
      "text": {
        "content": "Please note that I am not Botak's fosterer.",
        "beginOffset": -1
      },
      "sentiment": {
        "magnitude": 0,
        "score": 0
      }
    },
    {
      "text": {
        "content": "So it would be best to call Leigh directly for adoption enquiries.",
        "beginOffset": -1
      },
      "sentiment": {
        "magnitude": 0.8,
        "score": 0.8
      }
    },
    {
      "text": {
        "content": "Thanks..",
        "beginOffset": -1
      },
      "sentiment": {
        "magnitude": 0.3,
        "score": 0.3
      }
    }
  ],
  "tokens": [],
  "entities": [
    {
      "name": "Botak",
      "type": "PERSON",
      "metadata": {},
      "salience": 0.67566115,
      "mentions": [
        {
          "text": {
            "content": "Botak",
            "beginOffset": -1
          },
          "type": "PROPER"
        },
        {
          "text": {
            "content": "Botak",
            "beginOffset": -1
          },
          "type": "PROPER"
        },
        {
          "text": {
            "content": "pup",
            "beginOffset": -1
          },
          "type": "COMMON"
        },
        {
          "text": {
            "content": "boy",
            "beginOffset": -1
          },
          "type": "COMMON"
        },
        {
          "text": {
            "content": "Botak",
            "beginOffset": -1
          },
          "type": "PROPER"
        },
        {
          "text": {
            "content": "Botak",
            "beginOffset": -1
          },
          "type": "PROPER"
        }
      ]
    },
    {
      "name": "rescuers",
      "type": "PERSON",
      "metadata": {},
      "salience": 0.16565292,
      "mentions": [
        {
          "text": {
            "content": "rescuers",
            "beginOffset": -1
          },
          "type": "COMMON"
        }
      ]
    },
    {
      "name": "horror",
      "type": "OTHER",
      "metadata": {},
      "salience": 0.028937323,
      "mentions": [
        {
          "text": {
            "content": "horror",
            "beginOffset": -1
          },
          "type": "COMMON"
        }
      ]
    },
    {
      "name": "holiday",
      "type": "EVENT",
      "metadata": {},
      "salience": 0.02825786,
      "mentions": [
        {
          "text": {
            "content": "holiday",
            "beginOffset": -1
          },
          "type": "COMMON"
        }
      ]
    },
    {
      "name": "Merdeka",
      "type": "ORGANIZATION",
      "metadata": {},
      "salience": 0.01734885,
      "mentions": [
        {
          "text": {
            "content": "Merdeka",
            "beginOffset": -1
          },
          "type": "PROPER"
        }
      ]
    },
    {
      "name": "person",
      "type": "PERSON",
      "metadata": {},
      "salience": 0.015147662,
      "mentions": [
        {
          "text": {
            "content": "person",
            "beginOffset": -1
          },
          "type": "COMMON"
        }
      ]
    },
    {
      "name": "puppy",
      "type": "OTHER",
      "metadata": {},
      "salience": 0.011185645,
      "mentions": [
        {
          "text": {
            "content": "puppy",
            "beginOffset": -1
          },
          "type": "COMMON"
        }
      ]
    },
    {
      "name": "window",
      "type": "OTHER",
      "metadata": {},
      "salience": 0.011185645,
      "mentions": [
        {
          "text": {
            "content": "window",
            "beginOffset": -1
          },
          "type": "COMMON"
        }
      ]
    },
    {
      "name": "car",
      "type": "CONSUMER_GOOD",
      "metadata": {},
      "salience": 0.011185645,
      "mentions": [
        {
          "text": {
            "content": "car",
            "beginOffset": -1
          },
          "type": "COMMON"
        }
      ]
    },
    {
      "name": "picture",
      "type": "WORK_OF_ART",
      "metadata": {},
      "salience": 0.0049626655,
      "mentions": [
        {
          "text": {
            "content": "picture",
            "beginOffset": -1
          },
          "type": "COMMON"
        }
      ]
    },
    {
      "name": "life",
      "type": "OTHER",
      "metadata": {},
      "salience": 0.0040566013,
      "mentions": [
        {
          "text": {
            "content": "life",
            "beginOffset": -1
          },
          "type": "COMMON"
        }
      ]
    },
    {
      "name": "person",
      "type": "PERSON",
      "metadata": {},
      "salience": 0.0038629645,
      "mentions": [
        {
          "text": {
            "content": "person",
            "beginOffset": -1
          },
          "type": "COMMON"
        }
      ]
    },
    {
      "name": "fur",
      "type": "OTHER",
      "metadata": {},
      "salience": 0.0036632954,
      "mentions": [
        {
          "text": {
            "content": "fur",
            "beginOffset": -1
          },
          "type": "COMMON"
        }
      ]
    },
    {
      "name": "coat",
      "type": "OTHER",
      "metadata": {},
      "salience": 0.0036632954,
      "mentions": [
        {
          "text": {
            "content": "coat",
            "beginOffset": -1
          },
          "type": "COMMON"
        }
      ]
    },
    {
      "name": "life",
      "type": "OTHER",
      "metadata": {},
      "salience": 0.0028609163,
      "mentions": [
        {
          "text": {
            "content": "life",
            "beginOffset": -1
          },
          "type": "COMMON"
        }
      ]
    },
    {
      "name": "enquiries",
      "type": "OTHER",
      "metadata": {},
      "salience": 0.0028567833,
      "mentions": [
        {
          "text": {
            "content": "enquiries",
            "beginOffset": -1
          },
          "type": "COMMON"
        }
      ]
    },
    {
      "name": "adoption enquiries",
      "type": "OTHER",
      "metadata": {},
      "salience": 0.001995856,
      "mentions": [
        {
          "text": {
            "content": "adoption enquiries",
            "beginOffset": -1
          },
          "type": "COMMON"
        }
      ]
    },
    {
      "name": "fosterer",
      "type": "PERSON",
      "metadata": {},
      "salience": 0.001755385,
      "mentions": [
        {
          "text": {
            "content": "fosterer",
            "beginOffset": -1
          },
          "type": "COMMON"
        }
      ]
    },
    {
      "name": "person",
      "type": "PERSON",
      "metadata": {},
      "salience": 0.0017420267,
      "mentions": [
        {
          "text": {
            "content": "person",
            "beginOffset": -1
          },
          "type": "COMMON"
        }
      ]
    },
    {
      "name": "Leigh",
      "type": "LOCATION",
      "metadata": {},
      "salience": 0.0014946751,
      "mentions": [
        {
          "text": {
            "content": "Leigh",
            "beginOffset": -1
          },
          "type": "PROPER"
        },
        {
          "text": {
            "content": "Leigh",
            "beginOffset": -1
          },
          "type": "PROPER"
        }
      ]
    },
    {
      "name": "home",
      "type": "LOCATION",
      "metadata": {},
      "salience": 0.0014157762,
      "mentions": [
        {
          "text": {
            "content": "home",
            "beginOffset": -1
          },
          "type": "COMMON"
        }
      ]
    },
    {
      "name": "someone",
      "type": "PERSON",
      "metadata": {},
      "salience": 0.0011070517,
      "mentions": [
        {
          "text": {
            "content": "someone",
            "beginOffset": -1
          },
          "type": "COMMON"
        }
      ]
    }
  ],
  "documentSentiment": {
    "magnitude": 5.1,
    "score": 0.1
  },
  "language": "en",
  "categories": []
}
