{
  "sentences": [
    {
      "text": {
        "content": "6 weeks puppies-3 males same color and same face too.",
        "beginOffset": -1
      },
      "sentiment": {
        "magnitude": 0.4,
        "score": -0.4
      }
    },
    {
      "text": {
        "content": "healthy and can eat dry dog food.",
        "beginOffset": -1
      },
      "sentiment": {
        "magnitude": 0.1,
        "score": -0.1
      }
    },
    {
      "text": {
        "content": "found at residence house area.",
        "beginOffset": -1
      },
      "sentiment": {
        "magnitude": 0.1,
        "score": 0.1
      }
    }
  ],
  "tokens": [],
  "entities": [
    {
      "name": "puppies",
      "type": "OTHER",
      "metadata": {},
      "salience": 0.45753273,
      "mentions": [
        {
          "text": {
            "content": "puppies",
            "beginOffset": -1
          },
          "type": "COMMON"
        }
      ]
    },
    {
      "name": "males",
      "type": "PERSON",
      "metadata": {},
      "salience": 0.20258072,
      "mentions": [
        {
          "text": {
            "content": "males",
            "beginOffset": -1
          },
          "type": "COMMON"
        }
      ]
    },
    {
      "name": "color",
      "type": "OTHER",
      "metadata": {},
      "salience": 0.14138955,
      "mentions": [
        {
          "text": {
            "content": "color",
            "beginOffset": -1
          },
          "type": "COMMON"
        }
      ]
    },
    {
      "name": "face",
      "type": "OTHER",
      "metadata": {},
      "salience": 0.14138955,
      "mentions": [
        {
          "text": {
            "content": "face",
            "beginOffset": -1
          },
          "type": "COMMON"
        }
      ]
    },
    {
      "name": "residence house area",
      "type": "LOCATION",
      "metadata": {},
      "salience": 0.034958888,
      "mentions": [
        {
          "text": {
            "content": "residence house area",
            "beginOffset": -1
          },
          "type": "COMMON"
        }
      ]
    },
    {
      "name": "dog food",
      "type": "OTHER",
      "metadata": {},
      "salience": 0.022148553,
      "mentions": [
        {
          "text": {
            "content": "dog food",
            "beginOffset": -1
          },
          "type": "COMMON"
        }
      ]
    }
  ],
  "documentSentiment": {
    "magnitude": 0.7,
    "score": -0.1
  },
  "language": "en",
  "categories": []
}
