{
  "sentences": [
    {
      "text": {
        "content": "2 to 3-month-old puppies and their mother found in Fair Park, Ipoh.",
        "beginOffset": -1
      },
      "sentiment": {
        "magnitude": 0.1,
        "score": 0.1
      }
    },
    {
      "text": {
        "content": "Mother looks healthy and is friendly, could use a bit of tlc.",
        "beginOffset": -1
      },
      "sentiment": {
        "magnitude": 0.8,
        "score": 0.8
      }
    },
    {
      "text": {
        "content": "They are taking shelter with under a shed nearby and are being cared for by concerned neighbours.",
        "beginOffset": -1
      },
      "sentiment": {
        "magnitude": 0,
        "score": 0
      }
    },
    {
      "text": {
        "content": "However, we cannot look after them for long; a mother with 6 pups are too many to be taken in by people in the area who mostly already have pets of our own.",
        "beginOffset": -1
      },
      "sentiment": {
        "magnitude": 0.2,
        "score": -0.2
      }
    },
    {
      "text": {
        "content": "Please contact me if you are interested.",
        "beginOffset": -1
      },
      "sentiment": {
        "magnitude": 0,
        "score": 0
      }
    }
  ],
  "tokens": [],
  "entities": [
    {
      "name": "puppies",
      "type": "OTHER",
      "metadata": {},
      "salience": 0.43570977,
      "mentions": [
        {
          "text": {
            "content": "puppies",
            "beginOffset": -1
          },
          "type": "COMMON"
        }
      ]
    },
    {
      "name": "mother",
      "type": "PERSON",
      "metadata": {},
      "salience": 0.23360774,
      "mentions": [
        {
          "text": {
            "content": "mother",
            "beginOffset": -1
          },
          "type": "COMMON"
        }
      ]
    },
    {
      "name": "Fair Park",
      "type": "LOCATION",
      "metadata": {
        "mid": "/g/1tdzt6ly"
      },
      "salience": 0.04523064,
      "mentions": [
        {
          "text": {
            "content": "Fair Park",
            "beginOffset": -1
          },
          "type": "PROPER"
        }
      ]
    },
    {
      "name": "Ipoh",
      "type": "LOCATION",
      "metadata": {
        "mid": "/m/01rv39",
        "wikipedia_url": "https://en.wikipedia.org/wiki/Ipoh"
      },
      "salience": 0.04523064,
      "mentions": [
        {
          "text": {
            "content": "Ipoh",
            "beginOffset": -1
          },
          "type": "PROPER"
        }
      ]
    },
    {
      "name": "Mother",
      "type": "PERSON",
      "metadata": {},
      "salience": 0.044722196,
      "mentions": [
        {
          "text": {
            "content": "Mother",
            "beginOffset": -1
          },
          "type": "COMMON"
        }
      ]
    },
    {
      "name": "people",
      "type": "PERSON",
      "metadata": {},
      "salience": 0.042339444,
      "mentions": [
        {
          "text": {
            "content": "people",
            "beginOffset": -1
          },
          "type": "COMMON"
        }
      ]
    },
    {
      "name": "shelter",
      "type": "OTHER",
      "metadata": {},
      "salience": 0.028738346,
      "mentions": [
        {
          "text": {
            "content": "shelter",
            "beginOffset": -1
          },
          "type": "COMMON"
        }
      ]
    },
    {
      "name": "bit",
      "type": "OTHER",
      "metadata": {},
      "salience": 0.024951605,
      "mentions": [
        {
          "text": {
            "content": "bit",
            "beginOffset": -1
          },
          "type": "COMMON"
        }
      ]
    },
    {
      "name": "tlc",
      "type": "OTHER",
      "metadata": {},
      "salience": 0.024951605,
      "mentions": [
        {
          "text": {
            "content": "tlc",
            "beginOffset": -1
          },
          "type": "COMMON"
        }
      ]
    },
    {
      "name": "neighbours",
      "type": "PERSON",
      "metadata": {},
      "salience": 0.023075955,
      "mentions": [
        {
          "text": {
            "content": "neighbours",
            "beginOffset": -1
          },
          "type": "COMMON"
        }
      ]
    },
    {
      "name": "area",
      "type": "LOCATION",
      "metadata": {},
      "salience": 0.017361095,
      "mentions": [
        {
          "text": {
            "content": "area",
            "beginOffset": -1
          },
          "type": "COMMON"
        }
      ]
    },
    {
      "name": "pets",
      "type": "OTHER",
      "metadata": {},
      "salience": 0.017150007,
      "mentions": [
        {
          "text": {
            "content": "pets",
            "beginOffset": -1
          },
          "type": "COMMON"
        }
      ]
    },
    {
      "name": "mother",
      "type": "PERSON",
      "metadata": {},
      "salience": 0.009295365,
      "mentions": [
        {
          "text": {
            "content": "mother",
            "beginOffset": -1
          },
          "type": "COMMON"
        }
      ]
    },
    {
      "name": "pups",
      "type": "PERSON",
      "metadata": {},
      "salience": 0.0076356074,
      "mentions": [
        {
          "text": {
            "content": "pups",
            "beginOffset": -1
          },
          "type": "COMMON"
        }
      ]
    }
  ],
  "documentSentiment": {
    "magnitude": 1.3,
    "score": 0.1
  },
  "language": "en",
  "categories": []
}
