{
  "sentences": [
    {
      "text": {
        "content": "Hai,if u are interest with my cute n lovely kitten,pls do a call details about my princes : Name : Sven Gender : Female Age : 2 month plus price neg til neg.",
        "beginOffset": -1
      },
      "sentiment": {
        "magnitude": 0.5,
        "score": 0.5
      }
    },
    {
      "text": {
        "content": "last pic father &amp; mother mating time healthy ,hyper and aktif food : RC kitten and wet food thnks",
        "beginOffset": -1
      },
      "sentiment": {
        "magnitude": 0.6,
        "score": 0.6
      }
    }
  ],
  "tokens": [],
  "entities": [
    {
      "name": "interest",
      "type": "OTHER",
      "metadata": {},
      "salience": 0.34175575,
      "mentions": [
        {
          "text": {
            "content": "interest",
            "beginOffset": -1
          },
          "type": "COMMON"
        }
      ]
    },
    {
      "name": "kitten",
      "type": "PERSON",
      "metadata": {},
      "salience": 0.16034283,
      "mentions": [
        {
          "text": {
            "content": "kitten",
            "beginOffset": -1
          },
          "type": "COMMON"
        }
      ]
    },
    {
      "name": "call details",
      "type": "OTHER",
      "metadata": {},
      "salience": 0.12151948,
      "mentions": [
        {
          "text": {
            "content": "call details",
            "beginOffset": -1
          },
          "type": "COMMON"
        }
      ]
    },
    {
      "name": "princes",
      "type": "OTHER",
      "metadata": {},
      "salience": 0.09693343,
      "mentions": [
        {
          "text": {
            "content": "princes",
            "beginOffset": -1
          },
          "type": "COMMON"
        }
      ]
    },
    {
      "name": "price",
      "type": "OTHER",
      "metadata": {},
      "salience": 0.09022319,
      "mentions": [
        {
          "text": {
            "content": "price",
            "beginOffset": -1
          },
          "type": "COMMON"
        }
      ]
    },
    {
      "name": "Name : Sven Gender : Female Age",
      "type": "OTHER",
      "metadata": {},
      "salience": 0.05868687,
      "mentions": [
        {
          "text": {
            "content": "Name : Sven Gender : Female Age",
            "beginOffset": -1
          },
          "type": "PROPER"
        }
      ]
    },
    {
      "name": "food",
      "type": "OTHER",
      "metadata": {},
      "salience": 0.037725806,
      "mentions": [
        {
          "text": {
            "content": "food",
            "beginOffset": -1
          },
          "type": "COMMON"
        }
      ]
    },
    {
      "name": "kitten",
      "type": "PERSON",
      "metadata": {},
      "salience": 0.026487797,
      "mentions": [
        {
          "text": {
            "content": "kitten",
            "beginOffset": -1
          },
          "type": "COMMON"
        }
      ]
    },
    {
      "name": "food thnks",
      "type": "OTHER",
      "metadata": {},
      "salience": 0.02328569,
      "mentions": [
        {
          "text": {
            "content": "food thnks",
            "beginOffset": -1
          },
          "type": "COMMON"
        }
      ]
    },
    {
      "name": "pic father",
      "type": "PERSON",
      "metadata": {},
      "salience": 0.01462143,
      "mentions": [
        {
          "text": {
            "content": "pic father",
            "beginOffset": -1
          },
          "type": "COMMON"
        }
      ]
    },
    {
      "name": "mother",
      "type": "PERSON",
      "metadata": {},
      "salience": 0.01462143,
      "mentions": [
        {
          "text": {
            "content": "mother",
            "beginOffset": -1
          },
          "type": "COMMON"
        }
      ]
    },
    {
      "name": "RC",
      "type": "ORGANIZATION",
      "metadata": {},
      "salience": 0.013796296,
      "mentions": [
        {
          "text": {
            "content": "RC",
            "beginOffset": -1
          },
          "type": "PROPER"
        }
      ]
    }
  ],
  "documentSentiment": {
    "magnitude": 1.2,
    "score": 0.6
  },
  "language": "en",
  "categories": []
}
