{
  "sentences": [
    {
      "text": {
        "content": "Friendly &amp; Playful",
        "beginOffset": -1
      },
      "sentiment": {
        "magnitude": 0.8,
        "score": 0.8
      }
    }
  ],
  "tokens": [],
  "entities": [
    {
      "name": "Friendly",
      "type": "EVENT",
      "metadata": {},
      "salience": 1,
      "mentions": [
        {
          "text": {
            "content": "Friendly",
            "beginOffset": -1
          },
          "type": "COMMON"
        }
      ]
    }
  ],
  "documentSentiment": {
    "magnitude": 0.8,
    "score": 0.8
  },
  "language": "en",
  "categories": []
}
