{
  "sentences": [
    {
      "text": {
        "content": "KD is very affectionate and loves to be held and stroked.",
        "beginOffset": -1
      },
      "sentiment": {
        "magnitude": 0.9,
        "score": 0.9
      }
    },
    {
      "text": {
        "content": "He likes to play football and dribbles the ball well.",
        "beginOffset": -1
      },
      "sentiment": {
        "magnitude": 0.6,
        "score": 0.6
      }
    },
    {
      "text": {
        "content": "He is learning to play fetch.",
        "beginOffset": -1
      },
      "sentiment": {
        "magnitude": 0.8,
        "score": 0.8
      }
    },
    {
      "text": {
        "content": "He has lovely soft fur.",
        "beginOffset": -1
      },
      "sentiment": {
        "magnitude": 0.9,
        "score": 0.9
      }
    }
  ],
  "tokens": [],
  "entities": [
    {
      "name": "KD",
      "type": "PERSON",
      "metadata": {},
      "salience": 0.8620597,
      "mentions": [
        {
          "text": {
            "content": "KD",
            "beginOffset": -1
          },
          "type": "COMMON"
        }
      ]
    },
    {
      "name": "ball",
      "type": "OTHER",
      "metadata": {},
      "salience": 0.06661049,
      "mentions": [
        {
          "text": {
            "content": "ball",
            "beginOffset": -1
          },
          "type": "COMMON"
        }
      ]
    },
    {
      "name": "football",
      "type": "OTHER",
      "metadata": {},
      "salience": 0.036030993,
      "mentions": [
        {
          "text": {
            "content": "football",
            "beginOffset": -1
          },
          "type": "COMMON"
        }
      ]
    },
    {
      "name": "fur",
      "type": "OTHER",
      "metadata": {},
      "salience": 0.035298828,
      "mentions": [
        {
          "text": {
            "content": "fur",
            "beginOffset": -1
          },
          "type": "COMMON"
        }
      ]
    }
  ],
  "documentSentiment": {
    "magnitude": 3.2,
    "score": 0.8
  },
  "language": "en",
  "categories": []
}
