{
  "sentences": [
    {
      "text": {
        "content": "During Holidays in Penang, She found me on the beach and I couldn't resist her cuteness, took her back to Nilai . and everytime I would go to my country for holidays (MAuritius) I would leave her at my friend's place, they would all like her as she loves people and is very sweet, playfull.",
        "beginOffset": -1
      },
      "sentiment": {
        "magnitude": 0.9,
        "score": 0.9
      }
    },
    {
      "text": {
        "content": "She use to goout of the house and come back after 1 day but since she is neutered she is at home but still curious to go outside.",
        "beginOffset": -1
      },
      "sentiment": {
        "magnitude": 0,
        "score": 0
      }
    },
    {
      "text": {
        "content": "She is very friendly, funny and understand when she is scolded.",
        "beginOffset": -1
      },
      "sentiment": {
        "magnitude": 0.7,
        "score": 0.7
      }
    }
  ],
  "tokens": [],
  "entities": [
    {
      "name": "Holidays",
      "type": "EVENT",
      "metadata": {},
      "salience": 0.24033172,
      "mentions": [
        {
          "text": {
            "content": "Holidays",
            "beginOffset": -1
          },
          "type": "COMMON"
        }
      ]
    },
    {
      "name": "beach",
      "type": "LOCATION",
      "metadata": {},
      "salience": 0.19118364,
      "mentions": [
        {
          "text": {
            "content": "beach",
            "beginOffset": -1
          },
          "type": "COMMON"
        }
      ]
    },
    {
      "name": "Penang",
      "type": "LOCATION",
      "metadata": {
        "mid": "/m/0g6xq",
        "wikipedia_url": "https://en.wikipedia.org/wiki/Penang"
      },
      "salience": 0.11540504,
      "mentions": [
        {
          "text": {
            "content": "Penang",
            "beginOffset": -1
          },
          "type": "PROPER"
        }
      ]
    },
    {
      "name": "cuteness",
      "type": "OTHER",
      "metadata": {},
      "salience": 0.08526265,
      "mentions": [
        {
          "text": {
            "content": "cuteness",
            "beginOffset": -1
          },
          "type": "COMMON"
        }
      ]
    },
    {
      "name": "holidays",
      "type": "EVENT",
      "metadata": {},
      "salience": 0.05760661,
      "mentions": [
        {
          "text": {
            "content": "holidays",
            "beginOffset": -1
          },
          "type": "COMMON"
        }
      ]
    },
    {
      "name": "place",
      "type": "LOCATION",
      "metadata": {},
      "salience": 0.051308013,
      "mentions": [
        {
          "text": {
            "content": "place",
            "beginOffset": -1
          },
          "type": "COMMON"
        }
      ]
    },
    {
      "name": "friend",
      "type": "PERSON",
      "metadata": {},
      "salience": 0.051308013,
      "mentions": [
        {
          "text": {
            "content": "friend",
            "beginOffset": -1
          },
          "type": "COMMON"
        }
      ]
    },
    {
      "name": "country",
      "type": "LOCATION",
      "metadata": {},
      "salience": 0.050688587,
      "mentions": [
        {
          "text": {
            "content": "country",
            "beginOffset": -1
          },
          "type": "COMMON"
        }
      ]
    },
    {
      "name": "people",
      "type": "PERSON",
      "metadata": {},
      "salience": 0.050076537,
      "mentions": [
        {
          "text": {
            "content": "people",
            "beginOffset": -1
          },
          "type": "COMMON"
        }
      ]
    },
    {
      "name": "Nilai",
      "type": "LOCATION",
      "metadata": {
        "mid": "/m/065qll",
        "wikipedia_url": "https://en.wikipedia.org/wiki/Nilai"
      },
      "salience": 0.044485535,
      "mentions": [
        {
          "text": {
            "content": "Nilai",
            "beginOffset": -1
          },
          "type": "PROPER"
        }
      ]
    },
    {
      "name": "MAuritius",
      "type": "LOCATION",
      "metadata": {
        "mid": "/m/04vs9",
        "wikipedia_url": "https://en.wikipedia.org/wiki/Mauritius"
      },
      "salience": 0.030113075,
      "mentions": [
        {
          "text": {
            "content": "MAuritius",
            "beginOffset": -1
          },
          "type": "PROPER"
        }
      ]
    },
    {
      "name": "home",
      "type": "LOCATION",
      "metadata": {},
      "salience": 0.017157476,
      "mentions": [
        {
          "text": {
            "content": "home",
            "beginOffset": -1
          },
          "type": "COMMON"
        }
      ]
    },
    {
      "name": "goout",
      "type": "OTHER",
      "metadata": {},
      "salience": 0.0075365473,
      "mentions": [
        {
          "text": {
            "content": "goout",
            "beginOffset": -1
          },
          "type": "COMMON"
        }
      ]
    },
    {
      "name": "house",
      "type": "LOCATION",
      "metadata": {},
      "salience": 0.0075365473,
      "mentions": [
        {
          "text": {
            "content": "house",
            "beginOffset": -1
          },
          "type": "COMMON"
        }
      ]
    }
  ],
  "documentSentiment": {
    "magnitude": 1.8,
    "score": 0.6
  },
  "language": "en",
  "categories": []
}
