{
  "sentences": [
    {
      "text": {
        "content": "One of 3 pups born in our neighbour's unoccupied home.",
        "beginOffset": -1
      },
      "sentiment": {
        "magnitude": 0,
        "score": 0
      }
    },
    {
      "text": {
        "content": "He brought in 2 additional male dogs together with the existing female (possibly a Collie) and she got pregnant despite her old age (=.=)''''.",
        "beginOffset": -1
      },
      "sentiment": {
        "magnitude": 0.2,
        "score": -0.2
      }
    },
    {
      "text": {
        "content": "We nicknamed this pup bigfoot cause her legs were swollen a month ago (photo attached), possibly due to burn caused by fire when the mom transferred them to an uprooted tree too close to a fire pit set by the gardener.",
        "beginOffset": -1
      },
      "sentiment": {
        "magnitude": 0.3,
        "score": -0.3
      }
    },
    {
      "text": {
        "content": "We have nursed her legs and they seem to have become normal and covered with fur again.",
        "beginOffset": -1
      },
      "sentiment": {
        "magnitude": 0.3,
        "score": 0.3
      }
    },
    {
      "text": {
        "content": "She likes playing with water and sticking her head in the water bowl.",
        "beginOffset": -1
      },
      "sentiment": {
        "magnitude": 0.7,
        "score": 0.7
      }
    }
  ],
  "tokens": [],
  "entities": [
    {
      "name": "female",
      "type": "PERSON",
      "metadata": {},
      "salience": 0.2725518,
      "mentions": [
        {
          "text": {
            "content": "female",
            "beginOffset": -1
          },
          "type": "COMMON"
        }
      ]
    },
    {
      "name": "neighbour",
      "type": "PERSON",
      "metadata": {},
      "salience": 0.19431111,
      "mentions": [
        {
          "text": {
            "content": "neighbour",
            "beginOffset": -1
          },
          "type": "COMMON"
        }
      ]
    },
    {
      "name": "legs",
      "type": "OTHER",
      "metadata": {},
      "salience": 0.14592229,
      "mentions": [
        {
          "text": {
            "content": "legs",
            "beginOffset": -1
          },
          "type": "COMMON"
        },
        {
          "text": {
            "content": "legs",
            "beginOffset": -1
          },
          "type": "COMMON"
        }
      ]
    },
    {
      "name": "home",
      "type": "LOCATION",
      "metadata": {},
      "salience": 0.11570238,
      "mentions": [
        {
          "text": {
            "content": "home",
            "beginOffset": -1
          },
          "type": "COMMON"
        }
      ]
    },
    {
      "name": "pups",
      "type": "PERSON",
      "metadata": {},
      "salience": 0.11570238,
      "mentions": [
        {
          "text": {
            "content": "pups",
            "beginOffset": -1
          },
          "type": "COMMON"
        }
      ]
    },
    {
      "name": "dogs",
      "type": "OTHER",
      "metadata": {},
      "salience": 0.021897638,
      "mentions": [
        {
          "text": {
            "content": "dogs",
            "beginOffset": -1
          },
          "type": "COMMON"
        }
      ]
    },
    {
      "name": "fire",
      "type": "OTHER",
      "metadata": {},
      "salience": 0.015580754,
      "mentions": [
        {
          "text": {
            "content": "fire",
            "beginOffset": -1
          },
          "type": "COMMON"
        }
      ]
    },
    {
      "name": "photo",
      "type": "WORK_OF_ART",
      "metadata": {},
      "salience": 0.014920044,
      "mentions": [
        {
          "text": {
            "content": "photo",
            "beginOffset": -1
          },
          "type": "COMMON"
        }
      ]
    },
    {
      "name": "pup bigfoot",
      "type": "OTHER",
      "metadata": {},
      "salience": 0.014920044,
      "mentions": [
        {
          "text": {
            "content": "pup bigfoot",
            "beginOffset": -1
          },
          "type": "COMMON"
        }
      ]
    },
    {
      "name": "age",
      "type": "OTHER",
      "metadata": {},
      "salience": 0.014811904,
      "mentions": [
        {
          "text": {
            "content": "age",
            "beginOffset": -1
          },
          "type": "COMMON"
        }
      ]
    },
    {
      "name": "mom",
      "type": "PERSON",
      "metadata": {},
      "salience": 0.014207324,
      "mentions": [
        {
          "text": {
            "content": "mom",
            "beginOffset": -1
          },
          "type": "COMMON"
        }
      ]
    },
    {
      "name": "Collie",
      "type": "PERSON",
      "metadata": {
        "mid": "/m/02kcj6",
        "wikipedia_url": "https://en.wikipedia.org/wiki/Collie"
      },
      "salience": 0.012987723,
      "mentions": [
        {
          "text": {
            "content": "Collie",
            "beginOffset": -1
          },
          "type": "PROPER"
        }
      ]
    },
    {
      "name": "fur",
      "type": "OTHER",
      "metadata": {},
      "salience": 0.01029566,
      "mentions": [
        {
          "text": {
            "content": "fur",
            "beginOffset": -1
          },
          "type": "COMMON"
        }
      ]
    },
    {
      "name": "water",
      "type": "OTHER",
      "metadata": {},
      "salience": 0.008187145,
      "mentions": [
        {
          "text": {
            "content": "water",
            "beginOffset": -1
          },
          "type": "COMMON"
        }
      ]
    },
    {
      "name": "head",
      "type": "OTHER",
      "metadata": {},
      "salience": 0.0071933554,
      "mentions": [
        {
          "text": {
            "content": "head",
            "beginOffset": -1
          },
          "type": "COMMON"
        }
      ]
    },
    {
      "name": "water bowl",
      "type": "OTHER",
      "metadata": {},
      "salience": 0.0071933554,
      "mentions": [
        {
          "text": {
            "content": "water bowl",
            "beginOffset": -1
          },
          "type": "COMMON"
        }
      ]
    },
    {
      "name": "tree",
      "type": "OTHER",
      "metadata": {},
      "salience": 0.0045383642,
      "mentions": [
        {
          "text": {
            "content": "tree",
            "beginOffset": -1
          },
          "type": "COMMON"
        }
      ]
    },
    {
      "name": "fire pit",
      "type": "LOCATION",
      "metadata": {},
      "salience": 0.0045383642,
      "mentions": [
        {
          "text": {
            "content": "fire pit",
            "beginOffset": -1
          },
          "type": "COMMON"
        }
      ]
    },
    {
      "name": "gardener",
      "type": "PERSON",
      "metadata": {},
      "salience": 0.0045383642,
      "mentions": [
        {
          "text": {
            "content": "gardener",
            "beginOffset": -1
          },
          "type": "COMMON"
        }
      ]
    }
  ],
  "documentSentiment": {
    "magnitude": 1.6,
    "score": 0
  },
  "language": "en",
  "categories": []
}
