{
  "sentences": [
    {
      "text": {
        "content": "Meet Little Elaine.",
        "beginOffset": -1
      },
      "sentiment": {
        "magnitude": 0,
        "score": 0
      }
    },
    {
      "text": {
        "content": "She is a sweet and playful 4 month old puppy who deserves a second chance to live.",
        "beginOffset": -1
      },
      "sentiment": {
        "magnitude": 0.8,
        "score": 0.8
      }
    },
    {
      "text": {
        "content": "Her bright eyes and friendly nature has left a lasting impression on us.",
        "beginOffset": -1
      },
      "sentiment": {
        "magnitude": 0.9,
        "score": 0.9
      }
    },
    {
      "text": {
        "content": "Elaine deserves a loving human who will take good care of her, while she repays with unconditional love.",
        "beginOffset": -1
      },
      "sentiment": {
        "magnitude": 0.9,
        "score": 0.9
      }
    },
    {
      "text": {
        "content": "Vaccinated and in good health, yet to be spayed.",
        "beginOffset": -1
      },
      "sentiment": {
        "magnitude": 0.4,
        "score": 0.4
      }
    },
    {
      "text": {
        "content": "If you are able to give Elaine a forever home, please contact SANDY @ ( Call / whatsapp )",
        "beginOffset": -1
      },
      "sentiment": {
        "magnitude": 0,
        "score": 0
      }
    }
  ],
  "tokens": [],
  "entities": [
    {
      "name": "puppy",
      "type": "PERSON",
      "metadata": {},
      "salience": 0.4978129,
      "mentions": [
        {
          "text": {
            "content": "puppy",
            "beginOffset": -1
          },
          "type": "COMMON"
        }
      ]
    },
    {
      "name": "Elaine",
      "type": "PERSON",
      "metadata": {},
      "salience": 0.16936721,
      "mentions": [
        {
          "text": {
            "content": "Elaine",
            "beginOffset": -1
          },
          "type": "PROPER"
        },
        {
          "text": {
            "content": "Elaine",
            "beginOffset": -1
          },
          "type": "PROPER"
        }
      ]
    },
    {
      "name": "Meet Little Elaine",
      "type": "PERSON",
      "metadata": {},
      "salience": 0.10821884,
      "mentions": [
        {
          "text": {
            "content": "Meet Little Elaine",
            "beginOffset": -1
          },
          "type": "PROPER"
        }
      ]
    },
    {
      "name": "human",
      "type": "PERSON",
      "metadata": {},
      "salience": 0.06955226,
      "mentions": [
        {
          "text": {
            "content": "human",
            "beginOffset": -1
          },
          "type": "COMMON"
        }
      ]
    },
    {
      "name": "chance",
      "type": "OTHER",
      "metadata": {},
      "salience": 0.027676037,
      "mentions": [
        {
          "text": {
            "content": "chance",
            "beginOffset": -1
          },
          "type": "COMMON"
        }
      ]
    },
    {
      "name": "care",
      "type": "OTHER",
      "metadata": {},
      "salience": 0.019753445,
      "mentions": [
        {
          "text": {
            "content": "care",
            "beginOffset": -1
          },
          "type": "COMMON"
        }
      ]
    },
    {
      "name": "eyes",
      "type": "OTHER",
      "metadata": {},
      "salience": 0.019582517,
      "mentions": [
        {
          "text": {
            "content": "eyes",
            "beginOffset": -1
          },
          "type": "COMMON"
        }
      ]
    },
    {
      "name": "nature",
      "type": "OTHER",
      "metadata": {},
      "salience": 0.018649543,
      "mentions": [
        {
          "text": {
            "content": "nature",
            "beginOffset": -1
          },
          "type": "COMMON"
        }
      ]
    },
    {
      "name": "love",
      "type": "OTHER",
      "metadata": {},
      "salience": 0.01727126,
      "mentions": [
        {
          "text": {
            "content": "love",
            "beginOffset": -1
          },
          "type": "COMMON"
        }
      ]
    },
    {
      "name": "impression",
      "type": "OTHER",
      "metadata": {},
      "salience": 0.013572333,
      "mentions": [
        {
          "text": {
            "content": "impression",
            "beginOffset": -1
          },
          "type": "COMMON"
        }
      ]
    },
    {
      "name": "home",
      "type": "LOCATION",
      "metadata": {},
      "salience": 0.012972526,
      "mentions": [
        {
          "text": {
            "content": "home",
            "beginOffset": -1
          },
          "type": "COMMON"
        }
      ]
    },
    {
      "name": "Call",
      "type": "OTHER",
      "metadata": {},
      "salience": 0.009092965,
      "mentions": [
        {
          "text": {
            "content": "Call",
            "beginOffset": -1
          },
          "type": "COMMON"
        }
      ]
    },
    {
      "name": "health",
      "type": "OTHER",
      "metadata": {},
      "salience": 0.005716195,
      "mentions": [
        {
          "text": {
            "content": "health",
            "beginOffset": -1
          },
          "type": "COMMON"
        }
      ]
    },
    {
      "name": "SANDY @",
      "type": "OTHER",
      "metadata": {},
      "salience": 0.005380989,
      "mentions": [
        {
          "text": {
            "content": "SANDY @",
            "beginOffset": -1
          },
          "type": "PROPER"
        }
      ]
    },
    {
      "name": "whatsapp",
      "type": "OTHER",
      "metadata": {
        "wikipedia_url": "https://en.wikipedia.org/wiki/WhatsApp",
        "mid": "/m/0gwzvs1"
      },
      "salience": 0.005380989,
      "mentions": [
        {
          "text": {
            "content": "whatsapp",
            "beginOffset": -1
          },
          "type": "PROPER"
        }
      ]
    }
  ],
  "documentSentiment": {
    "magnitude": 3.3,
    "score": 0.5
  },
  "language": "en",
  "categories": []
}
