{
  "sentences": [
    {
      "text": {
        "content": "This is my cat Blue.",
        "beginOffset": -1
      },
      "sentiment": {
        "magnitude": 0.1,
        "score": 0.1
      }
    },
    {
      "text": {
        "content": "I got it from a adoption center and he was mine for 5 months.",
        "beginOffset": -1
      },
      "sentiment": {
        "magnitude": 0,
        "score": 0
      }
    },
    {
      "text": {
        "content": "I love him so much but i had to let him go because i am moving away.",
        "beginOffset": -1
      },
      "sentiment": {
        "magnitude": 0.6,
        "score": 0.6
      }
    },
    {
      "text": {
        "content": "I need someone who is loving and love cats like i do.",
        "beginOffset": -1
      },
      "sentiment": {
        "magnitude": 0.7,
        "score": 0.7
      }
    },
    {
      "text": {
        "content": "He is playful and kind towards his carer.",
        "beginOffset": -1
      },
      "sentiment": {
        "magnitude": 0.8,
        "score": 0.8
      }
    },
    {
      "text": {
        "content": "Please do call/sms me at or message me in facebook: shannen dominica.",
        "beginOffset": -1
      },
      "sentiment": {
        "magnitude": 0,
        "score": 0
      }
    },
    {
      "text": {
        "content": "Sri petaling/Bukit Jalil area.",
        "beginOffset": -1
      },
      "sentiment": {
        "magnitude": 0,
        "score": 0
      }
    }
  ],
  "tokens": [],
  "entities": [
    {
      "name": "someone",
      "type": "PERSON",
      "metadata": {},
      "salience": 0.4057651,
      "mentions": [
        {
          "text": {
            "content": "someone",
            "beginOffset": -1
          },
          "type": "COMMON"
        }
      ]
    },
    {
      "name": "cat",
      "type": "OTHER",
      "metadata": {},
      "salience": 0.22864446,
      "mentions": [
        {
          "text": {
            "content": "cat",
            "beginOffset": -1
          },
          "type": "COMMON"
        }
      ]
    },
    {
      "name": "Blue",
      "type": "PERSON",
      "metadata": {},
      "salience": 0.17496017,
      "mentions": [
        {
          "text": {
            "content": "Blue",
            "beginOffset": -1
          },
          "type": "PROPER"
        }
      ]
    },
    {
      "name": "adoption center",
      "type": "LOCATION",
      "metadata": {},
      "salience": 0.04321308,
      "mentions": [
        {
          "text": {
            "content": "adoption center",
            "beginOffset": -1
          },
          "type": "COMMON"
        }
      ]
    },
    {
      "name": "cats",
      "type": "OTHER",
      "metadata": {},
      "salience": 0.02692776,
      "mentions": [
        {
          "text": {
            "content": "cats",
            "beginOffset": -1
          },
          "type": "COMMON"
        }
      ]
    },
    {
      "name": "message",
      "type": "OTHER",
      "metadata": {},
      "salience": 0.020213366,
      "mentions": [
        {
          "text": {
            "content": "message",
            "beginOffset": -1
          },
          "type": "COMMON"
        }
      ]
    },
    {
      "name": "facebook",
      "type": "OTHER",
      "metadata": {},
      "salience": 0.020213366,
      "mentions": [
        {
          "text": {
            "content": "facebook",
            "beginOffset": -1
          },
          "type": "COMMON"
        }
      ]
    },
    {
      "name": "shannen",
      "type": "PERSON",
      "metadata": {},
      "salience": 0.01416065,
      "mentions": [
        {
          "text": {
            "content": "shannen",
            "beginOffset": -1
          },
          "type": "COMMON"
        }
      ]
    },
    {
      "name": "area",
      "type": "LOCATION",
      "metadata": {},
      "salience": 0.014133871,
      "mentions": [
        {
          "text": {
            "content": "area",
            "beginOffset": -1
          },
          "type": "COMMON"
        }
      ]
    },
    {
      "name": "kind",
      "type": "OTHER",
      "metadata": {},
      "salience": 0.008897725,
      "mentions": [
        {
          "text": {
            "content": "kind",
            "beginOffset": -1
          },
          "type": "COMMON"
        }
      ]
    },
    {
      "name": "carer",
      "type": "PERSON",
      "metadata": {},
      "salience": 0.008897725,
      "mentions": [
        {
          "text": {
            "content": "carer",
            "beginOffset": -1
          },
          "type": "COMMON"
        }
      ]
    },
    {
      "name": "call",
      "type": "OTHER",
      "metadata": {},
      "salience": 0.008877804,
      "mentions": [
        {
          "text": {
            "content": "call",
            "beginOffset": -1
          },
          "type": "COMMON"
        }
      ]
    },
    {
      "name": "dominica",
      "type": "LOCATION",
      "metadata": {
        "mid": "/m/027nb",
        "wikipedia_url": "https://en.wikipedia.org/wiki/Dominica"
      },
      "salience": 0.008375556,
      "mentions": [
        {
          "text": {
            "content": "dominica",
            "beginOffset": -1
          },
          "type": "PROPER"
        }
      ]
    },
    {
      "name": "Sri petaling",
      "type": "LOCATION",
      "metadata": {
        "mid": "/g/1hc146ymk"
      },
      "salience": 0.008359697,
      "mentions": [
        {
          "text": {
            "content": "Sri petaling",
            "beginOffset": -1
          },
          "type": "PROPER"
        }
      ]
    },
    {
      "name": "Bukit Jalil",
      "type": "LOCATION",
      "metadata": {
        "mid": "/m/0d_d26",
        "wikipedia_url": "https://en.wikipedia.org/wiki/Bukit_Jalil"
      },
      "salience": 0.008359697,
      "mentions": [
        {
          "text": {
            "content": "Bukit Jalil",
            "beginOffset": -1
          },
          "type": "PROPER"
        }
      ]
    }
  ],
  "documentSentiment": {
    "magnitude": 2.5,
    "score": 0.3
  },
  "language": "en",
  "categories": []
}
