{
  "sentences": [
    {
      "text": {
        "content": "I found this little fellow while driving home after work.",
        "beginOffset": -1
      },
      "sentiment": {
        "magnitude": 0.1,
        "score": 0.1
      }
    },
    {
      "text": {
        "content": "The vet says she's healthy, she's been dewormed, we are waiting to vaccinate her.",
        "beginOffset": -1
      },
      "sentiment": {
        "magnitude": 0,
        "score": 0
      }
    },
    {
      "text": {
        "content": "I will post some photos soon, anyone interested please let me know.",
        "beginOffset": -1
      },
      "sentiment": {
        "magnitude": 0.2,
        "score": -0.2
      }
    },
    {
      "text": {
        "content": "I'm in ipoh, so anyone around here, kindly let me know",
        "beginOffset": -1
      },
      "sentiment": {
        "magnitude": 0.3,
        "score": 0.3
      }
    }
  ],
  "tokens": [],
  "entities": [
    {
      "name": "vet",
      "type": "PERSON",
      "metadata": {},
      "salience": 0.49863136,
      "mentions": [
        {
          "text": {
            "content": "vet",
            "beginOffset": -1
          },
          "type": "COMMON"
        }
      ]
    },
    {
      "name": "fellow",
      "type": "PERSON",
      "metadata": {},
      "salience": 0.18361422,
      "mentions": [
        {
          "text": {
            "content": "fellow",
            "beginOffset": -1
          },
          "type": "COMMON"
        }
      ]
    },
    {
      "name": "home",
      "type": "LOCATION",
      "metadata": {},
      "salience": 0.18361422,
      "mentions": [
        {
          "text": {
            "content": "home",
            "beginOffset": -1
          },
          "type": "COMMON"
        }
      ]
    },
    {
      "name": "work",
      "type": "OTHER",
      "metadata": {},
      "salience": 0.07362018,
      "mentions": [
        {
          "text": {
            "content": "work",
            "beginOffset": -1
          },
          "type": "COMMON"
        }
      ]
    },
    {
      "name": "photos",
      "type": "WORK_OF_ART",
      "metadata": {},
      "salience": 0.022575434,
      "mentions": [
        {
          "text": {
            "content": "photos",
            "beginOffset": -1
          },
          "type": "COMMON"
        }
      ]
    },
    {
      "name": "anyone",
      "type": "PERSON",
      "metadata": {},
      "salience": 0.0193272,
      "mentions": [
        {
          "text": {
            "content": "anyone",
            "beginOffset": -1
          },
          "type": "COMMON"
        }
      ]
    },
    {
      "name": "ipoh",
      "type": "LOCATION",
      "metadata": {
        "mid": "/m/01rv39",
        "wikipedia_url": "https://en.wikipedia.org/wiki/Ipoh"
      },
      "salience": 0.010073532,
      "mentions": [
        {
          "text": {
            "content": "ipoh",
            "beginOffset": -1
          },
          "type": "PROPER"
        }
      ]
    },
    {
      "name": "anyone",
      "type": "PERSON",
      "metadata": {},
      "salience": 0.0085438425,
      "mentions": [
        {
          "text": {
            "content": "anyone",
            "beginOffset": -1
          },
          "type": "COMMON"
        }
      ]
    }
  ],
  "documentSentiment": {
    "magnitude": 0.7,
    "score": 0
  },
  "language": "en",
  "categories": []
}
