{
  "sentences": [
    {
      "text": {
        "content": "Polka is a cute and smart little girl who was rescued from a carpark and needs to find her soulmate family ASAP.",
        "beginOffset": -1
      },
      "sentiment": {
        "magnitude": 0.7,
        "score": 0.7
      }
    },
    {
      "text": {
        "content": "Polka must not be caged, tied or left alone outside.",
        "beginOffset": -1
      },
      "sentiment": {
        "magnitude": 0,
        "score": 0
      }
    },
    {
      "text": {
        "content": "Adopters must agree to spay her once she is older and take her for daily walks :)",
        "beginOffset": -1
      },
      "sentiment": {
        "magnitude": 0.4,
        "score": 0.4
      }
    },
    {
      "text": {
        "content": "Please call Sarah at to adopt.",
        "beginOffset": -1
      },
      "sentiment": {
        "magnitude": 0,
        "score": 0
      }
    }
  ],
  "tokens": [],
  "entities": [
    {
      "name": "girl",
      "type": "PERSON",
      "metadata": {},
      "salience": 0.65573376,
      "mentions": [
        {
          "text": {
            "content": "girl",
            "beginOffset": -1
          },
          "type": "COMMON"
        }
      ]
    },
    {
      "name": "Polka",
      "type": "OTHER",
      "metadata": {
        "mid": "/m/0bwqb",
        "wikipedia_url": "https://en.wikipedia.org/wiki/Polka"
      },
      "salience": 0.11469232,
      "mentions": [
        {
          "text": {
            "content": "Polka",
            "beginOffset": -1
          },
          "type": "PROPER"
        },
        {
          "text": {
            "content": "Polka",
            "beginOffset": -1
          },
          "type": "PROPER"
        }
      ]
    },
    {
      "name": "family",
      "type": "PERSON",
      "metadata": {},
      "salience": 0.07767338,
      "mentions": [
        {
          "text": {
            "content": "family",
            "beginOffset": -1
          },
          "type": "COMMON"
        }
      ]
    },
    {
      "name": "carpark",
      "type": "CONSUMER_GOOD",
      "metadata": {},
      "salience": 0.07411685,
      "mentions": [
        {
          "text": {
            "content": "carpark",
            "beginOffset": -1
          },
          "type": "COMMON"
        }
      ]
    },
    {
      "name": "ASAP",
      "type": "OTHER",
      "metadata": {},
      "salience": 0.030389762,
      "mentions": [
        {
          "text": {
            "content": "ASAP",
            "beginOffset": -1
          },
          "type": "PROPER"
        }
      ]
    },
    {
      "name": "Adopters",
      "type": "PERSON",
      "metadata": {},
      "salience": 0.022902092,
      "mentions": [
        {
          "text": {
            "content": "Adopters",
            "beginOffset": -1
          },
          "type": "COMMON"
        }
      ]
    },
    {
      "name": "walks",
      "type": "EVENT",
      "metadata": {},
      "salience": 0.017314594,
      "mentions": [
        {
          "text": {
            "content": "walks",
            "beginOffset": -1
          },
          "type": "COMMON"
        }
      ]
    },
    {
      "name": "Sarah",
      "type": "PERSON",
      "metadata": {},
      "salience": 0.0071772174,
      "mentions": [
        {
          "text": {
            "content": "Sarah",
            "beginOffset": -1
          },
          "type": "PROPER"
        }
      ]
    }
  ],
  "documentSentiment": {
    "magnitude": 1.1,
    "score": 0.2
  },
  "language": "en",
  "categories": []
}
