{
  "sentences": [
    {
      "text": {
        "content": "Rescued puppy, Very chubby, vet certified healthy-full vet checked, very playful PLS CALL to adopt or for more info/viewing",
        "beginOffset": -1
      },
      "sentiment": {
        "magnitude": 0.9,
        "score": 0.9
      }
    }
  ],
  "tokens": [],
  "entities": [
    {
      "name": "puppy",
      "type": "OTHER",
      "metadata": {},
      "salience": 0.5581633,
      "mentions": [
        {
          "text": {
            "content": "puppy",
            "beginOffset": -1
          },
          "type": "COMMON"
        }
      ]
    },
    {
      "name": "vet",
      "type": "PERSON",
      "metadata": {},
      "salience": 0.20215814,
      "mentions": [
        {
          "text": {
            "content": "vet",
            "beginOffset": -1
          },
          "type": "COMMON"
        }
      ]
    },
    {
      "name": "viewing",
      "type": "OTHER",
      "metadata": {},
      "salience": 0.090905406,
      "mentions": [
        {
          "text": {
            "content": "viewing",
            "beginOffset": -1
          },
          "type": "COMMON"
        }
      ]
    },
    {
      "name": "info",
      "type": "OTHER",
      "metadata": {},
      "salience": 0.090905406,
      "mentions": [
        {
          "text": {
            "content": "info",
            "beginOffset": -1
          },
          "type": "COMMON"
        }
      ]
    },
    {
      "name": "PLS CALL",
      "type": "OTHER",
      "metadata": {},
      "salience": 0.05786776,
      "mentions": [
        {
          "text": {
            "content": "PLS CALL",
            "beginOffset": -1
          },
          "type": "COMMON"
        }
      ]
    }
  ],
  "documentSentiment": {
    "magnitude": 0.9,
    "score": 0.9
  },
  "language": "en",
  "categories": []
}
