{
  "sentences": [
    {
      "text": {
        "content": "Rescued from the drain Healthy, vaccinated Male, active and cheerful Looking for a forever home Kindly watsapp Location melaka Can send to KL",
        "beginOffset": -1
      },
      "sentiment": {
        "magnitude": 0.6,
        "score": 0.6
      }
    }
  ],
  "tokens": [],
  "entities": [
    {
      "name": "Healthy",
      "type": "OTHER",
      "metadata": {},
      "salience": 0.29003394,
      "mentions": [
        {
          "text": {
            "content": "Healthy",
            "beginOffset": -1
          },
          "type": "PROPER"
        }
      ]
    },
    {
      "name": "Location melaka",
      "type": "OTHER",
      "metadata": {},
      "salience": 0.23517795,
      "mentions": [
        {
          "text": {
            "content": "Location melaka",
            "beginOffset": -1
          },
          "type": "COMMON"
        }
      ]
    },
    {
      "name": "Male",
      "type": "PERSON",
      "metadata": {},
      "salience": 0.20047668,
      "mentions": [
        {
          "text": {
            "content": "Male",
            "beginOffset": -1
          },
          "type": "PROPER"
        }
      ]
    },
    {
      "name": "KL",
      "type": "OTHER",
      "metadata": {},
      "salience": 0.1676135,
      "mentions": [
        {
          "text": {
            "content": "KL",
            "beginOffset": -1
          },
          "type": "COMMON"
        }
      ]
    },
    {
      "name": "home",
      "type": "LOCATION",
      "metadata": {},
      "salience": 0.10669793,
      "mentions": [
        {
          "text": {
            "content": "home",
            "beginOffset": -1
          },
          "type": "COMMON"
        }
      ]
    }
  ],
  "documentSentiment": {
    "magnitude": 0.6,
    "score": 0.6
  },
  "language": "en",
  "categories": []
}
