{
  "sentences": [
    {
      "text": {
        "content": "Blue approached me in my backstreet asking for food.",
        "beginOffset": -1
      },
      "sentiment": {
        "magnitude": 0.2,
        "score": -0.2
      }
    },
    {
      "text": {
        "content": "I noticed he had difficulty eating.",
        "beginOffset": -1
      },
      "sentiment": {
        "magnitude": 0,
        "score": 0
      }
    },
    {
      "text": {
        "content": "The vet found that he had badly infected teeth and gums.",
        "beginOffset": -1
      },
      "sentiment": {
        "magnitude": 0.6,
        "score": -0.6
      }
    },
    {
      "text": {
        "content": "Pus was coming out of his mouth as he tried to eat.",
        "beginOffset": -1
      },
      "sentiment": {
        "magnitude": 0.2,
        "score": 0.2
      }
    },
    {
      "text": {
        "content": "He was successfully treated with antibiotics and all his teeth saved.",
        "beginOffset": -1
      },
      "sentiment": {
        "magnitude": 0.5,
        "score": 0.5
      }
    },
    {
      "text": {
        "content": "However, he tested positive for FIV.",
        "beginOffset": -1
      },
      "sentiment": {
        "magnitude": 0.2,
        "score": 0.2
      }
    },
    {
      "text": {
        "content": "I am reluctant to release him back to the street as his health needs close monitoring.",
        "beginOffset": -1
      },
      "sentiment": {
        "magnitude": 0.1,
        "score": -0.1
      }
    },
    {
      "text": {
        "content": "Blue is a highly socialised and affectionate cat.",
        "beginOffset": -1
      },
      "sentiment": {
        "magnitude": 0.5,
        "score": 0.5
      }
    },
    {
      "text": {
        "content": "It is likely he once had a home.",
        "beginOffset": -1
      },
      "sentiment": {
        "magnitude": 0,
        "score": 0
      }
    },
    {
      "text": {
        "content": "With proper nutrition and care, Blue can grow up to be a beautiful and healthy cat.",
        "beginOffset": -1
      },
      "sentiment": {
        "magnitude": 0.8,
        "score": 0.8
      }
    },
    {
      "text": {
        "content": "I believe he deserves a good and safe home with a loving owner.",
        "beginOffset": -1
      },
      "sentiment": {
        "magnitude": 0.9,
        "score": 0.9
      }
    },
    {
      "text": {
        "content": "Please consider giving Blue a home.",
        "beginOffset": -1
      },
      "sentiment": {
        "magnitude": 0.1,
        "score": 0.1
      }
    },
    {
      "text": {
        "content": "Thank you.",
        "beginOffset": -1
      },
      "sentiment": {
        "magnitude": 0,
        "score": 0
      }
    }
  ],
  "tokens": [],
  "entities": [
    {
      "name": "Blue",
      "type": "PERSON",
      "metadata": {},
      "salience": 0.32720953,
      "mentions": [
        {
          "text": {
            "content": "Blue",
            "beginOffset": -1
          },
          "type": "PROPER"
        },
        {
          "text": {
            "content": "Blue",
            "beginOffset": -1
          },
          "type": "PROPER"
        }
      ]
    },
    {
      "name": "vet",
      "type": "PERSON",
      "metadata": {},
      "salience": 0.31422102,
      "mentions": [
        {
          "text": {
            "content": "vet",
            "beginOffset": -1
          },
          "type": "COMMON"
        }
      ]
    },
    {
      "name": "backstreet",
      "type": "OTHER",
      "metadata": {},
      "salience": 0.07706516,
      "mentions": [
        {
          "text": {
            "content": "backstreet",
            "beginOffset": -1
          },
          "type": "COMMON"
        }
      ]
    },
    {
      "name": "food",
      "type": "OTHER",
      "metadata": {},
      "salience": 0.07706516,
      "mentions": [
        {
          "text": {
            "content": "food",
            "beginOffset": -1
          },
          "type": "COMMON"
        }
      ]
    },
    {
      "name": "difficulty",
      "type": "OTHER",
      "metadata": {},
      "salience": 0.037680987,
      "mentions": [
        {
          "text": {
            "content": "difficulty",
            "beginOffset": -1
          },
          "type": "COMMON"
        }
      ]
    },
    {
      "name": "teeth",
      "type": "OTHER",
      "metadata": {},
      "salience": 0.01630514,
      "mentions": [
        {
          "text": {
            "content": "teeth",
            "beginOffset": -1
          },
          "type": "COMMON"
        }
      ]
    },
    {
      "name": "gums",
      "type": "OTHER",
      "metadata": {},
      "salience": 0.014333408,
      "mentions": [
        {
          "text": {
            "content": "gums",
            "beginOffset": -1
          },
          "type": "COMMON"
        }
      ]
    },
    {
      "name": "Pus",
      "type": "OTHER",
      "metadata": {},
      "salience": 0.014283059,
      "mentions": [
        {
          "text": {
            "content": "Pus",
            "beginOffset": -1
          },
          "type": "COMMON"
        }
      ]
    },
    {
      "name": "cat",
      "type": "OTHER",
      "metadata": {},
      "salience": 0.01292723,
      "mentions": [
        {
          "text": {
            "content": "cat",
            "beginOffset": -1
          },
          "type": "COMMON"
        }
      ]
    },
    {
      "name": "teeth",
      "type": "OTHER",
      "metadata": {},
      "salience": 0.010953324,
      "mentions": [
        {
          "text": {
            "content": "teeth",
            "beginOffset": -1
          },
          "type": "COMMON"
        }
      ]
    },
    {
      "name": "Blue",
      "type": "ORGANIZATION",
      "metadata": {},
      "salience": 0.010948972,
      "mentions": [
        {
          "text": {
            "content": "Blue",
            "beginOffset": -1
          },
          "type": "PROPER"
        },
        {
          "text": {
            "content": "Blue",
            "beginOffset": -1
          },
          "type": "PROPER"
        }
      ]
    },
    {
      "name": "mouth",
      "type": "OTHER",
      "metadata": {},
      "salience": 0.009652072,
      "mentions": [
        {
          "text": {
            "content": "mouth",
            "beginOffset": -1
          },
          "type": "COMMON"
        }
      ]
    },
    {
      "name": "antibiotics",
      "type": "CONSUMER_GOOD",
      "metadata": {},
      "salience": 0.009625702,
      "mentions": [
        {
          "text": {
            "content": "antibiotics",
            "beginOffset": -1
          },
          "type": "COMMON"
        }
      ]
    },
    {
      "name": "cat",
      "type": "OTHER",
      "metadata": {},
      "salience": 0.009375154,
      "mentions": [
        {
          "text": {
            "content": "cat",
            "beginOffset": -1
          },
          "type": "COMMON"
        }
      ]
    },
    {
      "name": "street",
      "type": "LOCATION",
      "metadata": {},
      "salience": 0.008906105,
      "mentions": [
        {
          "text": {
            "content": "street",
            "beginOffset": -1
          },
          "type": "COMMON"
        }
      ]
    },
    {
      "name": "monitoring",
      "type": "OTHER",
      "metadata": {},
      "salience": 0.008906105,
      "mentions": [
        {
          "text": {
            "content": "monitoring",
            "beginOffset": -1
          },
          "type": "COMMON"
        }
      ]
    },
    {
      "name": "health needs",
      "type": "OTHER",
      "metadata": {},
      "salience": 0.008906105,
      "mentions": [
        {
          "text": {
            "content": "health needs",
            "beginOffset": -1
          },
          "type": "COMMON"
        }
      ]
    },
    {
      "name": "home",
      "type": "LOCATION",
      "metadata": {},
      "salience": 0.0058364877,
      "mentions": [
        {
          "text": {
            "content": "home",
            "beginOffset": -1
          },
          "type": "COMMON"
        }
      ]
    },
    {
      "name": "home",
      "type": "LOCATION",
      "metadata": {},
      "salience": 0.0058302535,
      "mentions": [
        {
          "text": {
            "content": "home",
            "beginOffset": -1
          },
          "type": "COMMON"
        }
      ]
    },
    {
      "name": "FIV",
      "type": "ORGANIZATION",
      "metadata": {
        "mid": "/m/031jd6",
        "wikipedia_url": "https://en.wikipedia.org/wiki/Feline_immunodeficiency_virus"
      },
      "salience": 0.005754447,
      "mentions": [
        {
          "text": {
            "content": "FIV",
            "beginOffset": -1
          },
          "type": "PROPER"
        }
      ]
    },
    {
      "name": "owner",
      "type": "PERSON",
      "metadata": {},
      "salience": 0.0046772156,
      "mentions": [
        {
          "text": {
            "content": "owner",
            "beginOffset": -1
          },
          "type": "COMMON"
        }
      ]
    },
    {
      "name": "home",
      "type": "LOCATION",
      "metadata": {},
      "salience": 0.0036677427,
      "mentions": [
        {
          "text": {
            "content": "home",
            "beginOffset": -1
          },
          "type": "COMMON"
        }
      ]
    },
    {
      "name": "nutrition",
      "type": "OTHER",
      "metadata": {},
      "salience": 0.0029348107,
      "mentions": [
        {
          "text": {
            "content": "nutrition",
            "beginOffset": -1
          },
          "type": "COMMON"
        }
      ]
    },
    {
      "name": "care",
      "type": "OTHER",
      "metadata": {},
      "salience": 0.0029348107,
      "mentions": [
        {
          "text": {
            "content": "care",
            "beginOffset": -1
          },
          "type": "COMMON"
        }
      ]
    }
  ],
  "documentSentiment": {
    "magnitude": 4.7,
    "score": 0.2
  },
  "language": "en",
  "categories": []
}
