{
  "sentences": [
    {
      "text": {
        "content": "Hi This friendly and loyal dog was abandoned by owner after they moved house He was waiting faithfully outside the house for more than a month, thinking owner will come back Previously he was chained all the time and was kept without shade Please help by adopting or fostering I will pay for the upkeep Otherwise please help by sharing this post Thank you",
        "beginOffset": -1
      },
      "sentiment": {
        "magnitude": 0.2,
        "score": 0.2
      }
    }
  ],
  "tokens": [],
  "entities": [
    {
      "name": "owner",
      "type": "PERSON",
      "metadata": {},
      "salience": 0.25493053,
      "mentions": [
        {
          "text": {
            "content": "owner",
            "beginOffset": -1
          },
          "type": "COMMON"
        }
      ]
    },
    {
      "name": "dog",
      "type": "OTHER",
      "metadata": {},
      "salience": 0.23466118,
      "mentions": [
        {
          "text": {
            "content": "dog",
            "beginOffset": -1
          },
          "type": "COMMON"
        }
      ]
    },
    {
      "name": "owner",
      "type": "PERSON",
      "metadata": {},
      "salience": 0.22166215,
      "mentions": [
        {
          "text": {
            "content": "owner",
            "beginOffset": -1
          },
          "type": "COMMON"
        }
      ]
    },
    {
      "name": "house",
      "type": "LOCATION",
      "metadata": {},
      "salience": 0.10871678,
      "mentions": [
        {
          "text": {
            "content": "house",
            "beginOffset": -1
          },
          "type": "COMMON"
        }
      ]
    },
    {
      "name": "house",
      "type": "LOCATION",
      "metadata": {},
      "salience": 0.07470992,
      "mentions": [
        {
          "text": {
            "content": "house",
            "beginOffset": -1
          },
          "type": "COMMON"
        }
      ]
    },
    {
      "name": "upkeep",
      "type": "OTHER",
      "metadata": {},
      "salience": 0.04661832,
      "mentions": [
        {
          "text": {
            "content": "upkeep",
            "beginOffset": -1
          },
          "type": "COMMON"
        }
      ]
    },
    {
      "name": "post",
      "type": "WORK_OF_ART",
      "metadata": {},
      "salience": 0.037988704,
      "mentions": [
        {
          "text": {
            "content": "post",
            "beginOffset": -1
          },
          "type": "COMMON"
        }
      ]
    },
    {
      "name": "shade",
      "type": "OTHER",
      "metadata": {},
      "salience": 0.020712413,
      "mentions": [
        {
          "text": {
            "content": "shade",
            "beginOffset": -1
          },
          "type": "COMMON"
        }
      ]
    }
  ],
  "documentSentiment": {
    "magnitude": 0.2,
    "score": 0.2
  },
  "language": "en",
  "categories": []
}
