{
  "sentences": [
    {
      "text": {
        "content": "she was found in the area im staying..",
        "beginOffset": -1
      },
      "sentiment": {
        "magnitude": 0.1,
        "score": 0.1
      }
    },
    {
      "text": {
        "content": "many people dont like cats here.. one kitten recently died, dont know whats the cause..",
        "beginOffset": -1
      },
      "sentiment": {
        "magnitude": 0.5,
        "score": -0.5
      }
    },
    {
      "text": {
        "content": "it was well when i was going to work, when i got back, it was hurung by lalat oredi..",
        "beginOffset": -1
      },
      "sentiment": {
        "magnitude": 0.2,
        "score": -0.2
      }
    },
    {
      "text": {
        "content": "so sad.. people are sepak ing kitten, i heard a case a person mix poison with cat food to kill strays, and children are toying with them sesuka hati, tie up la, feed with mud, if i see them, kene marah lah.. next day they will do again.. twice already i get notice paste in front of my door for feeding strays..",
        "beginOffset": -1
      },
      "sentiment": {
        "magnitude": 0.4,
        "score": -0.4
      }
    },
    {
      "text": {
        "content": "so i guess its better to relocate them to safer and more friendly environment..",
        "beginOffset": -1
      },
      "sentiment": {
        "magnitude": 0.6,
        "score": 0.6
      }
    },
    {
      "text": {
        "content": "please be kind enough to care for her.. she is sweet, very playful as in picture, eat well, but a bit kurus.. anyone interested to adopt her?",
        "beginOffset": -1
      },
      "sentiment": {
        "magnitude": 0.7,
        "score": 0.7
      }
    },
    {
      "text": {
        "content": "14th DECEMBER THANKS DEBRA, for taking her.. hope she bring happiness in your house.. :)",
        "beginOffset": -1
      },
      "sentiment": {
        "magnitude": 0.9,
        "score": 0.9
      }
    }
  ],
  "tokens": [],
  "entities": [
    {
      "name": "people",
      "type": "PERSON",
      "metadata": {},
      "salience": 0.17739584,
      "mentions": [
        {
          "text": {
            "content": "people",
            "beginOffset": -1
          },
          "type": "COMMON"
        }
      ]
    },
    {
      "name": "area",
      "type": "LOCATION",
      "metadata": {},
      "salience": 0.16800597,
      "mentions": [
        {
          "text": {
            "content": "area",
            "beginOffset": -1
          },
          "type": "COMMON"
        }
      ]
    },
    {
      "name": "people",
      "type": "PERSON",
      "metadata": {},
      "salience": 0.09319109,
      "mentions": [
        {
          "text": {
            "content": "people",
            "beginOffset": -1
          },
          "type": "COMMON"
        }
      ]
    },
    {
      "name": "kitten",
      "type": "PERSON",
      "metadata": {},
      "salience": 0.09319109,
      "mentions": [
        {
          "text": {
            "content": "kitten",
            "beginOffset": -1
          },
          "type": "COMMON"
        }
      ]
    },
    {
      "name": "cats",
      "type": "OTHER",
      "metadata": {},
      "salience": 0.08203712,
      "mentions": [
        {
          "text": {
            "content": "cats",
            "beginOffset": -1
          },
          "type": "COMMON"
        }
      ]
    },
    {
      "name": "THANKS DEBRA",
      "type": "PERSON",
      "metadata": {},
      "salience": 0.032989696,
      "mentions": [
        {
          "text": {
            "content": "THANKS DEBRA",
            "beginOffset": -1
          },
          "type": "PROPER"
        }
      ]
    },
    {
      "name": "cause",
      "type": "OTHER",
      "metadata": {},
      "salience": 0.03133646,
      "mentions": [
        {
          "text": {
            "content": "cause",
            "beginOffset": -1
          },
          "type": "COMMON"
        }
      ]
    },
    {
      "name": "notice paste",
      "type": "OTHER",
      "metadata": {},
      "salience": 0.024924926,
      "mentions": [
        {
          "text": {
            "content": "notice paste",
            "beginOffset": -1
          },
          "type": "COMMON"
        }
      ]
    },
    {
      "name": "strays",
      "type": "OTHER",
      "metadata": {},
      "salience": 0.024185354,
      "mentions": [
        {
          "text": {
            "content": "strays",
            "beginOffset": -1
          },
          "type": "COMMON"
        }
      ]
    },
    {
      "name": "ing kitten",
      "type": "PERSON",
      "metadata": {},
      "salience": 0.023890745,
      "mentions": [
        {
          "text": {
            "content": "ing kitten",
            "beginOffset": -1
          },
          "type": "COMMON"
        }
      ]
    },
    {
      "name": "children",
      "type": "PERSON",
      "metadata": {},
      "salience": 0.021253157,
      "mentions": [
        {
          "text": {
            "content": "children",
            "beginOffset": -1
          },
          "type": "COMMON"
        }
      ]
    },
    {
      "name": "mud",
      "type": "OTHER",
      "metadata": {},
      "salience": 0.021253157,
      "mentions": [
        {
          "text": {
            "content": "mud",
            "beginOffset": -1
          },
          "type": "COMMON"
        }
      ]
    },
    {
      "name": "la",
      "type": "OTHER",
      "metadata": {},
      "salience": 0.021253157,
      "mentions": [
        {
          "text": {
            "content": "la",
            "beginOffset": -1
          },
          "type": "COMMON"
        }
      ]
    },
    {
      "name": "cat food",
      "type": "CONSUMER_GOOD",
      "metadata": {},
      "salience": 0.020994108,
      "mentions": [
        {
          "text": {
            "content": "cat food",
            "beginOffset": -1
          },
          "type": "COMMON"
        }
      ]
    },
    {
      "name": "person",
      "type": "PERSON",
      "metadata": {},
      "salience": 0.020994108,
      "mentions": [
        {
          "text": {
            "content": "person",
            "beginOffset": -1
          },
          "type": "COMMON"
        }
      ]
    },
    {
      "name": "poison",
      "type": "OTHER",
      "metadata": {},
      "salience": 0.020994108,
      "mentions": [
        {
          "text": {
            "content": "poison",
            "beginOffset": -1
          },
          "type": "COMMON"
        }
      ]
    },
    {
      "name": "case",
      "type": "OTHER",
      "metadata": {},
      "salience": 0.020994108,
      "mentions": [
        {
          "text": {
            "content": "case",
            "beginOffset": -1
          },
          "type": "COMMON"
        }
      ]
    },
    {
      "name": "front",
      "type": "OTHER",
      "metadata": {},
      "salience": 0.019504523,
      "mentions": [
        {
          "text": {
            "content": "front",
            "beginOffset": -1
          },
          "type": "COMMON"
        }
      ]
    },
    {
      "name": "door",
      "type": "OTHER",
      "metadata": {},
      "salience": 0.019504523,
      "mentions": [
        {
          "text": {
            "content": "door",
            "beginOffset": -1
          },
          "type": "COMMON"
        }
      ]
    },
    {
      "name": "picture",
      "type": "WORK_OF_ART",
      "metadata": {},
      "salience": 0.014634164,
      "mentions": [
        {
          "text": {
            "content": "picture",
            "beginOffset": -1
          },
          "type": "COMMON"
        }
      ]
    },
    {
      "name": "anyone",
      "type": "PERSON",
      "metadata": {},
      "salience": 0.014634164,
      "mentions": [
        {
          "text": {
            "content": "anyone",
            "beginOffset": -1
          },
          "type": "COMMON"
        }
      ]
    },
    {
      "name": "house",
      "type": "LOCATION",
      "metadata": {},
      "salience": 0.010228316,
      "mentions": [
        {
          "text": {
            "content": "house",
            "beginOffset": -1
          },
          "type": "COMMON"
        }
      ]
    },
    {
      "name": "happiness",
      "type": "OTHER",
      "metadata": {},
      "salience": 0.008825428,
      "mentions": [
        {
          "text": {
            "content": "happiness",
            "beginOffset": -1
          },
          "type": "COMMON"
        }
      ]
    },
    {
      "name": "strays",
      "type": "OTHER",
      "metadata": {},
      "salience": 0.0073480015,
      "mentions": [
        {
          "text": {
            "content": "strays",
            "beginOffset": -1
          },
          "type": "COMMON"
        }
      ]
    },
    {
      "name": "environment",
      "type": "OTHER",
      "metadata": {},
      "salience": 0.006436676,
      "mentions": [
        {
          "text": {
            "content": "environment",
            "beginOffset": -1
          },
          "type": "COMMON"
        }
      ]
    }
  ],
  "documentSentiment": {
    "magnitude": 3.7,
    "score": 0.1
  },
  "language": "en",
  "categories": []
}
