{
  "sentences": [
    {
      "text": {
        "content": "This stray kitten wandered into my house a few days ago, and I have been taking care of it.",
        "beginOffset": -1
      },
      "sentiment": {
        "magnitude": 0,
        "score": 0
      }
    },
    {
      "text": {
        "content": "I cannot keep her for long as my current 3 adult cats are not very friendly towards her.",
        "beginOffset": -1
      },
      "sentiment": {
        "magnitude": 0.8,
        "score": -0.8
      }
    },
    {
      "text": {
        "content": "Any adopter interested in giving her a good home, please contact me as soon as possible.",
        "beginOffset": -1
      },
      "sentiment": {
        "magnitude": 0.8,
        "score": 0.8
      }
    },
    {
      "text": {
        "content": "(Note: The camera's date was inaccurately set.",
        "beginOffset": -1
      },
      "sentiment": {
        "magnitude": 0.9,
        "score": -0.9
      }
    },
    {
      "text": {
        "content": "The photos were actually taken today.)",
        "beginOffset": -1
      },
      "sentiment": {
        "magnitude": 0.1,
        "score": 0.1
      }
    }
  ],
  "tokens": [],
  "entities": [
    {
      "name": "kitten",
      "type": "PERSON",
      "metadata": {},
      "salience": 0.6000548,
      "mentions": [
        {
          "text": {
            "content": "kitten",
            "beginOffset": -1
          },
          "type": "COMMON"
        }
      ]
    },
    {
      "name": "house",
      "type": "LOCATION",
      "metadata": {},
      "salience": 0.2118658,
      "mentions": [
        {
          "text": {
            "content": "house",
            "beginOffset": -1
          },
          "type": "COMMON"
        }
      ]
    },
    {
      "name": "care",
      "type": "OTHER",
      "metadata": {},
      "salience": 0.09820184,
      "mentions": [
        {
          "text": {
            "content": "care",
            "beginOffset": -1
          },
          "type": "COMMON"
        }
      ]
    },
    {
      "name": "cats",
      "type": "OTHER",
      "metadata": {},
      "salience": 0.027958596,
      "mentions": [
        {
          "text": {
            "content": "cats",
            "beginOffset": -1
          },
          "type": "COMMON"
        }
      ]
    },
    {
      "name": "Note",
      "type": "OTHER",
      "metadata": {},
      "salience": 0.019709894,
      "mentions": [
        {
          "text": {
            "content": "Note",
            "beginOffset": -1
          },
          "type": "COMMON"
        }
      ]
    },
    {
      "name": "camera",
      "type": "CONSUMER_GOOD",
      "metadata": {},
      "salience": 0.019709894,
      "mentions": [
        {
          "text": {
            "content": "camera",
            "beginOffset": -1
          },
          "type": "COMMON"
        }
      ]
    },
    {
      "name": "photos",
      "type": "WORK_OF_ART",
      "metadata": {},
      "salience": 0.013789332,
      "mentions": [
        {
          "text": {
            "content": "photos",
            "beginOffset": -1
          },
          "type": "COMMON"
        }
      ]
    },
    {
      "name": "home",
      "type": "LOCATION",
      "metadata": {},
      "salience": 0.008709825,
      "mentions": [
        {
          "text": {
            "content": "home",
            "beginOffset": -1
          },
          "type": "COMMON"
        }
      ]
    }
  ],
  "documentSentiment": {
    "magnitude": 2.8,
    "score": -0.1
  },
  "language": "en",
  "categories": []
}
