{
  "sentences": [
    {
      "text": {
        "content": "Brownie is just the cutest little boy with his sharp snout and his pointed ears.",
        "beginOffset": -1
      },
      "sentiment": {
        "magnitude": 0.7,
        "score": 0.7
      }
    },
    {
      "text": {
        "content": "Looks like a little bull dog.",
        "beginOffset": -1
      },
      "sentiment": {
        "magnitude": 0.3,
        "score": -0.3
      }
    },
    {
      "text": {
        "content": "Alert to sounds and loves to play and easily trained.",
        "beginOffset": -1
      },
      "sentiment": {
        "magnitude": 0.9,
        "score": 0.9
      }
    },
    {
      "text": {
        "content": "Please contact Elaine at the second number for immediate response.",
        "beginOffset": -1
      },
      "sentiment": {
        "magnitude": 0,
        "score": 0
      }
    }
  ],
  "tokens": [],
  "entities": [
    {
      "name": "boy",
      "type": "PERSON",
      "metadata": {},
      "salience": 0.48413265,
      "mentions": [
        {
          "text": {
            "content": "boy",
            "beginOffset": -1
          },
          "type": "COMMON"
        }
      ]
    },
    {
      "name": "Brownie",
      "type": "OTHER",
      "metadata": {},
      "salience": 0.23412347,
      "mentions": [
        {
          "text": {
            "content": "Brownie",
            "beginOffset": -1
          },
          "type": "COMMON"
        }
      ]
    },
    {
      "name": "snout",
      "type": "OTHER",
      "metadata": {},
      "salience": 0.0817733,
      "mentions": [
        {
          "text": {
            "content": "snout",
            "beginOffset": -1
          },
          "type": "COMMON"
        }
      ]
    },
    {
      "name": "ears",
      "type": "OTHER",
      "metadata": {},
      "salience": 0.05606986,
      "mentions": [
        {
          "text": {
            "content": "ears",
            "beginOffset": -1
          },
          "type": "COMMON"
        }
      ]
    },
    {
      "name": "bull dog",
      "type": "OTHER",
      "metadata": {},
      "salience": 0.027711641,
      "mentions": [
        {
          "text": {
            "content": "bull dog",
            "beginOffset": -1
          },
          "type": "COMMON"
        }
      ]
    },
    {
      "name": "Looks",
      "type": "OTHER",
      "metadata": {},
      "salience": 0.027378198,
      "mentions": [
        {
          "text": {
            "content": "Looks",
            "beginOffset": -1
          },
          "type": "COMMON"
        }
      ]
    },
    {
      "name": "Alert",
      "type": "OTHER",
      "metadata": {},
      "salience": 0.025333961,
      "mentions": [
        {
          "text": {
            "content": "Alert",
            "beginOffset": -1
          },
          "type": "COMMON"
        }
      ]
    },
    {
      "name": "sounds",
      "type": "OTHER",
      "metadata": {},
      "salience": 0.025333961,
      "mentions": [
        {
          "text": {
            "content": "sounds",
            "beginOffset": -1
          },
          "type": "COMMON"
        }
      ]
    },
    {
      "name": "number",
      "type": "OTHER",
      "metadata": {},
      "salience": 0.0134049645,
      "mentions": [
        {
          "text": {
            "content": "number",
            "beginOffset": -1
          },
          "type": "COMMON"
        }
      ]
    },
    {
      "name": "response",
      "type": "OTHER",
      "metadata": {},
      "salience": 0.0134049645,
      "mentions": [
        {
          "text": {
            "content": "response",
            "beginOffset": -1
          },
          "type": "COMMON"
        }
      ]
    },
    {
      "name": "Elaine",
      "type": "PERSON",
      "metadata": {},
      "salience": 0.011333034,
      "mentions": [
        {
          "text": {
            "content": "Elaine",
            "beginOffset": -1
          },
          "type": "PROPER"
        }
      ]
    }
  ],
  "documentSentiment": {
    "magnitude": 2.1,
    "score": 0.3
  },
  "language": "en",
  "categories": []
}
