{
  "sentences": [
    {
      "text": {
        "content": "Need an urgent fosterer for them at least for 1month.after that they could be returned back here or they could be adopted.the kids were seperated from their mom by a cleaner here bcoz she hates cat but after 2 days we managed to get them back together.pls help me find a temporary home for them.",
        "beginOffset": -1
      },
      "sentiment": {
        "magnitude": 0.4,
        "score": -0.4
      }
    },
    {
      "text": {
        "content": "Location: UIA Gombak Contact no:",
        "beginOffset": -1
      },
      "sentiment": {
        "magnitude": 0.3,
        "score": -0.3
      }
    }
  ],
  "tokens": [],
  "entities": [
    {
      "name": "kids",
      "type": "PERSON",
      "metadata": {},
      "salience": 0.5406714,
      "mentions": [
        {
          "text": {
            "content": "kids",
            "beginOffset": -1
          },
          "type": "COMMON"
        }
      ]
    },
    {
      "name": "fosterer",
      "type": "PERSON",
      "metadata": {},
      "salience": 0.16007075,
      "mentions": [
        {
          "text": {
            "content": "fosterer",
            "beginOffset": -1
          },
          "type": "COMMON"
        }
      ]
    },
    {
      "name": "mom",
      "type": "PERSON",
      "metadata": {},
      "salience": 0.12020263,
      "mentions": [
        {
          "text": {
            "content": "mom",
            "beginOffset": -1
          },
          "type": "COMMON"
        }
      ]
    },
    {
      "name": "home",
      "type": "LOCATION",
      "metadata": {},
      "salience": 0.054841902,
      "mentions": [
        {
          "text": {
            "content": "home",
            "beginOffset": -1
          },
          "type": "COMMON"
        }
      ]
    },
    {
      "name": "cleaner",
      "type": "PERSON",
      "metadata": {},
      "salience": 0.05102452,
      "mentions": [
        {
          "text": {
            "content": "cleaner",
            "beginOffset": -1
          },
          "type": "COMMON"
        }
      ]
    },
    {
      "name": "cat",
      "type": "OTHER",
      "metadata": {},
      "salience": 0.046898182,
      "mentions": [
        {
          "text": {
            "content": "cat",
            "beginOffset": -1
          },
          "type": "COMMON"
        }
      ]
    },
    {
      "name": "Location",
      "type": "LOCATION",
      "metadata": {},
      "salience": 0.01203761,
      "mentions": [
        {
          "text": {
            "content": "Location",
            "beginOffset": -1
          },
          "type": "COMMON"
        }
      ]
    },
    {
      "name": "Gombak Contact",
      "type": "WORK_OF_ART",
      "metadata": {},
      "salience": 0.0071265013,
      "mentions": [
        {
          "text": {
            "content": "Gombak Contact",
            "beginOffset": -1
          },
          "type": "PROPER"
        }
      ]
    },
    {
      "name": "UIA",
      "type": "ORGANIZATION",
      "metadata": {},
      "salience": 0.0071265013,
      "mentions": [
        {
          "text": {
            "content": "UIA",
            "beginOffset": -1
          },
          "type": "PROPER"
        }
      ]
    }
  ],
  "documentSentiment": {
    "magnitude": 0.8,
    "score": -0.4
  },
  "language": "en",
  "categories": []
}
