{
  "sentences": [
    {
      "text": {
        "content": "She was so skinny when I found it in front my house, she changed my mind cos I tot cat very fierce..",
        "beginOffset": -1
      },
      "sentiment": {
        "magnitude": 0.5,
        "score": 0.5
      }
    },
    {
      "text": {
        "content": "She not very pretty cat but she everyday waiting me after work!",
        "beginOffset": -1
      },
      "sentiment": {
        "magnitude": 0.4,
        "score": -0.4
      }
    },
    {
      "text": {
        "content": "She need a lovely sweet home..",
        "beginOffset": -1
      },
      "sentiment": {
        "magnitude": 0.7,
        "score": 0.7
      }
    }
  ],
  "tokens": [],
  "entities": [
    {
      "name": "front",
      "type": "OTHER",
      "metadata": {},
      "salience": 0.2523718,
      "mentions": [
        {
          "text": {
            "content": "front",
            "beginOffset": -1
          },
          "type": "COMMON"
        }
      ]
    },
    {
      "name": "house",
      "type": "LOCATION",
      "metadata": {},
      "salience": 0.2523718,
      "mentions": [
        {
          "text": {
            "content": "house",
            "beginOffset": -1
          },
          "type": "COMMON"
        }
      ]
    },
    {
      "name": "tot cat",
      "type": "OTHER",
      "metadata": {},
      "salience": 0.19778673,
      "mentions": [
        {
          "text": {
            "content": "tot cat",
            "beginOffset": -1
          },
          "type": "COMMON"
        }
      ]
    },
    {
      "name": "mind cos",
      "type": "OTHER",
      "metadata": {},
      "salience": 0.17431669,
      "mentions": [
        {
          "text": {
            "content": "mind cos",
            "beginOffset": -1
          },
          "type": "COMMON"
        }
      ]
    },
    {
      "name": "work",
      "type": "OTHER",
      "metadata": {},
      "salience": 0.05874989,
      "mentions": [
        {
          "text": {
            "content": "work",
            "beginOffset": -1
          },
          "type": "COMMON"
        }
      ]
    },
    {
      "name": "home",
      "type": "LOCATION",
      "metadata": {},
      "salience": 0.034968615,
      "mentions": [
        {
          "text": {
            "content": "home",
            "beginOffset": -1
          },
          "type": "COMMON"
        }
      ]
    },
    {
      "name": "cat",
      "type": "OTHER",
      "metadata": {},
      "salience": 0.029434517,
      "mentions": [
        {
          "text": {
            "content": "cat",
            "beginOffset": -1
          },
          "type": "COMMON"
        }
      ]
    }
  ],
  "documentSentiment": {
    "magnitude": 1.7,
    "score": 0.2
  },
  "language": "en",
  "categories": []
}
