{
  "sentences": [
    {
      "text": {
        "content": "This male puppy , approximately 2 months old was found wandering at the hiking trail of bukit Melawati.",
        "beginOffset": -1
      },
      "sentiment": {
        "magnitude": 0.3,
        "score": 0.3
      }
    },
    {
      "text": {
        "content": "A walker is temporarily fostering this cutie .",
        "beginOffset": -1
      },
      "sentiment": {
        "magnitude": 0,
        "score": 0
      }
    },
    {
      "text": {
        "content": "He is super cute and playful.",
        "beginOffset": -1
      },
      "sentiment": {
        "magnitude": 0.9,
        "score": 0.9
      }
    },
    {
      "text": {
        "content": "He’s a smart cookie and would make a great guard dog .",
        "beginOffset": -1
      },
      "sentiment": {
        "magnitude": 0.7,
        "score": 0.7
      }
    },
    {
      "text": {
        "content": "Location of the puppy – Taman Melawati Feel free to contact me via Watsapp - for further information!",
        "beginOffset": -1
      },
      "sentiment": {
        "magnitude": 0.8,
        "score": 0.8
      }
    }
  ],
  "tokens": [],
  "entities": [
    {
      "name": "puppy",
      "type": "OTHER",
      "metadata": {},
      "salience": 0.33935332,
      "mentions": [
        {
          "text": {
            "content": "puppy",
            "beginOffset": -1
          },
          "type": "COMMON"
        }
      ]
    },
    {
      "name": "walker",
      "type": "PERSON",
      "metadata": {},
      "salience": 0.2984185,
      "mentions": [
        {
          "text": {
            "content": "walker",
            "beginOffset": -1
          },
          "type": "COMMON"
        }
      ]
    },
    {
      "name": "hiking trail",
      "type": "LOCATION",
      "metadata": {},
      "salience": 0.12271006,
      "mentions": [
        {
          "text": {
            "content": "hiking trail",
            "beginOffset": -1
          },
          "type": "COMMON"
        }
      ]
    },
    {
      "name": "Melawati",
      "type": "LOCATION",
      "metadata": {},
      "salience": 0.05703583,
      "mentions": [
        {
          "text": {
            "content": "Melawati",
            "beginOffset": -1
          },
          "type": "PROPER"
        }
      ]
    },
    {
      "name": "cutie",
      "type": "OTHER",
      "metadata": {},
      "salience": 0.041390214,
      "mentions": [
        {
          "text": {
            "content": "cutie",
            "beginOffset": -1
          },
          "type": "COMMON"
        }
      ]
    },
    {
      "name": "cookie",
      "type": "OTHER",
      "metadata": {},
      "salience": 0.037699137,
      "mentions": [
        {
          "text": {
            "content": "cookie",
            "beginOffset": -1
          },
          "type": "COMMON"
        }
      ]
    },
    {
      "name": "puppy",
      "type": "OTHER",
      "metadata": {},
      "salience": 0.03231105,
      "mentions": [
        {
          "text": {
            "content": "puppy",
            "beginOffset": -1
          },
          "type": "COMMON"
        }
      ]
    },
    {
      "name": "information",
      "type": "OTHER",
      "metadata": {},
      "salience": 0.019942498,
      "mentions": [
        {
          "text": {
            "content": "information",
            "beginOffset": -1
          },
          "type": "COMMON"
        }
      ]
    },
    {
      "name": "Taman Melawati Feel",
      "type": "OTHER",
      "metadata": {},
      "salience": 0.016857032,
      "mentions": [
        {
          "text": {
            "content": "Taman Melawati Feel",
            "beginOffset": -1
          },
          "type": "PROPER"
        }
      ]
    },
    {
      "name": "Location",
      "type": "LOCATION",
      "metadata": {},
      "salience": 0.012521807,
      "mentions": [
        {
          "text": {
            "content": "Location",
            "beginOffset": -1
          },
          "type": "COMMON"
        }
      ]
    },
    {
      "name": "Watsapp",
      "type": "OTHER",
      "metadata": {},
      "salience": 0.011815127,
      "mentions": [
        {
          "text": {
            "content": "Watsapp",
            "beginOffset": -1
          },
          "type": "PROPER"
        }
      ]
    },
    {
      "name": "guard dog",
      "type": "OTHER",
      "metadata": {},
      "salience": 0.009945444,
      "mentions": [
        {
          "text": {
            "content": "guard dog",
            "beginOffset": -1
          },
          "type": "COMMON"
        }
      ]
    }
  ],
  "documentSentiment": {
    "magnitude": 2.9,
    "score": 0.5
  },
  "language": "en",
  "categories": []
}
