{
  "sentences": [
    {
      "text": {
        "content": "These abandoned babies are a really cute bunch and looking for a family to love them.",
        "beginOffset": -1
      },
      "sentiment": {
        "magnitude": 0.7,
        "score": 0.7
      }
    },
    {
      "text": {
        "content": "please contact to adopt them.",
        "beginOffset": -1
      },
      "sentiment": {
        "magnitude": 0,
        "score": 0
      }
    }
  ],
  "tokens": [],
  "entities": [
    {
      "name": "babies",
      "type": "PERSON",
      "metadata": {},
      "salience": 0.64650446,
      "mentions": [
        {
          "text": {
            "content": "babies",
            "beginOffset": -1
          },
          "type": "COMMON"
        }
      ]
    },
    {
      "name": "bunch",
      "type": "PERSON",
      "metadata": {},
      "salience": 0.20130172,
      "mentions": [
        {
          "text": {
            "content": "bunch",
            "beginOffset": -1
          },
          "type": "COMMON"
        }
      ]
    },
    {
      "name": "family",
      "type": "PERSON",
      "metadata": {},
      "salience": 0.1521938,
      "mentions": [
        {
          "text": {
            "content": "family",
            "beginOffset": -1
          },
          "type": "COMMON"
        }
      ]
    }
  ],
  "documentSentiment": {
    "magnitude": 0.7,
    "score": 0.3
  },
  "language": "en",
  "categories": []
}
