{
  "sentences": [
    {
      "text": {
        "content": "Baby face breed.",
        "beginOffset": -1
      },
      "sentiment": {
        "magnitude": 0.1,
        "score": 0.1
      }
    },
    {
      "text": {
        "content": "Rm will be used to rescue and treat other cats",
        "beginOffset": -1
      },
      "sentiment": {
        "magnitude": 0.3,
        "score": 0.3
      }
    }
  ],
  "tokens": [],
  "entities": [
    {
      "name": "Baby face breed",
      "type": "OTHER",
      "metadata": {},
      "salience": 0.67953444,
      "mentions": [
        {
          "text": {
            "content": "Baby face breed",
            "beginOffset": -1
          },
          "type": "COMMON"
        }
      ]
    },
    {
      "name": "Rm",
      "type": "LOCATION",
      "metadata": {},
      "salience": 0.19402523,
      "mentions": [
        {
          "text": {
            "content": "Rm",
            "beginOffset": -1
          },
          "type": "PROPER"
        }
      ]
    },
    {
      "name": "cats",
      "type": "OTHER",
      "metadata": {},
      "salience": 0.12644033,
      "mentions": [
        {
          "text": {
            "content": "cats",
            "beginOffset": -1
          },
          "type": "COMMON"
        }
      ]
    }
  ],
  "documentSentiment": {
    "magnitude": 0.5,
    "score": 0.2
  },
  "language": "en",
  "categories": []
}
