{
  "sentences": [
    {
      "text": {
        "content": "I found four lovely puppies in Kepong on the 29th of June .",
        "beginOffset": -1
      },
      "sentiment": {
        "magnitude": 0.8,
        "score": 0.8
      }
    },
    {
      "text": {
        "content": "They have been dewormed and deticked, and are in excellent health.",
        "beginOffset": -1
      },
      "sentiment": {
        "magnitude": 0.9,
        "score": 0.9
      }
    },
    {
      "text": {
        "content": "They are still very young and need a tremendous amount of care and affection.",
        "beginOffset": -1
      },
      "sentiment": {
        "magnitude": 0.4,
        "score": 0.4
      }
    },
    {
      "text": {
        "content": "Note: 1 puppy was adopted in late July .",
        "beginOffset": -1
      },
      "sentiment": {
        "magnitude": 0,
        "score": 0
      }
    },
    {
      "text": {
        "content": "GENUINE ADOPTERS ONLY - If you are thinking of adopting puppies, I urge you, do not think of adopting them based on &quot;beauty&quot; and &quot;cuteness&quot;.",
        "beginOffset": -1
      },
      "sentiment": {
        "magnitude": 0.4,
        "score": 0.4
      }
    },
    {
      "text": {
        "content": "Dogs will mature (obviously) so their &quot;cute puppy&quot; factor will soon be gone, but they can be your steadfast companions for a significant number of years.",
        "beginOffset": -1
      },
      "sentiment": {
        "magnitude": 0.5,
        "score": 0.5
      }
    },
    {
      "text": {
        "content": "They will be a lot of work to look after, but they will give you a lot of affection and happiness in return.",
        "beginOffset": -1
      },
      "sentiment": {
        "magnitude": 0.2,
        "score": 0.2
      }
    },
    {
      "text": {
        "content": "I humbly request a small adoption fee of RM50 per puppy as I had them dewormed and deticked at the vets, though this fee is not compulsory.",
        "beginOffset": -1
      },
      "sentiment": {
        "magnitude": 0.1,
        "score": -0.1
      }
    },
    {
      "text": {
        "content": "Note: I do not know what breed these puppies are, nor how large they will grow to.",
        "beginOffset": -1
      },
      "sentiment": {
        "magnitude": 0.3,
        "score": -0.3
      }
    },
    {
      "text": {
        "content": "I put &quot;medium-size&quot; based on the size of their mother.",
        "beginOffset": -1
      },
      "sentiment": {
        "magnitude": 0,
        "score": 0
      }
    }
  ],
  "tokens": [],
  "entities": [
    {
      "name": "puppies",
      "type": "OTHER",
      "metadata": {},
      "salience": 0.2138917,
      "mentions": [
        {
          "text": {
            "content": "puppies",
            "beginOffset": -1
          },
          "type": "COMMON"
        }
      ]
    },
    {
      "name": "Dogs",
      "type": "OTHER",
      "metadata": {},
      "salience": 0.0974742,
      "mentions": [
        {
          "text": {
            "content": "Dogs",
            "beginOffset": -1
          },
          "type": "COMMON"
        }
      ]
    },
    {
      "name": "Kepong",
      "type": "LOCATION",
      "metadata": {
        "mid": "/m/0d0_lw",
        "wikipedia_url": "https://en.wikipedia.org/wiki/Kepong"
      },
      "salience": 0.08703654,
      "mentions": [
        {
          "text": {
            "content": "Kepong",
            "beginOffset": -1
          },
          "type": "PROPER"
        }
      ]
    },
    {
      "name": "health",
      "type": "OTHER",
      "metadata": {},
      "salience": 0.07088308,
      "mentions": [
        {
          "text": {
            "content": "health",
            "beginOffset": -1
          },
          "type": "COMMON"
        }
      ]
    },
    {
      "name": "GENUINE ADOPTERS",
      "type": "ORGANIZATION",
      "metadata": {},
      "salience": 0.062082708,
      "mentions": [
        {
          "text": {
            "content": "GENUINE ADOPTERS",
            "beginOffset": -1
          },
          "type": "PROPER"
        }
      ]
    },
    {
      "name": "puppy",
      "type": "OTHER",
      "metadata": {},
      "salience": 0.03994075,
      "mentions": [
        {
          "text": {
            "content": "puppy",
            "beginOffset": -1
          },
          "type": "COMMON"
        }
      ]
    },
    {
      "name": "puppies",
      "type": "OTHER",
      "metadata": {},
      "salience": 0.035080764,
      "mentions": [
        {
          "text": {
            "content": "puppies",
            "beginOffset": -1
          },
          "type": "COMMON"
        }
      ]
    },
    {
      "name": "affection",
      "type": "OTHER",
      "metadata": {},
      "salience": 0.030618945,
      "mentions": [
        {
          "text": {
            "content": "affection",
            "beginOffset": -1
          },
          "type": "COMMON"
        }
      ]
    },
    {
      "name": "Note",
      "type": "OTHER",
      "metadata": {},
      "salience": 0.030511351,
      "mentions": [
        {
          "text": {
            "content": "Note",
            "beginOffset": -1
          },
          "type": "COMMON"
        }
      ]
    },
    {
      "name": "puppy",
      "type": "OTHER",
      "metadata": {},
      "salience": 0.02720312,
      "mentions": [
        {
          "text": {
            "content": "puppy",
            "beginOffset": -1
          },
          "type": "COMMON"
        }
      ]
    },
    {
      "name": "puppies",
      "type": "OTHER",
      "metadata": {},
      "salience": 0.026932096,
      "mentions": [
        {
          "text": {
            "content": "puppies",
            "beginOffset": -1
          },
          "type": "COMMON"
        }
      ]
    },
    {
      "name": "care",
      "type": "OTHER",
      "metadata": {},
      "salience": 0.026911981,
      "mentions": [
        {
          "text": {
            "content": "care",
            "beginOffset": -1
          },
          "type": "COMMON"
        }
      ]
    },
    {
      "name": "lot",
      "type": "OTHER",
      "metadata": {},
      "salience": 0.02343133,
      "mentions": [
        {
          "text": {
            "content": "lot",
            "beginOffset": -1
          },
          "type": "COMMON"
        }
      ]
    },
    {
      "name": "amount",
      "type": "OTHER",
      "metadata": {},
      "salience": 0.022949649,
      "mentions": [
        {
          "text": {
            "content": "amount",
            "beginOffset": -1
          },
          "type": "COMMON"
        }
      ]
    },
    {
      "name": "companions",
      "type": "PERSON",
      "metadata": {},
      "salience": 0.020629592,
      "mentions": [
        {
          "text": {
            "content": "companions",
            "beginOffset": -1
          },
          "type": "COMMON"
        }
      ]
    },
    {
      "name": "cuteness",
      "type": "OTHER",
      "metadata": {},
      "salience": 0.01828905,
      "mentions": [
        {
          "text": {
            "content": "cuteness",
            "beginOffset": -1
          },
          "type": "COMMON"
        }
      ]
    },
    {
      "name": "factor",
      "type": "OTHER",
      "metadata": {},
      "salience": 0.018248186,
      "mentions": [
        {
          "text": {
            "content": "factor",
            "beginOffset": -1
          },
          "type": "COMMON"
        }
      ]
    },
    {
      "name": "beauty",
      "type": "OTHER",
      "metadata": {},
      "salience": 0.018066026,
      "mentions": [
        {
          "text": {
            "content": "beauty",
            "beginOffset": -1
          },
          "type": "COMMON"
        }
      ]
    },
    {
      "name": "fee",
      "type": "OTHER",
      "metadata": {},
      "salience": 0.017215917,
      "mentions": [
        {
          "text": {
            "content": "fee",
            "beginOffset": -1
          },
          "type": "COMMON"
        }
      ]
    },
    {
      "name": "number",
      "type": "OTHER",
      "metadata": {},
      "salience": 0.016746124,
      "mentions": [
        {
          "text": {
            "content": "number",
            "beginOffset": -1
          },
          "type": "COMMON"
        }
      ]
    },
    {
      "name": "work",
      "type": "OTHER",
      "metadata": {},
      "salience": 0.01671447,
      "mentions": [
        {
          "text": {
            "content": "work",
            "beginOffset": -1
          },
          "type": "COMMON"
        }
      ]
    },
    {
      "name": "Note",
      "type": "OTHER",
      "metadata": {},
      "salience": 0.01429984,
      "mentions": [
        {
          "text": {
            "content": "Note",
            "beginOffset": -1
          },
          "type": "COMMON"
        }
      ]
    },
    {
      "name": "vets",
      "type": "PERSON",
      "metadata": {},
      "salience": 0.012581349,
      "mentions": [
        {
          "text": {
            "content": "vets",
            "beginOffset": -1
          },
          "type": "COMMON"
        }
      ]
    },
    {
      "name": "size",
      "type": "OTHER",
      "metadata": {},
      "salience": 0.01000078,
      "mentions": [
        {
          "text": {
            "content": "size",
            "beginOffset": -1
          },
          "type": "COMMON"
        }
      ]
    },
    {
      "name": "mother",
      "type": "PERSON",
      "metadata": {},
      "salience": 0.008785209,
      "mentions": [
        {
          "text": {
            "content": "mother",
            "beginOffset": -1
          },
          "type": "COMMON"
        }
      ]
    },
    {
      "name": "puppy",
      "type": "OTHER",
      "metadata": {},
      "salience": 0.008240593,
      "mentions": [
        {
          "text": {
            "content": "puppy",
            "beginOffset": -1
          },
          "type": "COMMON"
        }
      ]
    },
    {
      "name": "affection",
      "type": "OTHER",
      "metadata": {},
      "salience": 0.0062951306,
      "mentions": [
        {
          "text": {
            "content": "affection",
            "beginOffset": -1
          },
          "type": "COMMON"
        }
      ]
    },
    {
      "name": "happiness",
      "type": "OTHER",
      "metadata": {},
      "salience": 0.0055294298,
      "mentions": [
        {
          "text": {
            "content": "happiness",
            "beginOffset": -1
          },
          "type": "COMMON"
        }
      ]
    },
    {
      "name": "return",
      "type": "OTHER",
      "metadata": {},
      "salience": 0.0055294298,
      "mentions": [
        {
          "text": {
            "content": "return",
            "beginOffset": -1
          },
          "type": "COMMON"
        }
      ]
    },
    {
      "name": "lot",
      "type": "OTHER",
      "metadata": {},
      "salience": 0.0048023406,
      "mentions": [
        {
          "text": {
            "content": "lot",
            "beginOffset": -1
          },
          "type": "COMMON"
        }
      ]
    },
    {
      "name": "adoption fee",
      "type": "OTHER",
      "metadata": {},
      "salience": 0.0030783154,
      "mentions": [
        {
          "text": {
            "content": "adoption fee",
            "beginOffset": -1
          },
          "type": "COMMON"
        }
      ]
    }
  ],
  "documentSentiment": {
    "magnitude": 4,
    "score": 0.2
  },
  "language": "en",
  "categories": []
}
