{
  "sentences": [
    {
      "text": {
        "content": "Please call or sms if you intrested.",
        "beginOffset": -1
      },
      "sentiment": {
        "magnitude": 0.2,
        "score": -0.2
      }
    },
    {
      "text": {
        "content": "Tq",
        "beginOffset": -1
      },
      "sentiment": {
        "magnitude": 0.3,
        "score": 0.3
      }
    }
  ],
  "tokens": [],
  "entities": [
    {
      "name": "sms",
      "type": "OTHER",
      "metadata": {},
      "salience": 0.8652936,
      "mentions": [
        {
          "text": {
            "content": "sms",
            "beginOffset": -1
          },
          "type": "COMMON"
        }
      ]
    },
    {
      "name": "Tq",
      "type": "PERSON",
      "metadata": {},
      "salience": 0.1347064,
      "mentions": [
        {
          "text": {
            "content": "Tq",
            "beginOffset": -1
          },
          "type": "PROPER"
        }
      ]
    }
  ],
  "documentSentiment": {
    "magnitude": 0.5,
    "score": 0
  },
  "language": "en",
  "categories": []
}
