{
  "sentences": [
    {
      "text": {
        "content": "Read story about Malee at She's very active,playful, healthy and ever since she recovers from mange &amp; fungus, she's very manja",
        "beginOffset": -1
      },
      "sentiment": {
        "magnitude": 0.8,
        "score": 0.8
      }
    }
  ],
  "tokens": [],
  "entities": [
    {
      "name": "Malee",
      "type": "PERSON",
      "metadata": {},
      "salience": 0.699279,
      "mentions": [
        {
          "text": {
            "content": "Malee",
            "beginOffset": -1
          },
          "type": "PROPER"
        }
      ]
    },
    {
      "name": "story",
      "type": "WORK_OF_ART",
      "metadata": {},
      "salience": 0.21822067,
      "mentions": [
        {
          "text": {
            "content": "story",
            "beginOffset": -1
          },
          "type": "COMMON"
        }
      ]
    },
    {
      "name": "fungus",
      "type": "OTHER",
      "metadata": {},
      "salience": 0.038261037,
      "mentions": [
        {
          "text": {
            "content": "fungus",
            "beginOffset": -1
          },
          "type": "COMMON"
        }
      ]
    },
    {
      "name": "manja",
      "type": "OTHER",
      "metadata": {},
      "salience": 0.027092734,
      "mentions": [
        {
          "text": {
            "content": "manja",
            "beginOffset": -1
          },
          "type": "COMMON"
        }
      ]
    },
    {
      "name": "mange",
      "type": "OTHER",
      "metadata": {},
      "salience": 0.01714653,
      "mentions": [
        {
          "text": {
            "content": "mange",
            "beginOffset": -1
          },
          "type": "COMMON"
        }
      ]
    }
  ],
  "documentSentiment": {
    "magnitude": 0.8,
    "score": 0.8
  },
  "language": "en",
  "categories": []
}
