{
  "sentences": [
    {
      "text": {
        "content": "Very cuddly &amp; active.",
        "beginOffset": -1
      },
      "sentiment": {
        "magnitude": 0.9,
        "score": 0.9
      }
    },
    {
      "text": {
        "content": "Big attention seeker.",
        "beginOffset": -1
      },
      "sentiment": {
        "magnitude": 0.6,
        "score": 0.6
      }
    },
    {
      "text": {
        "content": "Best to adopt him along with his pretty sister, Zara, for they entertain each other well so they would not get bored or depressed easily.",
        "beginOffset": -1
      },
      "sentiment": {
        "magnitude": 0.9,
        "score": 0.9
      }
    },
    {
      "text": {
        "content": "Pictures will be uploaded soon!",
        "beginOffset": -1
      },
      "sentiment": {
        "magnitude": 0.1,
        "score": -0.1
      }
    },
    {
      "text": {
        "content": "Reason of letting them go - I travel a LOT, &amp; it is becoming unfair to them.",
        "beginOffset": -1
      },
      "sentiment": {
        "magnitude": 0.3,
        "score": -0.3
      }
    },
    {
      "text": {
        "content": "I love them very much, so I am looking for serious cat lovers.",
        "beginOffset": -1
      },
      "sentiment": {
        "magnitude": 0.9,
        "score": 0.9
      }
    },
    {
      "text": {
        "content": "They come with a scratching post &amp; a carrier.",
        "beginOffset": -1
      },
      "sentiment": {
        "magnitude": 0.3,
        "score": -0.3
      }
    }
  ],
  "tokens": [],
  "entities": [
    {
      "name": "attention seeker",
      "type": "OTHER",
      "metadata": {},
      "salience": 0.23583642,
      "mentions": [
        {
          "text": {
            "content": "attention seeker",
            "beginOffset": -1
          },
          "type": "COMMON"
        }
      ]
    },
    {
      "name": "each other",
      "type": "PERSON",
      "metadata": {},
      "salience": 0.2243384,
      "mentions": [
        {
          "text": {
            "content": "each other",
            "beginOffset": -1
          },
          "type": "COMMON"
        }
      ]
    },
    {
      "name": "Zara",
      "type": "PERSON",
      "metadata": {},
      "salience": 0.20058301,
      "mentions": [
        {
          "text": {
            "content": "sister",
            "beginOffset": -1
          },
          "type": "COMMON"
        },
        {
          "text": {
            "content": "Zara",
            "beginOffset": -1
          },
          "type": "PROPER"
        }
      ]
    },
    {
      "name": "LOT",
      "type": "OTHER",
      "metadata": {},
      "salience": 0.11253307,
      "mentions": [
        {
          "text": {
            "content": "LOT",
            "beginOffset": -1
          },
          "type": "COMMON"
        }
      ]
    },
    {
      "name": "Pictures",
      "type": "WORK_OF_ART",
      "metadata": {},
      "salience": 0.062071968,
      "mentions": [
        {
          "text": {
            "content": "Pictures",
            "beginOffset": -1
          },
          "type": "COMMON"
        }
      ]
    },
    {
      "name": "Reason",
      "type": "OTHER",
      "metadata": {},
      "salience": 0.061903283,
      "mentions": [
        {
          "text": {
            "content": "Reason",
            "beginOffset": -1
          },
          "type": "COMMON"
        }
      ]
    },
    {
      "name": "cat lovers",
      "type": "PERSON",
      "metadata": {},
      "salience": 0.042814896,
      "mentions": [
        {
          "text": {
            "content": "cat lovers",
            "beginOffset": -1
          },
          "type": "COMMON"
        }
      ]
    },
    {
      "name": "scratching post",
      "type": "OTHER",
      "metadata": {},
      "salience": 0.029959481,
      "mentions": [
        {
          "text": {
            "content": "scratching post",
            "beginOffset": -1
          },
          "type": "COMMON"
        }
      ]
    },
    {
      "name": "carrier",
      "type": "ORGANIZATION",
      "metadata": {},
      "salience": 0.029959481,
      "mentions": [
        {
          "text": {
            "content": "carrier",
            "beginOffset": -1
          },
          "type": "COMMON"
        }
      ]
    }
  ],
  "documentSentiment": {
    "magnitude": 4.3,
    "score": 0.3
  },
  "language": "en",
  "categories": []
}
