{
  "sentences": [
    {
      "text": {
        "content": "Together 5 puppies, Miko has been found near my office.",
        "beginOffset": -1
      },
      "sentiment": {
        "magnitude": 0.5,
        "score": 0.5
      }
    },
    {
      "text": {
        "content": "We are trying to look for her a lovely home.",
        "beginOffset": -1
      },
      "sentiment": {
        "magnitude": 0.6,
        "score": 0.6
      }
    },
    {
      "text": {
        "content": "Anyone who wish to give Miko a home and love, please email to: @ ,com or add me to your Msger or MSN Tell us you name, place, and whether u agree the terms and condition which listed below.",
        "beginOffset": -1
      },
      "sentiment": {
        "magnitude": 0.7,
        "score": 0.7
      }
    },
    {
      "text": {
        "content": "Terms and Condition: The person who want to adopt the dog 1) Have to stay in &quot;pet allowed&quot; property.",
        "beginOffset": -1
      },
      "sentiment": {
        "magnitude": 0.4,
        "score": -0.4
      }
    },
    {
      "text": {
        "content": "2) Apply license for the dog and renew the license annually.",
        "beginOffset": -1
      },
      "sentiment": {
        "magnitude": 0,
        "score": 0
      }
    },
    {
      "text": {
        "content": "3) Have to bring the dog for vaccination.",
        "beginOffset": -1
      },
      "sentiment": {
        "magnitude": 0,
        "score": 0
      }
    },
    {
      "text": {
        "content": "4) Have to do heartworm prevention and deworming.",
        "beginOffset": -1
      },
      "sentiment": {
        "magnitude": 0.1,
        "score": 0.1
      }
    },
    {
      "text": {
        "content": "5) Have to neuter the dog.",
        "beginOffset": -1
      },
      "sentiment": {
        "magnitude": 0.4,
        "score": 0.4
      }
    },
    {
      "text": {
        "content": "停車場管理單位又開始在我們上班附近捕捉小狗狗。",
        "beginOffset": -1
      },
      "sentiment": {
        "magnitude": 0.2,
        "score": 0.2
      }
    },
    {
      "text": {
        "content": "這一次，共捉了10隻，都還年幼， 剛開眼，還未可以自行進食。",
        "beginOffset": -1
      },
      "sentiment": {
        "magnitude": 0.2,
        "score": -0.2
      }
    },
    {
      "text": {
        "content": "我們想， 如果這些小狗狗被丢到郊外， 大概沒有辦法生存。",
        "beginOffset": -1
      },
      "sentiment": {
        "magnitude": 0.2,
        "score": -0.2
      }
    },
    {
      "text": {
        "content": "我們暫時將5隻帶回來， 其他5隻就拜託停車場管理單位通融一星期。",
        "beginOffset": -1
      },
      "sentiment": {
        "magnitude": 0.5,
        "score": 0.5
      }
    },
    {
      "text": {
        "content": "一星期後再看看有沒有能力帶他們回來。",
        "beginOffset": -1
      },
      "sentiment": {
        "magnitude": 0.1,
        "score": -0.1
      }
    },
    {
      "text": {
        "content": "這些小狗狗需要一個家及愛他們的主人。",
        "beginOffset": -1
      },
      "sentiment": {
        "magnitude": 0.6,
        "score": 0.6
      }
    },
    {
      "text": {
        "content": "我們將他們的資料放上網， 希望可以為他們找到一個幸福。",
        "beginOffset": -1
      },
      "sentiment": {
        "magnitude": 0.9,
        "score": 0.9
      }
    },
    {
      "text": {
        "content": "欲領養者必須： 1) 住在可以合法養寵物的地方 2) 每年為狗狗更新執照 3) 定期為帶狗狗去診所注射疫苗 4) 定期杜蟲 5) 認同共答應在狗狗成年時，帶狗狗去作絕育手術。",
        "beginOffset": -1
      },
      "sentiment": {
        "magnitude": 0.6,
        "score": 0.6
      }
    }
  ],
  "tokens": [],
  "entities": [
    {
      "name": "Together 5 puppies",
      "type": "CONSUMER_GOOD",
      "metadata": {},
      "salience": 0.17304216,
      "mentions": [
        {
          "text": {
            "content": "Together 5 puppies",
            "beginOffset": -1
          },
          "type": "PROPER"
        }
      ]
    },
    {
      "name": "love",
      "type": "OTHER",
      "metadata": {},
      "salience": 0.097410746,
      "mentions": [
        {
          "text": {
            "content": "love",
            "beginOffset": -1
          },
          "type": "COMMON"
        }
      ]
    },
    {
      "name": "Terms and Condition: The person who want to adopt the dog 1",
      "type": "CONSUMER_GOOD",
      "metadata": {},
      "salience": 0.07784383,
      "mentions": [
        {
          "text": {
            "content": "Terms and Condition: The person who want to adopt the dog 1",
            "beginOffset": -1
          },
          "type": "PROPER"
        }
      ]
    },
    {
      "name": "please email to:",
      "type": "CONSUMER_GOOD",
      "metadata": {},
      "salience": 0.07564236,
      "mentions": [
        {
          "text": {
            "content": "please email to:",
            "beginOffset": -1
          },
          "type": "PROPER"
        }
      ]
    },
    {
      "name": "place",
      "type": "OTHER",
      "metadata": {},
      "salience": 0.06434094,
      "mentions": [
        {
          "text": {
            "content": "place",
            "beginOffset": -1
          },
          "type": "PROPER"
        }
      ]
    },
    {
      "name": "狗狗",
      "type": "PERSON",
      "metadata": {},
      "salience": 0.045457494,
      "mentions": [
        {
          "text": {
            "content": "狗狗",
            "beginOffset": -1
          },
          "type": "COMMON"
        }
      ]
    },
    {
      "name": "狗狗",
      "type": "OTHER",
      "metadata": {},
      "salience": 0.040304296,
      "mentions": [
        {
          "text": {
            "content": "狗狗",
            "beginOffset": -1
          },
          "type": "COMMON"
        }
      ]
    },
    {
      "name": "Have to do heartworm prevention and deworming.",
      "type": "CONSUMER_GOOD",
      "metadata": {},
      "salience": 0.033358786,
      "mentions": [
        {
          "text": {
            "content": "Have to do heartworm prevention and deworming.",
            "beginOffset": -1
          },
          "type": "PROPER"
        }
      ]
    },
    {
      "name": "狗狗",
      "type": "OTHER",
      "metadata": {},
      "salience": 0.032085385,
      "mentions": [
        {
          "text": {
            "content": "狗狗",
            "beginOffset": -1
          },
          "type": "COMMON"
        }
      ]
    },
    {
      "name": "狗狗",
      "type": "OTHER",
      "metadata": {},
      "salience": 0.032085385,
      "mentions": [
        {
          "text": {
            "content": "狗狗",
            "beginOffset": -1
          },
          "type": "COMMON"
        }
      ]
    },
    {
      "name": "狗狗",
      "type": "OTHER",
      "metadata": {},
      "salience": 0.032085385,
      "mentions": [
        {
          "text": {
            "content": "狗狗",
            "beginOffset": -1
          },
          "type": "COMMON"
        }
      ]
    },
    {
      "name": "狗狗",
      "type": "OTHER",
      "metadata": {},
      "salience": 0.031241717,
      "mentions": [
        {
          "text": {
            "content": "狗狗",
            "beginOffset": -1
          },
          "type": "COMMON"
        }
      ]
    },
    {
      "name": "狗狗",
      "type": "OTHER",
      "metadata": {},
      "salience": 0.022625443,
      "mentions": [
        {
          "text": {
            "content": "狗狗",
            "beginOffset": -1
          },
          "type": "COMMON"
        }
      ]
    },
    {
      "name": "停車場管理單位",
      "type": "ORGANIZATION",
      "metadata": {},
      "salience": 0.02230896,
      "mentions": [
        {
          "text": {
            "content": "停車場管理單位",
            "beginOffset": -1
          },
          "type": "COMMON"
        }
      ]
    },
    {
      "name": "pet allowed",
      "type": "OTHER",
      "metadata": {},
      "salience": 0.0218441,
      "mentions": [
        {
          "text": {
            "content": "pet allowed",
            "beginOffset": -1
          },
          "type": "PROPER"
        }
      ]
    },
    {
      "name": "Apply",
      "type": "CONSUMER_GOOD",
      "metadata": {},
      "salience": 0.019705374,
      "mentions": [
        {
          "text": {
            "content": "Apply",
            "beginOffset": -1
          },
          "type": "PROPER"
        }
      ]
    },
    {
      "name": "停車場管理單位",
      "type": "ORGANIZATION",
      "metadata": {},
      "salience": 0.01841826,
      "mentions": [
        {
          "text": {
            "content": "停車場管理單位",
            "beginOffset": -1
          },
          "type": "COMMON"
        }
      ]
    },
    {
      "name": "vaccination.",
      "type": "OTHER",
      "metadata": {
        "mid": "/g/121j1nlf",
        "wikipedia_url": "https://en.wikipedia.org/wiki/Vaccination"
      },
      "salience": 0.018114157,
      "mentions": [
        {
          "text": {
            "content": "vaccination.",
            "beginOffset": -1
          },
          "type": "PROPER"
        }
      ]
    },
    {
      "name": "能力",
      "type": "OTHER",
      "metadata": {},
      "salience": 0.015551136,
      "mentions": [
        {
          "text": {
            "content": "能力",
            "beginOffset": -1
          },
          "type": "COMMON"
        }
      ]
    },
    {
      "name": "家",
      "type": "LOCATION",
      "metadata": {},
      "salience": 0.015027824,
      "mentions": [
        {
          "text": {
            "content": "家",
            "beginOffset": -1
          },
          "type": "COMMON"
        }
      ]
    },
    {
      "name": "附近",
      "type": "OTHER",
      "metadata": {},
      "salience": 0.013321794,
      "mentions": [
        {
          "text": {
            "content": "附近",
            "beginOffset": -1
          },
          "type": "COMMON"
        }
      ]
    },
    {
      "name": "執照",
      "type": "OTHER",
      "metadata": {},
      "salience": 0.010602109,
      "mentions": [
        {
          "text": {
            "content": "執照",
            "beginOffset": -1
          },
          "type": "COMMON"
        }
      ]
    },
    {
      "name": "絕育手術",
      "type": "OTHER",
      "metadata": {},
      "salience": 0.010602109,
      "mentions": [
        {
          "text": {
            "content": "絕育手術",
            "beginOffset": -1
          },
          "type": "COMMON"
        }
      ]
    },
    {
      "name": "辦法",
      "type": "OTHER",
      "metadata": {},
      "salience": 0.010323023,
      "mentions": [
        {
          "text": {
            "content": "辦法",
            "beginOffset": -1
          },
          "type": "COMMON"
        }
      ]
    },
    {
      "name": "郊外",
      "type": "LOCATION",
      "metadata": {},
      "salience": 0.010323023,
      "mentions": [
        {
          "text": {
            "content": "郊外",
            "beginOffset": -1
          },
          "type": "COMMON"
        }
      ]
    },
    {
      "name": "幸福",
      "type": "OTHER",
      "metadata": {},
      "salience": 0.00883381,
      "mentions": [
        {
          "text": {
            "content": "幸福",
            "beginOffset": -1
          },
          "type": "COMMON"
        }
      ]
    },
    {
      "name": "診所注射疫苗",
      "type": "OTHER",
      "metadata": {},
      "salience": 0.007567641,
      "mentions": [
        {
          "text": {
            "content": "診所注射疫苗",
            "beginOffset": -1
          },
          "type": "COMMON"
        }
      ]
    },
    {
      "name": "杜蟲",
      "type": "OTHER",
      "metadata": {},
      "salience": 0.007567641,
      "mentions": [
        {
          "text": {
            "content": "杜蟲",
            "beginOffset": -1
          },
          "type": "COMMON"
        }
      ]
    },
    {
      "name": "主人",
      "type": "PERSON",
      "metadata": {},
      "salience": 0.00675808,
      "mentions": [
        {
          "text": {
            "content": "主人",
            "beginOffset": -1
          },
          "type": "COMMON"
        }
      ]
    },
    {
      "name": "資料",
      "type": "OTHER",
      "metadata": {},
      "salience": 0.006546017,
      "mentions": [
        {
          "text": {
            "content": "資料",
            "beginOffset": -1
          },
          "type": "COMMON"
        }
      ]
    },
    {
      "name": "領養者",
      "type": "PERSON",
      "metadata": {},
      "salience": 0.0063536707,
      "mentions": [
        {
          "text": {
            "content": "領養者",
            "beginOffset": -1
          },
          "type": "COMMON"
        }
      ]
    },
    {
      "name": "寵物",
      "type": "OTHER",
      "metadata": {},
      "salience": 0.0063536707,
      "mentions": [
        {
          "text": {
            "content": "寵物",
            "beginOffset": -1
          },
          "type": "COMMON"
        }
      ]
    },
    {
      "name": "地方",
      "type": "LOCATION",
      "metadata": {},
      "salience": 0.0063536707,
      "mentions": [
        {
          "text": {
            "content": "地方",
            "beginOffset": -1
          },
          "type": "COMMON"
        }
      ]
    }
  ],
  "documentSentiment": {
    "magnitude": 6.8,
    "score": 0.2
  },
  "language": "zh-Hant",
  "categories": []
}
