{
  "sentences": [
    {
      "text": {
        "content": "Hi, Anyone want to adopt my little cat.Please call my mobile number ya .",
        "beginOffset": -1
      },
      "sentiment": {
        "magnitude": 0.5,
        "score": 0.5
      }
    }
  ],
  "tokens": [],
  "entities": [
    {
      "name": "Anyone",
      "type": "PERSON",
      "metadata": {},
      "salience": 0.65205806,
      "mentions": [
        {
          "text": {
            "content": "Anyone",
            "beginOffset": -1
          },
          "type": "COMMON"
        }
      ]
    },
    {
      "name": "cat.",
      "type": "OTHER",
      "metadata": {},
      "salience": 0.20381661,
      "mentions": [
        {
          "text": {
            "content": "cat.",
            "beginOffset": -1
          },
          "type": "COMMON"
        }
      ]
    },
    {
      "name": "number",
      "type": "OTHER",
      "metadata": {},
      "salience": 0.14412531,
      "mentions": [
        {
          "text": {
            "content": "number",
            "beginOffset": -1
          },
          "type": "COMMON"
        }
      ]
    }
  ],
  "documentSentiment": {
    "magnitude": 0.5,
    "score": 0.5
  },
  "language": "en",
  "categories": []
}
