{
  "sentences": [
    {
      "text": {
        "content": "4 cute kitten available for adoption a.s.a.p.",
        "beginOffset": -1
      },
      "sentiment": {
        "magnitude": 0.7,
        "score": 0.7
      }
    }
  ],
  "tokens": [],
  "entities": [
    {
      "name": "kitten",
      "type": "PERSON",
      "metadata": {},
      "salience": 0.57583255,
      "mentions": [
        {
          "text": {
            "content": "kitten",
            "beginOffset": -1
          },
          "type": "COMMON"
        }
      ]
    },
    {
      "name": "adoption a.s.a.p.",
      "type": "OTHER",
      "metadata": {},
      "salience": 0.42416745,
      "mentions": [
        {
          "text": {
            "content": "adoption a.s.a.p.",
            "beginOffset": -1
          },
          "type": "COMMON"
        }
      ]
    }
  ],
  "documentSentiment": {
    "magnitude": 0.7,
    "score": 0.7
  },
  "language": "en",
  "categories": []
}
