{
  "sentences": [
    {
      "text": {
        "content": "Hi, my name is Elroy, well at least that's the name my rescuer gave me.",
        "beginOffset": -1
      },
      "sentiment": {
        "magnitude": 0.1,
        "score": 0.1
      }
    },
    {
      "text": {
        "content": "I am very handsome with a very long tail, I am charming, very affectionate and I love children.",
        "beginOffset": -1
      },
      "sentiment": {
        "magnitude": 0.9,
        "score": 0.9
      }
    },
    {
      "text": {
        "content": "A funny thing happened one day ......",
        "beginOffset": -1
      },
      "sentiment": {
        "magnitude": 0.4,
        "score": 0.4
      }
    },
    {
      "text": {
        "content": "I went to my home but no-one was there!!!",
        "beginOffset": -1
      },
      "sentiment": {
        "magnitude": 0.4,
        "score": -0.4
      }
    },
    {
      "text": {
        "content": "I saw a big truck and people putting things into it ... even my favourite couch!!!!",
        "beginOffset": -1
      },
      "sentiment": {
        "magnitude": 0.6,
        "score": 0.6
      }
    },
    {
      "text": {
        "content": "I did not know what was happening.",
        "beginOffset": -1
      },
      "sentiment": {
        "magnitude": 0.4,
        "score": -0.4
      }
    },
    {
      "text": {
        "content": "Everyday I went home and no-one was there, and boy was I getting hungry.",
        "beginOffset": -1
      },
      "sentiment": {
        "magnitude": 0.4,
        "score": -0.4
      }
    },
    {
      "text": {
        "content": "I have been fed by my people since I was a baby kitten, I haven't learnt to find food for my self and all the neighbourhood toms kept picking on me, I'm a lover not a fighter!!",
        "beginOffset": -1
      },
      "sentiment": {
        "magnitude": 0.3,
        "score": -0.3
      }
    },
    {
      "text": {
        "content": "Then I started getting itchy, very itchy, think I had a skin disease and it was getting very sore, and had lost so much weight.",
        "beginOffset": -1
      },
      "sentiment": {
        "magnitude": 0.8,
        "score": -0.8
      }
    },
    {
      "text": {
        "content": "Thankfully one of my friends, Chica, took me to her home and her Mum gave me some food, oh it was so good!",
        "beginOffset": -1
      },
      "sentiment": {
        "magnitude": 0.8,
        "score": 0.8
      }
    },
    {
      "text": {
        "content": "She took me to the vet too!",
        "beginOffset": -1
      },
      "sentiment": {
        "magnitude": 0.1,
        "score": -0.1
      }
    },
    {
      "text": {
        "content": "I had a jab and the sore itchiness is getting better.",
        "beginOffset": -1
      },
      "sentiment": {
        "magnitude": 0.4,
        "score": 0.4
      }
    },
    {
      "text": {
        "content": "Chica's Mum starting calling me Elroy, it's a good name for me.",
        "beginOffset": -1
      },
      "sentiment": {
        "magnitude": 0.7,
        "score": 0.7
      }
    },
    {
      "text": {
        "content": "I understand it is hard for Chica's Mum to keep me and she is trying to find a new home for me, and I am grateful.",
        "beginOffset": -1
      },
      "sentiment": {
        "magnitude": 0.8,
        "score": 0.8
      }
    },
    {
      "text": {
        "content": "The other day Chica's Mum took me back to the vet and I had a long sleep, when I woke up I was a bit tender in my private area, I think the vet took my things off!!",
        "beginOffset": -1
      },
      "sentiment": {
        "magnitude": 0.6,
        "score": -0.6
      }
    },
    {
      "text": {
        "content": "But I don't mind, I'd much rather stay at home with my new family than roam the streets and get beaten up all the time.",
        "beginOffset": -1
      },
      "sentiment": {
        "magnitude": 0.6,
        "score": 0.6
      }
    },
    {
      "text": {
        "content": "So if you want me to love you all you have to do is call Chica's Mum .... and please hurry ...",
        "beginOffset": -1
      },
      "sentiment": {
        "magnitude": 0.4,
        "score": 0.4
      }
    },
    {
      "text": {
        "content": "I want to love you very much, very soon.",
        "beginOffset": -1
      },
      "sentiment": {
        "magnitude": 0.5,
        "score": 0.5
      }
    }
  ],
  "tokens": [],
  "entities": [
    {
      "name": "baby kitten",
      "type": "PERSON",
      "metadata": {},
      "salience": 0.73988336,
      "mentions": [
        {
          "text": {
            "content": "baby kitten",
            "beginOffset": -1
          },
          "type": "COMMON"
        },
        {
          "text": {
            "content": "lover",
            "beginOffset": -1
          },
          "type": "COMMON"
        }
      ]
    },
    {
      "name": "name",
      "type": "OTHER",
      "metadata": {},
      "salience": 0.115249395,
      "mentions": [
        {
          "text": {
            "content": "name",
            "beginOffset": -1
          },
          "type": "COMMON"
        },
        {
          "text": {
            "content": "name",
            "beginOffset": -1
          },
          "type": "COMMON"
        }
      ]
    },
    {
      "name": "Chica",
      "type": "PERSON",
      "metadata": {},
      "salience": 0.028566284,
      "mentions": [
        {
          "text": {
            "content": "one",
            "beginOffset": -1
          },
          "type": "COMMON"
        },
        {
          "text": {
            "content": "Chica",
            "beginOffset": -1
          },
          "type": "PROPER"
        },
        {
          "text": {
            "content": "Chica",
            "beginOffset": -1
          },
          "type": "PROPER"
        },
        {
          "text": {
            "content": "Chica",
            "beginOffset": -1
          },
          "type": "PROPER"
        },
        {
          "text": {
            "content": "Chica",
            "beginOffset": -1
          },
          "type": "PROPER"
        },
        {
          "text": {
            "content": "Chica",
            "beginOffset": -1
          },
          "type": "PROPER"
        }
      ]
    },
    {
      "name": "thing",
      "type": "OTHER",
      "metadata": {},
      "salience": 0.012884468,
      "mentions": [
        {
          "text": {
            "content": "thing",
            "beginOffset": -1
          },
          "type": "COMMON"
        }
      ]
    },
    {
      "name": "rescuer",
      "type": "PERSON",
      "metadata": {},
      "salience": 0.0112843225,
      "mentions": [
        {
          "text": {
            "content": "rescuer",
            "beginOffset": -1
          },
          "type": "COMMON"
        }
      ]
    },
    {
      "name": "home",
      "type": "LOCATION",
      "metadata": {},
      "salience": 0.0073892535,
      "mentions": [
        {
          "text": {
            "content": "home",
            "beginOffset": -1
          },
          "type": "COMMON"
        }
      ]
    },
    {
      "name": "home",
      "type": "LOCATION",
      "metadata": {},
      "salience": 0.006984167,
      "mentions": [
        {
          "text": {
            "content": "home",
            "beginOffset": -1
          },
          "type": "COMMON"
        }
      ]
    },
    {
      "name": "Mum",
      "type": "PERSON",
      "metadata": {},
      "salience": 0.006956795,
      "mentions": [
        {
          "text": {
            "content": "Mum",
            "beginOffset": -1
          },
          "type": "COMMON"
        },
        {
          "text": {
            "content": "Mum",
            "beginOffset": -1
          },
          "type": "COMMON"
        }
      ]
    },
    {
      "name": "Elroy",
      "type": "PERSON",
      "metadata": {},
      "salience": 0.0063390806,
      "mentions": [
        {
          "text": {
            "content": "Elroy",
            "beginOffset": -1
          },
          "type": "PROPER"
        },
        {
          "text": {
            "content": "Elroy",
            "beginOffset": -1
          },
          "type": "PROPER"
        }
      ]
    },
    {
      "name": "children",
      "type": "PERSON",
      "metadata": {},
      "salience": 0.0057912464,
      "mentions": [
        {
          "text": {
            "content": "children",
            "beginOffset": -1
          },
          "type": "COMMON"
        }
      ]
    },
    {
      "name": "tail",
      "type": "OTHER",
      "metadata": {},
      "salience": 0.0054475805,
      "mentions": [
        {
          "text": {
            "content": "tail",
            "beginOffset": -1
          },
          "type": "COMMON"
        }
      ]
    },
    {
      "name": "name",
      "type": "OTHER",
      "metadata": {},
      "salience": 0.0043105516,
      "mentions": [
        {
          "text": {
            "content": "name",
            "beginOffset": -1
          },
          "type": "COMMON"
        }
      ]
    },
    {
      "name": "food",
      "type": "OTHER",
      "metadata": {},
      "salience": 0.0041672112,
      "mentions": [
        {
          "text": {
            "content": "food",
            "beginOffset": -1
          },
          "type": "COMMON"
        }
      ]
    },
    {
      "name": "itchiness",
      "type": "OTHER",
      "metadata": {},
      "salience": 0.0035568692,
      "mentions": [
        {
          "text": {
            "content": "itchiness",
            "beginOffset": -1
          },
          "type": "COMMON"
        }
      ]
    },
    {
      "name": "no-one",
      "type": "PERSON",
      "metadata": {},
      "salience": 0.0026377488,
      "mentions": [
        {
          "text": {
            "content": "no-one",
            "beginOffset": -1
          },
          "type": "COMMON"
        }
      ]
    },
    {
      "name": "things",
      "type": "OTHER",
      "metadata": {},
      "salience": 0.002550367,
      "mentions": [
        {
          "text": {
            "content": "things",
            "beginOffset": -1
          },
          "type": "COMMON"
        }
      ]
    },
    {
      "name": "food",
      "type": "OTHER",
      "metadata": {},
      "salience": 0.0024296062,
      "mentions": [
        {
          "text": {
            "content": "food",
            "beginOffset": -1
          },
          "type": "COMMON"
        }
      ]
    },
    {
      "name": "people",
      "type": "PERSON",
      "metadata": {},
      "salience": 0.0023265122,
      "mentions": [
        {
          "text": {
            "content": "people",
            "beginOffset": -1
          },
          "type": "COMMON"
        }
      ]
    },
    {
      "name": "couch",
      "type": "CONSUMER_GOOD",
      "metadata": {},
      "salience": 0.0020438826,
      "mentions": [
        {
          "text": {
            "content": "couch",
            "beginOffset": -1
          },
          "type": "COMMON"
        }
      ]
    },
    {
      "name": "truck",
      "type": "CONSUMER_GOOD",
      "metadata": {},
      "salience": 0.0020438826,
      "mentions": [
        {
          "text": {
            "content": "truck",
            "beginOffset": -1
          },
          "type": "COMMON"
        }
      ]
    },
    {
      "name": "-one",
      "type": "PERSON",
      "metadata": {},
      "salience": 0.0017680869,
      "mentions": [
        {
          "text": {
            "content": "-one",
            "beginOffset": -1
          },
          "type": "COMMON"
        }
      ]
    },
    {
      "name": "home",
      "type": "LOCATION",
      "metadata": {},
      "salience": 0.0017024972,
      "mentions": [
        {
          "text": {
            "content": "home",
            "beginOffset": -1
          },
          "type": "COMMON"
        }
      ]
    },
    {
      "name": "vet",
      "type": "PERSON",
      "metadata": {},
      "salience": 0.0015834385,
      "mentions": [
        {
          "text": {
            "content": "vet",
            "beginOffset": -1
          },
          "type": "COMMON"
        }
      ]
    },
    {
      "name": "people",
      "type": "PERSON",
      "metadata": {},
      "salience": 0.0015609912,
      "mentions": [
        {
          "text": {
            "content": "people",
            "beginOffset": -1
          },
          "type": "COMMON"
        }
      ]
    },
    {
      "name": "boy",
      "type": "PERSON",
      "metadata": {},
      "salience": 0.0015531695,
      "mentions": [
        {
          "text": {
            "content": "boy",
            "beginOffset": -1
          },
          "type": "COMMON"
        }
      ]
    },
    {
      "name": "fighter",
      "type": "PERSON",
      "metadata": {},
      "salience": 0.0013881723,
      "mentions": [
        {
          "text": {
            "content": "fighter",
            "beginOffset": -1
          },
          "type": "COMMON"
        }
      ]
    },
    {
      "name": "skin disease",
      "type": "OTHER",
      "metadata": {},
      "salience": 0.001386163,
      "mentions": [
        {
          "text": {
            "content": "skin disease",
            "beginOffset": -1
          },
          "type": "COMMON"
        }
      ]
    },
    {
      "name": "weight",
      "type": "OTHER",
      "metadata": {},
      "salience": 0.001386163,
      "mentions": [
        {
          "text": {
            "content": "weight",
            "beginOffset": -1
          },
          "type": "COMMON"
        }
      ]
    },
    {
      "name": "friends",
      "type": "PERSON",
      "metadata": {},
      "salience": 0.0013843682,
      "mentions": [
        {
          "text": {
            "content": "friends",
            "beginOffset": -1
          },
          "type": "COMMON"
        }
      ]
    },
    {
      "name": "neighbourhood toms",
      "type": "PERSON",
      "metadata": {},
      "salience": 0.0013712054,
      "mentions": [
        {
          "text": {
            "content": "neighbourhood toms",
            "beginOffset": -1
          },
          "type": "COMMON"
        }
      ]
    },
    {
      "name": "vet",
      "type": "PERSON",
      "metadata": {},
      "salience": 0.001344376,
      "mentions": [
        {
          "text": {
            "content": "vet",
            "beginOffset": -1
          },
          "type": "COMMON"
        }
      ]
    },
    {
      "name": "things",
      "type": "OTHER",
      "metadata": {},
      "salience": 0.0013117117,
      "mentions": [
        {
          "text": {
            "content": "things",
            "beginOffset": -1
          },
          "type": "COMMON"
        }
      ]
    },
    {
      "name": "home",
      "type": "LOCATION",
      "metadata": {},
      "salience": 0.0012757098,
      "mentions": [
        {
          "text": {
            "content": "home",
            "beginOffset": -1
          },
          "type": "COMMON"
        }
      ]
    },
    {
      "name": "jab",
      "type": "OTHER",
      "metadata": {},
      "salience": 0.0012673293,
      "mentions": [
        {
          "text": {
            "content": "jab",
            "beginOffset": -1
          },
          "type": "COMMON"
        }
      ]
    },
    {
      "name": "self",
      "type": "OTHER",
      "metadata": {},
      "salience": 0.0012427164,
      "mentions": [
        {
          "text": {
            "content": "self",
            "beginOffset": -1
          },
          "type": "COMMON"
        }
      ]
    },
    {
      "name": "Mum",
      "type": "PERSON",
      "metadata": {
        "wikipedia_url": "https://en.wikipedia.org/wiki/Mother",
        "mid": "/m/0lbxz"
      },
      "salience": 0.0010006377,
      "mentions": [
        {
          "text": {
            "content": "Mum",
            "beginOffset": -1
          },
          "type": "PROPER"
        },
        {
          "text": {
            "content": "Mum",
            "beginOffset": -1
          },
          "type": "PROPER"
        },
        {
          "text": {
            "content": "Mum",
            "beginOffset": -1
          },
          "type": "PROPER"
        }
      ]
    },
    {
      "name": "sleep",
      "type": "OTHER",
      "metadata": {},
      "salience": 0.0009523952,
      "mentions": [
        {
          "text": {
            "content": "sleep",
            "beginOffset": -1
          },
          "type": "COMMON"
        }
      ]
    },
    {
      "name": "area",
      "type": "LOCATION",
      "metadata": {},
      "salience": 0.0009523952,
      "mentions": [
        {
          "text": {
            "content": "area",
            "beginOffset": -1
          },
          "type": "COMMON"
        }
      ]
    },
    {
      "name": "home",
      "type": "LOCATION",
      "metadata": {},
      "salience": 0.00087264215,
      "mentions": [
        {
          "text": {
            "content": "home",
            "beginOffset": -1
          },
          "type": "COMMON"
        }
      ]
    },
    {
      "name": "family",
      "type": "PERSON",
      "metadata": {},
      "salience": 0.00066600944,
      "mentions": [
        {
          "text": {
            "content": "family",
            "beginOffset": -1
          },
          "type": "COMMON"
        }
      ]
    },
    {
      "name": "streets",
      "type": "LOCATION",
      "metadata": {},
      "salience": 0.00066600944,
      "mentions": [
        {
          "text": {
            "content": "streets",
            "beginOffset": -1
          },
          "type": "COMMON"
        }
      ]
    },
    {
      "name": "vet",
      "type": "PERSON",
      "metadata": {},
      "salience": 0.0005212238,
      "mentions": [
        {
          "text": {
            "content": "vet",
            "beginOffset": -1
          },
          "type": "COMMON"
        }
      ]
    }
  ],
  "documentSentiment": {
    "magnitude": 10,
    "score": 0.1
  },
  "language": "en",
  "categories": []
}
