{
  "sentences": [
    {
      "text": {
        "content": "Sita is feisty and would be great in agility.",
        "beginOffset": -1
      },
      "sentiment": {
        "magnitude": 0.8,
        "score": 0.8
      }
    },
    {
      "text": {
        "content": "She loves attention but can sleep quietly and play on own when necessary.",
        "beginOffset": -1
      },
      "sentiment": {
        "magnitude": 0.9,
        "score": 0.9
      }
    },
    {
      "text": {
        "content": "Easy to maintain and good watch dog.",
        "beginOffset": -1
      },
      "sentiment": {
        "magnitude": 0.9,
        "score": 0.9
      }
    }
  ],
  "tokens": [],
  "entities": [
    {
      "name": "Sita",
      "type": "PERSON",
      "metadata": {
        "mid": "/m/06l277",
        "wikipedia_url": "https://en.wikipedia.org/wiki/Sita"
      },
      "salience": 0.7630894,
      "mentions": [
        {
          "text": {
            "content": "Sita",
            "beginOffset": -1
          },
          "type": "PROPER"
        }
      ]
    },
    {
      "name": "agility",
      "type": "OTHER",
      "metadata": {},
      "salience": 0.15296324,
      "mentions": [
        {
          "text": {
            "content": "agility",
            "beginOffset": -1
          },
          "type": "COMMON"
        }
      ]
    },
    {
      "name": "attention",
      "type": "OTHER",
      "metadata": {},
      "salience": 0.057127826,
      "mentions": [
        {
          "text": {
            "content": "attention",
            "beginOffset": -1
          },
          "type": "COMMON"
        }
      ]
    },
    {
      "name": "watch dog",
      "type": "OTHER",
      "metadata": {},
      "salience": 0.026819544,
      "mentions": [
        {
          "text": {
            "content": "watch dog",
            "beginOffset": -1
          },
          "type": "COMMON"
        }
      ]
    }
  ],
  "documentSentiment": {
    "magnitude": 2.8,
    "score": 0.9
  },
  "language": "en",
  "categories": []
}
