{
  "sentences": [
    {
      "text": {
        "content": "Life span: 10 to 15 years Medical cost: RM to RM per year(for the basic yearly vaccination and check-up WHEN they are young, it may cost more when they get older and if they become sick).",
        "beginOffset": -1
      },
      "sentiment": {
        "magnitude": 0.4,
        "score": -0.4
      }
    },
    {
      "text": {
        "content": "It could cost you about RM more for heartworm prevention and tick prevention.",
        "beginOffset": -1
      },
      "sentiment": {
        "magnitude": 0,
        "score": 0
      }
    },
    {
      "text": {
        "content": "Maintenance cost: depending on what you feed them, it usually cost LESS than RM per month.",
        "beginOffset": -1
      },
      "sentiment": {
        "magnitude": 0.1,
        "score": -0.1
      }
    },
    {
      "text": {
        "content": "Supervision: High only for puppy especially during teething period as it would chew anything in-sight.",
        "beginOffset": -1
      },
      "sentiment": {
        "magnitude": 0,
        "score": 0
      }
    },
    {
      "text": {
        "content": "NO HITTING on the mouth!it is too close to the nose which is extremely sensitive.",
        "beginOffset": -1
      },
      "sentiment": {
        "magnitude": 0.8,
        "score": -0.8
      }
    },
    {
      "text": {
        "content": "You can spank it’s buttock gently .",
        "beginOffset": -1
      },
      "sentiment": {
        "magnitude": 0.3,
        "score": 0.3
      }
    },
    {
      "text": {
        "content": "Please allow me to gather some information for my own peace of mind that you can be a good owner.",
        "beginOffset": -1
      },
      "sentiment": {
        "magnitude": 0.4,
        "score": 0.4
      }
    },
    {
      "text": {
        "content": "1)What is your residential type and where?",
        "beginOffset": -1
      },
      "sentiment": {
        "magnitude": 0.3,
        "score": -0.3
      }
    },
    {
      "text": {
        "content": "2)Do you have any experience in handling dogs?",
        "beginOffset": -1
      },
      "sentiment": {
        "magnitude": 0,
        "score": 0
      }
    },
    {
      "text": {
        "content": "For how long and is the dog still with you?",
        "beginOffset": -1
      },
      "sentiment": {
        "magnitude": 0.1,
        "score": -0.1
      }
    },
    {
      "text": {
        "content": "3)Are there other dog(s) in your house?",
        "beginOffset": -1
      },
      "sentiment": {
        "magnitude": 0,
        "score": 0
      }
    },
    {
      "text": {
        "content": "How many and what are their gender?",
        "beginOffset": -1
      },
      "sentiment": {
        "magnitude": 0.1,
        "score": -0.1
      }
    },
    {
      "text": {
        "content": "4)Are there other family member(s) and who would be the main care taker?",
        "beginOffset": -1
      },
      "sentiment": {
        "magnitude": 0,
        "score": 0
      }
    },
    {
      "text": {
        "content": "5)Puppies need to be toilet trained.",
        "beginOffset": -1
      },
      "sentiment": {
        "magnitude": 0.2,
        "score": 0.2
      }
    },
    {
      "text": {
        "content": "They do not make a mess on purpose, but due to the lack of guidance.",
        "beginOffset": -1
      },
      "sentiment": {
        "magnitude": 0.4,
        "score": -0.4
      }
    },
    {
      "text": {
        "content": "Would you try to train the puppy without traumatizing it?",
        "beginOffset": -1
      },
      "sentiment": {
        "magnitude": 0,
        "score": 0
      }
    },
    {
      "text": {
        "content": "6)Are you willing to spay/neuter the dog? (one time cost between RM to RM) 7)Your reason(s) for keeping dog(s).",
        "beginOffset": -1
      },
      "sentiment": {
        "magnitude": 0.1,
        "score": -0.1
      }
    }
  ],
  "tokens": [],
  "entities": [
    {
      "name": "RM",
      "type": "LOCATION",
      "metadata": {},
      "salience": 0.1688243,
      "mentions": [
        {
          "text": {
            "content": "RM",
            "beginOffset": -1
          },
          "type": "PROPER"
        },
        {
          "text": {
            "content": "RM",
            "beginOffset": -1
          },
          "type": "PROPER"
        },
        {
          "text": {
            "content": "RM",
            "beginOffset": -1
          },
          "type": "PROPER"
        },
        {
          "text": {
            "content": "RM",
            "beginOffset": -1
          },
          "type": "PROPER"
        }
      ]
    },
    {
      "name": "cost",
      "type": "OTHER",
      "metadata": {},
      "salience": 0.10066277,
      "mentions": [
        {
          "text": {
            "content": "cost",
            "beginOffset": -1
          },
          "type": "COMMON"
        }
      ]
    },
    {
      "name": "vaccination",
      "type": "OTHER",
      "metadata": {},
      "salience": 0.08102353,
      "mentions": [
        {
          "text": {
            "content": "vaccination",
            "beginOffset": -1
          },
          "type": "COMMON"
        }
      ]
    },
    {
      "name": "check-up",
      "type": "EVENT",
      "metadata": {},
      "salience": 0.08102353,
      "mentions": [
        {
          "text": {
            "content": "check-up",
            "beginOffset": -1
          },
          "type": "COMMON"
        }
      ]
    },
    {
      "name": "Life span",
      "type": "OTHER",
      "metadata": {},
      "salience": 0.08102353,
      "mentions": [
        {
          "text": {
            "content": "Life span",
            "beginOffset": -1
          },
          "type": "COMMON"
        }
      ]
    },
    {
      "name": "RM",
      "type": "LOCATION",
      "metadata": {},
      "salience": 0.07165643,
      "mentions": [
        {
          "text": {
            "content": "RM",
            "beginOffset": -1
          },
          "type": "PROPER"
        }
      ]
    },
    {
      "name": "Maintenance cost",
      "type": "OTHER",
      "metadata": {},
      "salience": 0.04701042,
      "mentions": [
        {
          "text": {
            "content": "Maintenance cost",
            "beginOffset": -1
          },
          "type": "COMMON"
        }
      ]
    },
    {
      "name": "nose",
      "type": "OTHER",
      "metadata": {},
      "salience": 0.030846428,
      "mentions": [
        {
          "text": {
            "content": "nose",
            "beginOffset": -1
          },
          "type": "COMMON"
        }
      ]
    },
    {
      "name": "Supervision",
      "type": "OTHER",
      "metadata": {},
      "salience": 0.025432445,
      "mentions": [
        {
          "text": {
            "content": "Supervision",
            "beginOffset": -1
          },
          "type": "COMMON"
        }
      ]
    },
    {
      "name": "Puppies",
      "type": "PERSON",
      "metadata": {},
      "salience": 0.021894649,
      "mentions": [
        {
          "text": {
            "content": "Puppies",
            "beginOffset": -1
          },
          "type": "COMMON"
        }
      ]
    },
    {
      "name": "heartworm prevention",
      "type": "OTHER",
      "metadata": {},
      "salience": 0.016982146,
      "mentions": [
        {
          "text": {
            "content": "heartworm prevention",
            "beginOffset": -1
          },
          "type": "COMMON"
        }
      ]
    },
    {
      "name": "RM",
      "type": "OTHER",
      "metadata": {},
      "salience": 0.01495217,
      "mentions": [
        {
          "text": {
            "content": "RM",
            "beginOffset": -1
          },
          "type": "COMMON"
        }
      ]
    },
    {
      "name": "dog",
      "type": "OTHER",
      "metadata": {},
      "salience": 0.014778444,
      "mentions": [
        {
          "text": {
            "content": "dog",
            "beginOffset": -1
          },
          "type": "COMMON"
        }
      ]
    },
    {
      "name": "puppy",
      "type": "OTHER",
      "metadata": {},
      "salience": 0.012462212,
      "mentions": [
        {
          "text": {
            "content": "puppy",
            "beginOffset": -1
          },
          "type": "COMMON"
        }
      ]
    },
    {
      "name": "owner",
      "type": "PERSON",
      "metadata": {},
      "salience": 0.012373545,
      "mentions": [
        {
          "text": {
            "content": "owner",
            "beginOffset": -1
          },
          "type": "COMMON"
        }
      ]
    },
    {
      "name": "prevention",
      "type": "OTHER",
      "metadata": {},
      "salience": 0.012191764,
      "mentions": [
        {
          "text": {
            "content": "prevention",
            "beginOffset": -1
          },
          "type": "COMMON"
        }
      ]
    },
    {
      "name": "HITTING",
      "type": "OTHER",
      "metadata": {},
      "salience": 0.011975342,
      "mentions": [
        {
          "text": {
            "content": "HITTING",
            "beginOffset": -1
          },
          "type": "COMMON"
        }
      ]
    },
    {
      "name": "care taker",
      "type": "OTHER",
      "metadata": {},
      "salience": 0.011718696,
      "mentions": [
        {
          "text": {
            "content": "care taker",
            "beginOffset": -1
          },
          "type": "COMMON"
        }
      ]
    },
    {
      "name": "type",
      "type": "OTHER",
      "metadata": {},
      "salience": 0.011060476,
      "mentions": [
        {
          "text": {
            "content": "type",
            "beginOffset": -1
          },
          "type": "COMMON"
        }
      ]
    },
    {
      "name": "buttock",
      "type": "OTHER",
      "metadata": {},
      "salience": 0.010060577,
      "mentions": [
        {
          "text": {
            "content": "buttock",
            "beginOffset": -1
          },
          "type": "COMMON"
        }
      ]
    },
    {
      "name": "information",
      "type": "OTHER",
      "metadata": {},
      "salience": 0.010041539,
      "mentions": [
        {
          "text": {
            "content": "information",
            "beginOffset": -1
          },
          "type": "COMMON"
        }
      ]
    },
    {
      "name": "peace",
      "type": "OTHER",
      "metadata": {},
      "salience": 0.010041539,
      "mentions": [
        {
          "text": {
            "content": "peace",
            "beginOffset": -1
          },
          "type": "COMMON"
        }
      ]
    },
    {
      "name": "mind",
      "type": "OTHER",
      "metadata": {},
      "salience": 0.010041539,
      "mentions": [
        {
          "text": {
            "content": "mind",
            "beginOffset": -1
          },
          "type": "COMMON"
        }
      ]
    },
    {
      "name": "anything",
      "type": "OTHER",
      "metadata": {},
      "salience": 0.009987348,
      "mentions": [
        {
          "text": {
            "content": "anything",
            "beginOffset": -1
          },
          "type": "COMMON"
        }
      ]
    },
    {
      "name": "High",
      "type": "OTHER",
      "metadata": {},
      "salience": 0.009987348,
      "mentions": [
        {
          "text": {
            "content": "High",
            "beginOffset": -1
          },
          "type": "COMMON"
        }
      ]
    },
    {
      "name": "mouth",
      "type": "OTHER",
      "metadata": {},
      "salience": 0.00996,
      "mentions": [
        {
          "text": {
            "content": "mouth",
            "beginOffset": -1
          },
          "type": "COMMON"
        }
      ]
    },
    {
      "name": "experience",
      "type": "OTHER",
      "metadata": {},
      "salience": 0.009073241,
      "mentions": [
        {
          "text": {
            "content": "experience",
            "beginOffset": -1
          },
          "type": "COMMON"
        }
      ]
    },
    {
      "name": "puppy",
      "type": "OTHER",
      "metadata": {},
      "salience": 0.008579372,
      "mentions": [
        {
          "text": {
            "content": "puppy",
            "beginOffset": -1
          },
          "type": "COMMON"
        }
      ]
    },
    {
      "name": "dogs",
      "type": "OTHER",
      "metadata": {},
      "salience": 0.008532418,
      "mentions": [
        {
          "text": {
            "content": "dogs",
            "beginOffset": -1
          },
          "type": "COMMON"
        }
      ]
    },
    {
      "name": "toilet",
      "type": "OTHER",
      "metadata": {},
      "salience": 0.006885584,
      "mentions": [
        {
          "text": {
            "content": "toilet",
            "beginOffset": -1
          },
          "type": "COMMON"
        }
      ]
    },
    {
      "name": "guidance",
      "type": "OTHER",
      "metadata": {},
      "salience": 0.0068797446,
      "mentions": [
        {
          "text": {
            "content": "guidance",
            "beginOffset": -1
          },
          "type": "COMMON"
        }
      ]
    },
    {
      "name": "purpose",
      "type": "OTHER",
      "metadata": {},
      "salience": 0.0068797446,
      "mentions": [
        {
          "text": {
            "content": "purpose",
            "beginOffset": -1
          },
          "type": "COMMON"
        }
      ]
    },
    {
      "name": "lack",
      "type": "OTHER",
      "metadata": {},
      "salience": 0.0068797446,
      "mentions": [
        {
          "text": {
            "content": "lack",
            "beginOffset": -1
          },
          "type": "COMMON"
        }
      ]
    },
    {
      "name": "dog",
      "type": "OTHER",
      "metadata": {},
      "salience": 0.0064455066,
      "mentions": [
        {
          "text": {
            "content": "dog",
            "beginOffset": -1
          },
          "type": "COMMON"
        }
      ]
    },
    {
      "name": "reason(s)",
      "type": "OTHER",
      "metadata": {},
      "salience": 0.0060742465,
      "mentions": [
        {
          "text": {
            "content": "reason(s)",
            "beginOffset": -1
          },
          "type": "COMMON"
        }
      ]
    },
    {
      "name": "cost",
      "type": "OTHER",
      "metadata": {},
      "salience": 0.0060016033,
      "mentions": [
        {
          "text": {
            "content": "cost",
            "beginOffset": -1
          },
          "type": "COMMON"
        }
      ]
    },
    {
      "name": "dog(s)",
      "type": "PERSON",
      "metadata": {},
      "salience": 0.005841501,
      "mentions": [
        {
          "text": {
            "content": "dog(s)",
            "beginOffset": -1
          },
          "type": "COMMON"
        }
      ]
    },
    {
      "name": "dog(s)",
      "type": "OTHER",
      "metadata": {},
      "salience": 0.0056441114,
      "mentions": [
        {
          "text": {
            "content": "dog(s)",
            "beginOffset": -1
          },
          "type": "COMMON"
        }
      ]
    },
    {
      "name": "mess",
      "type": "OTHER",
      "metadata": {},
      "salience": 0.0054460587,
      "mentions": [
        {
          "text": {
            "content": "mess",
            "beginOffset": -1
          },
          "type": "COMMON"
        }
      ]
    },
    {
      "name": "many",
      "type": "PERSON",
      "metadata": {},
      "salience": 0.003822167,
      "mentions": [
        {
          "text": {
            "content": "many",
            "beginOffset": -1
          },
          "type": "COMMON"
        }
      ]
    },
    {
      "name": "house",
      "type": "LOCATION",
      "metadata": {},
      "salience": 0.003028422,
      "mentions": [
        {
          "text": {
            "content": "house",
            "beginOffset": -1
          },
          "type": "COMMON"
        }
      ]
    },
    {
      "name": "family member(s)",
      "type": "PERSON",
      "metadata": {},
      "salience": 0.0030222011,
      "mentions": [
        {
          "text": {
            "content": "family member(s)",
            "beginOffset": -1
          },
          "type": "COMMON"
        }
      ]
    },
    {
      "name": "gender",
      "type": "OTHER",
      "metadata": {},
      "salience": 0.0029516155,
      "mentions": [
        {
          "text": {
            "content": "gender",
            "beginOffset": -1
          },
          "type": "COMMON"
        }
      ]
    }
  ],
  "documentSentiment": {
    "magnitude": 3.8,
    "score": 0
  },
  "language": "en",
  "categories": []
}
