{
  "sentences": [
    {
      "text": {
        "content": "Mama was brought into our veterinary practice by our regular client alongside her baby kittens (registered under another pet profile) to be nursed back to health and to be put up for adoption.",
        "beginOffset": -1
      },
      "sentiment": {
        "magnitude": 0.4,
        "score": 0.4
      }
    },
    {
      "text": {
        "content": "Our client is a nun who rescues strays and cares for them.",
        "beginOffset": -1
      },
      "sentiment": {
        "magnitude": 0.2,
        "score": 0.2
      }
    },
    {
      "text": {
        "content": "Her compound has since ran out of space and is boarding them at our place in hope that Mama would have a chance to have a loving home.",
        "beginOffset": -1
      },
      "sentiment": {
        "magnitude": 0.6,
        "score": 0.6
      }
    },
    {
      "text": {
        "content": "Mama will make a good house cat as she is very loving and is a good mother to her kittens.",
        "beginOffset": -1
      },
      "sentiment": {
        "magnitude": 0.9,
        "score": 0.9
      }
    },
    {
      "text": {
        "content": "Mama will be spayed before being given up for adoption.",
        "beginOffset": -1
      },
      "sentiment": {
        "magnitude": 0,
        "score": 0
      }
    }
  ],
  "tokens": [],
  "entities": [
    {
      "name": "Mama",
      "type": "PERSON",
      "metadata": {
        "mid": "/m/0lbxz",
        "wikipedia_url": "https://en.wikipedia.org/wiki/Mother"
      },
      "salience": 0.42173845,
      "mentions": [
        {
          "text": {
            "content": "Mama",
            "beginOffset": -1
          },
          "type": "PROPER"
        },
        {
          "text": {
            "content": "Mama",
            "beginOffset": -1
          },
          "type": "PROPER"
        },
        {
          "text": {
            "content": "Mama",
            "beginOffset": -1
          },
          "type": "PROPER"
        },
        {
          "text": {
            "content": "Mama",
            "beginOffset": -1
          },
          "type": "PROPER"
        }
      ]
    },
    {
      "name": "client",
      "type": "PERSON",
      "metadata": {},
      "salience": 0.15361317,
      "mentions": [
        {
          "text": {
            "content": "client",
            "beginOffset": -1
          },
          "type": "COMMON"
        },
        {
          "text": {
            "content": "nun",
            "beginOffset": -1
          },
          "type": "COMMON"
        }
      ]
    },
    {
      "name": "client",
      "type": "PERSON",
      "metadata": {},
      "salience": 0.1003686,
      "mentions": [
        {
          "text": {
            "content": "client",
            "beginOffset": -1
          },
          "type": "COMMON"
        }
      ]
    },
    {
      "name": "practice",
      "type": "OTHER",
      "metadata": {},
      "salience": 0.08874685,
      "mentions": [
        {
          "text": {
            "content": "practice",
            "beginOffset": -1
          },
          "type": "COMMON"
        }
      ]
    },
    {
      "name": "baby kittens",
      "type": "PERSON",
      "metadata": {},
      "salience": 0.039288722,
      "mentions": [
        {
          "text": {
            "content": "baby kittens",
            "beginOffset": -1
          },
          "type": "COMMON"
        }
      ]
    },
    {
      "name": "pet profile",
      "type": "OTHER",
      "metadata": {},
      "salience": 0.034595866,
      "mentions": [
        {
          "text": {
            "content": "pet profile",
            "beginOffset": -1
          },
          "type": "COMMON"
        }
      ]
    },
    {
      "name": "health",
      "type": "OTHER",
      "metadata": {},
      "salience": 0.034595866,
      "mentions": [
        {
          "text": {
            "content": "health",
            "beginOffset": -1
          },
          "type": "COMMON"
        }
      ]
    },
    {
      "name": "adoption",
      "type": "OTHER",
      "metadata": {},
      "salience": 0.026679011,
      "mentions": [
        {
          "text": {
            "content": "adoption",
            "beginOffset": -1
          },
          "type": "COMMON"
        }
      ]
    },
    {
      "name": "compound",
      "type": "OTHER",
      "metadata": {},
      "salience": 0.021794107,
      "mentions": [
        {
          "text": {
            "content": "compound",
            "beginOffset": -1
          },
          "type": "COMMON"
        }
      ]
    },
    {
      "name": "strays",
      "type": "OTHER",
      "metadata": {},
      "salience": 0.011467896,
      "mentions": [
        {
          "text": {
            "content": "strays",
            "beginOffset": -1
          },
          "type": "COMMON"
        }
      ]
    },
    {
      "name": "space",
      "type": "OTHER",
      "metadata": {},
      "salience": 0.01047388,
      "mentions": [
        {
          "text": {
            "content": "space",
            "beginOffset": -1
          },
          "type": "COMMON"
        }
      ]
    },
    {
      "name": "place",
      "type": "LOCATION",
      "metadata": {},
      "salience": 0.01047388,
      "mentions": [
        {
          "text": {
            "content": "place",
            "beginOffset": -1
          },
          "type": "COMMON"
        }
      ]
    },
    {
      "name": "hope",
      "type": "OTHER",
      "metadata": {},
      "salience": 0.01047388,
      "mentions": [
        {
          "text": {
            "content": "hope",
            "beginOffset": -1
          },
          "type": "COMMON"
        }
      ]
    },
    {
      "name": "mother",
      "type": "PERSON",
      "metadata": {},
      "salience": 0.010060501,
      "mentions": [
        {
          "text": {
            "content": "mother",
            "beginOffset": -1
          },
          "type": "COMMON"
        }
      ]
    },
    {
      "name": "kittens",
      "type": "PERSON",
      "metadata": {},
      "salience": 0.006277646,
      "mentions": [
        {
          "text": {
            "content": "kittens",
            "beginOffset": -1
          },
          "type": "COMMON"
        }
      ]
    },
    {
      "name": "adoption",
      "type": "OTHER",
      "metadata": {},
      "salience": 0.006260474,
      "mentions": [
        {
          "text": {
            "content": "adoption",
            "beginOffset": -1
          },
          "type": "COMMON"
        }
      ]
    },
    {
      "name": "house cat",
      "type": "OTHER",
      "metadata": {},
      "salience": 0.0062360107,
      "mentions": [
        {
          "text": {
            "content": "house cat",
            "beginOffset": -1
          },
          "type": "COMMON"
        }
      ]
    },
    {
      "name": "chance",
      "type": "OTHER",
      "metadata": {},
      "salience": 0.0034275942,
      "mentions": [
        {
          "text": {
            "content": "chance",
            "beginOffset": -1
          },
          "type": "COMMON"
        }
      ]
    },
    {
      "name": "home",
      "type": "LOCATION",
      "metadata": {},
      "salience": 0.0034275942,
      "mentions": [
        {
          "text": {
            "content": "home",
            "beginOffset": -1
          },
          "type": "COMMON"
        }
      ]
    }
  ],
  "documentSentiment": {
    "magnitude": 2.3,
    "score": 0.4
  },
  "language": "en",
  "categories": []
}
