{
  "sentences": [
    {
      "text": {
        "content": "Goldie is a clever, sweet retriever/ retriever mix who loves to fetch!",
        "beginOffset": -1
      },
      "sentiment": {
        "magnitude": 0.8,
        "score": 0.8
      }
    },
    {
      "text": {
        "content": "Responds well to commands, likes to be pet, and loves food - always good for training!",
        "beginOffset": -1
      },
      "sentiment": {
        "magnitude": 0.9,
        "score": 0.9
      }
    },
    {
      "text": {
        "content": "The previous owner used to leash her outdoors, leaving her to the mercy of the elements; the scorching sun, and thunderstorms.",
        "beginOffset": -1
      },
      "sentiment": {
        "magnitude": 0.4,
        "score": -0.4
      }
    },
    {
      "text": {
        "content": "The adopter needs to pay RM for the spaying, vaccination and deworming.",
        "beginOffset": -1
      },
      "sentiment": {
        "magnitude": 0.4,
        "score": 0.4
      }
    },
    {
      "text": {
        "content": "She/ he needs to allow home visits prior to the adoption.",
        "beginOffset": -1
      },
      "sentiment": {
        "magnitude": 0,
        "score": 0
      }
    },
    {
      "text": {
        "content": "The adopter will also need to agree to &quot;no unnecessary leasing and caging&quot;.",
        "beginOffset": -1
      },
      "sentiment": {
        "magnitude": 0.9,
        "score": 0.9
      }
    },
    {
      "text": {
        "content": "Goldie will be handed over once the spaying is completed.",
        "beginOffset": -1
      },
      "sentiment": {
        "magnitude": 0.1,
        "score": -0.1
      }
    }
  ],
  "tokens": [],
  "entities": [
    {
      "name": "owner",
      "type": "PERSON",
      "metadata": {},
      "salience": 0.24628769,
      "mentions": [
        {
          "text": {
            "content": "owner",
            "beginOffset": -1
          },
          "type": "COMMON"
        }
      ]
    },
    {
      "name": "retriever/ retriever mix",
      "type": "OTHER",
      "metadata": {},
      "salience": 0.20249441,
      "mentions": [
        {
          "text": {
            "content": "retriever/ retriever mix",
            "beginOffset": -1
          },
          "type": "COMMON"
        }
      ]
    },
    {
      "name": "Goldie",
      "type": "PERSON",
      "metadata": {},
      "salience": 0.17180665,
      "mentions": [
        {
          "text": {
            "content": "Goldie",
            "beginOffset": -1
          },
          "type": "PROPER"
        },
        {
          "text": {
            "content": "Goldie",
            "beginOffset": -1
          },
          "type": "PROPER"
        }
      ]
    },
    {
      "name": "pet",
      "type": "OTHER",
      "metadata": {},
      "salience": 0.037610866,
      "mentions": [
        {
          "text": {
            "content": "pet",
            "beginOffset": -1
          },
          "type": "COMMON"
        }
      ]
    },
    {
      "name": "food",
      "type": "OTHER",
      "metadata": {},
      "salience": 0.032503106,
      "mentions": [
        {
          "text": {
            "content": "food",
            "beginOffset": -1
          },
          "type": "COMMON"
        }
      ]
    },
    {
      "name": "commands",
      "type": "OTHER",
      "metadata": {},
      "salience": 0.030582972,
      "mentions": [
        {
          "text": {
            "content": "commands",
            "beginOffset": -1
          },
          "type": "COMMON"
        }
      ]
    },
    {
      "name": "adopter",
      "type": "OTHER",
      "metadata": {},
      "salience": 0.023766734,
      "mentions": [
        {
          "text": {
            "content": "adopter",
            "beginOffset": -1
          },
          "type": "COMMON"
        }
      ]
    },
    {
      "name": "leash",
      "type": "OTHER",
      "metadata": {},
      "salience": 0.023423215,
      "mentions": [
        {
          "text": {
            "content": "leash",
            "beginOffset": -1
          },
          "type": "COMMON"
        }
      ]
    },
    {
      "name": "sun",
      "type": "OTHER",
      "metadata": {},
      "salience": 0.021889683,
      "mentions": [
        {
          "text": {
            "content": "sun",
            "beginOffset": -1
          },
          "type": "COMMON"
        }
      ]
    },
    {
      "name": "spaying",
      "type": "OTHER",
      "metadata": {},
      "salience": 0.021691125,
      "mentions": [
        {
          "text": {
            "content": "spaying",
            "beginOffset": -1
          },
          "type": "COMMON"
        }
      ]
    },
    {
      "name": "mercy",
      "type": "OTHER",
      "metadata": {},
      "salience": 0.020845154,
      "mentions": [
        {
          "text": {
            "content": "mercy",
            "beginOffset": -1
          },
          "type": "COMMON"
        }
      ]
    },
    {
      "name": "elements",
      "type": "OTHER",
      "metadata": {},
      "salience": 0.020845154,
      "mentions": [
        {
          "text": {
            "content": "elements",
            "beginOffset": -1
          },
          "type": "COMMON"
        }
      ]
    },
    {
      "name": "training",
      "type": "OTHER",
      "metadata": {},
      "salience": 0.020694183,
      "mentions": [
        {
          "text": {
            "content": "training",
            "beginOffset": -1
          },
          "type": "COMMON"
        }
      ]
    },
    {
      "name": "thunderstorms",
      "type": "OTHER",
      "metadata": {},
      "salience": 0.019134905,
      "mentions": [
        {
          "text": {
            "content": "thunderstorms",
            "beginOffset": -1
          },
          "type": "COMMON"
        }
      ]
    },
    {
      "name": "vaccination",
      "type": "OTHER",
      "metadata": {},
      "salience": 0.01906768,
      "mentions": [
        {
          "text": {
            "content": "vaccination",
            "beginOffset": -1
          },
          "type": "COMMON"
        }
      ]
    },
    {
      "name": "adopter",
      "type": "PERSON",
      "metadata": {},
      "salience": 0.017852055,
      "mentions": [
        {
          "text": {
            "content": "adopter",
            "beginOffset": -1
          },
          "type": "COMMON"
        }
      ]
    },
    {
      "name": "leasing",
      "type": "OTHER",
      "metadata": {},
      "salience": 0.016289938,
      "mentions": [
        {
          "text": {
            "content": "leasing",
            "beginOffset": -1
          },
          "type": "COMMON"
        }
      ]
    },
    {
      "name": "spaying",
      "type": "OTHER",
      "metadata": {},
      "salience": 0.011395205,
      "mentions": [
        {
          "text": {
            "content": "spaying",
            "beginOffset": -1
          },
          "type": "COMMON"
        }
      ]
    },
    {
      "name": "RM",
      "type": "LOCATION",
      "metadata": {},
      "salience": 0.011295096,
      "mentions": [
        {
          "text": {
            "content": "RM",
            "beginOffset": -1
          },
          "type": "PROPER"
        }
      ]
    },
    {
      "name": "caging",
      "type": "OTHER",
      "metadata": {},
      "salience": 0.010031451,
      "mentions": [
        {
          "text": {
            "content": "caging",
            "beginOffset": -1
          },
          "type": "COMMON"
        }
      ]
    },
    {
      "name": "adoption",
      "type": "EVENT",
      "metadata": {},
      "salience": 0.0078668585,
      "mentions": [
        {
          "text": {
            "content": "adoption",
            "beginOffset": -1
          },
          "type": "COMMON"
        }
      ]
    },
    {
      "name": "deworming",
      "type": "OTHER",
      "metadata": {},
      "salience": 0.0063215853,
      "mentions": [
        {
          "text": {
            "content": "deworming",
            "beginOffset": -1
          },
          "type": "COMMON"
        }
      ]
    },
    {
      "name": "home visits",
      "type": "EVENT",
      "metadata": {},
      "salience": 0.0063042725,
      "mentions": [
        {
          "text": {
            "content": "home visits",
            "beginOffset": -1
          },
          "type": "COMMON"
        }
      ]
    }
  ],
  "documentSentiment": {
    "magnitude": 3.7,
    "score": 0.3
  },
  "language": "en",
  "categories": []
}
