{
  "sentences": [
    {
      "text": {
        "content": "Pure Breed Husky Puppy GONE for her GOOD Home who will pamper her smart and active behavior.",
        "beginOffset": -1
      },
      "sentiment": {
        "magnitude": 0.4,
        "score": 0.4
      }
    },
    {
      "text": {
        "content": "Adoption fee shall be donate to petfinder.my medical fund.",
        "beginOffset": -1
      },
      "sentiment": {
        "magnitude": 0,
        "score": 0
      }
    },
    {
      "text": {
        "content": "Thank You for your kind interest :)",
        "beginOffset": -1
      },
      "sentiment": {
        "magnitude": 0.6,
        "score": 0.6
      }
    }
  ],
  "tokens": [],
  "entities": [
    {
      "name": "Puppy",
      "type": "OTHER",
      "metadata": {},
      "salience": 0.5151467,
      "mentions": [
        {
          "text": {
            "content": "Puppy",
            "beginOffset": -1
          },
          "type": "COMMON"
        }
      ]
    },
    {
      "name": "Pure Breed Husky",
      "type": "ORGANIZATION",
      "metadata": {},
      "salience": 0.19380689,
      "mentions": [
        {
          "text": {
            "content": "Pure Breed Husky",
            "beginOffset": -1
          },
          "type": "PROPER"
        }
      ]
    },
    {
      "name": "Home",
      "type": "OTHER",
      "metadata": {},
      "salience": 0.12785149,
      "mentions": [
        {
          "text": {
            "content": "Home",
            "beginOffset": -1
          },
          "type": "COMMON"
        }
      ]
    },
    {
      "name": "behavior",
      "type": "OTHER",
      "metadata": {},
      "salience": 0.08883116,
      "mentions": [
        {
          "text": {
            "content": "behavior",
            "beginOffset": -1
          },
          "type": "COMMON"
        }
      ]
    },
    {
      "name": "Adoption fee",
      "type": "OTHER",
      "metadata": {},
      "salience": 0.03992454,
      "mentions": [
        {
          "text": {
            "content": "Adoption fee",
            "beginOffset": -1
          },
          "type": "COMMON"
        }
      ]
    },
    {
      "name": "interest",
      "type": "OTHER",
      "metadata": {},
      "salience": 0.021109276,
      "mentions": [
        {
          "text": {
            "content": "interest",
            "beginOffset": -1
          },
          "type": "COMMON"
        }
      ]
    },
    {
      "name": "fund",
      "type": "OTHER",
      "metadata": {},
      "salience": 0.013329953,
      "mentions": [
        {
          "text": {
            "content": "fund",
            "beginOffset": -1
          },
          "type": "COMMON"
        }
      ]
    }
  ],
  "documentSentiment": {
    "magnitude": 1.1,
    "score": 0.3
  },
  "language": "en",
  "categories": []
}
