{
  "sentences": [
    {
      "text": {
        "content": "Their plight was highlighted by Supermutts, a PF member.",
        "beginOffset": -1
      },
      "sentiment": {
        "magnitude": 0.1,
        "score": 0.1
      }
    },
    {
      "text": {
        "content": "The mommy &amp; 6 kittens was left on the doorstep of a post office in Bangsar.",
        "beginOffset": -1
      },
      "sentiment": {
        "magnitude": 0.2,
        "score": 0.2
      }
    },
    {
      "text": {
        "content": "By the time I went and rescued them, only 2 of the kittens are left.",
        "beginOffset": -1
      },
      "sentiment": {
        "magnitude": 0.1,
        "score": -0.1
      }
    },
    {
      "text": {
        "content": "I hope the rest have been adopted by responsible cat lovers.",
        "beginOffset": -1
      },
      "sentiment": {
        "magnitude": 0.6,
        "score": 0.6
      }
    },
    {
      "text": {
        "content": "(Their story can be read here in the hall of shame segment: ) As the kittens have started to be weaned off their mother's milk, I am now looking for potential adopters to take them in.",
        "beginOffset": -1
      },
      "sentiment": {
        "magnitude": 0.5,
        "score": -0.5
      }
    },
    {
      "text": {
        "content": "All 3 should preferably be adopted together, but if that isn't possible, then the kittens must be adopted together as they shouldn't be separated.",
        "beginOffset": -1
      },
      "sentiment": {
        "magnitude": 0,
        "score": 0
      }
    },
    {
      "text": {
        "content": "All 3 are gorgeous &amp; healthy, the mother is very manja &amp; the kittens are very active :)",
        "beginOffset": -1
      },
      "sentiment": {
        "magnitude": 0.9,
        "score": 0.9
      }
    },
    {
      "text": {
        "content": "All are litter trained.",
        "beginOffset": -1
      },
      "sentiment": {
        "magnitude": 0.6,
        "score": -0.6
      }
    },
    {
      "text": {
        "content": "Those interested do e-mail me an intro of yourself, tq.",
        "beginOffset": -1
      },
      "sentiment": {
        "magnitude": 0.2,
        "score": -0.2
      }
    }
  ],
  "tokens": [],
  "entities": [
    {
      "name": "kittens",
      "type": "PERSON",
      "metadata": {},
      "salience": 0.42403945,
      "mentions": [
        {
          "text": {
            "content": "kittens",
            "beginOffset": -1
          },
          "type": "COMMON"
        },
        {
          "text": {
            "content": "kittens",
            "beginOffset": -1
          },
          "type": "COMMON"
        },
        {
          "text": {
            "content": "kittens",
            "beginOffset": -1
          },
          "type": "COMMON"
        },
        {
          "text": {
            "content": "kittens",
            "beginOffset": -1
          },
          "type": "COMMON"
        }
      ]
    },
    {
      "name": "Supermutts",
      "type": "PERSON",
      "metadata": {},
      "salience": 0.16481438,
      "mentions": [
        {
          "text": {
            "content": "Supermutts",
            "beginOffset": -1
          },
          "type": "PROPER"
        },
        {
          "text": {
            "content": "member",
            "beginOffset": -1
          },
          "type": "COMMON"
        }
      ]
    },
    {
      "name": "plight",
      "type": "OTHER",
      "metadata": {},
      "salience": 0.077102244,
      "mentions": [
        {
          "text": {
            "content": "plight",
            "beginOffset": -1
          },
          "type": "COMMON"
        }
      ]
    },
    {
      "name": "mommy",
      "type": "OTHER",
      "metadata": {},
      "salience": 0.06956648,
      "mentions": [
        {
          "text": {
            "content": "mommy",
            "beginOffset": -1
          },
          "type": "COMMON"
        }
      ]
    },
    {
      "name": "kittens",
      "type": "PERSON",
      "metadata": {},
      "salience": 0.053251065,
      "mentions": [
        {
          "text": {
            "content": "kittens",
            "beginOffset": -1
          },
          "type": "COMMON"
        }
      ]
    },
    {
      "name": "PF",
      "type": "LOCATION",
      "metadata": {},
      "salience": 0.046333715,
      "mentions": [
        {
          "text": {
            "content": "PF",
            "beginOffset": -1
          },
          "type": "PROPER"
        }
      ]
    },
    {
      "name": "doorstep",
      "type": "OTHER",
      "metadata": {},
      "salience": 0.03777787,
      "mentions": [
        {
          "text": {
            "content": "doorstep",
            "beginOffset": -1
          },
          "type": "COMMON"
        }
      ]
    },
    {
      "name": "post office",
      "type": "LOCATION",
      "metadata": {},
      "salience": 0.01445956,
      "mentions": [
        {
          "text": {
            "content": "post office",
            "beginOffset": -1
          },
          "type": "COMMON"
        }
      ]
    },
    {
      "name": "mother",
      "type": "PERSON",
      "metadata": {},
      "salience": 0.010217927,
      "mentions": [
        {
          "text": {
            "content": "mother",
            "beginOffset": -1
          },
          "type": "COMMON"
        }
      ]
    },
    {
      "name": "hall",
      "type": "LOCATION",
      "metadata": {},
      "salience": 0.00978399,
      "mentions": [
        {
          "text": {
            "content": "hall",
            "beginOffset": -1
          },
          "type": "COMMON"
        }
      ]
    },
    {
      "name": "shame segment",
      "type": "OTHER",
      "metadata": {},
      "salience": 0.00978399,
      "mentions": [
        {
          "text": {
            "content": "shame segment",
            "beginOffset": -1
          },
          "type": "COMMON"
        }
      ]
    },
    {
      "name": "rest",
      "type": "OTHER",
      "metadata": {},
      "salience": 0.009691296,
      "mentions": [
        {
          "text": {
            "content": "rest",
            "beginOffset": -1
          },
          "type": "COMMON"
        }
      ]
    },
    {
      "name": "cat lovers",
      "type": "PERSON",
      "metadata": {},
      "salience": 0.009691296,
      "mentions": [
        {
          "text": {
            "content": "cat lovers",
            "beginOffset": -1
          },
          "type": "COMMON"
        }
      ]
    },
    {
      "name": "story",
      "type": "OTHER",
      "metadata": {},
      "salience": 0.009664834,
      "mentions": [
        {
          "text": {
            "content": "story",
            "beginOffset": -1
          },
          "type": "COMMON"
        }
      ]
    },
    {
      "name": "mother",
      "type": "PERSON",
      "metadata": {},
      "salience": 0.009225694,
      "mentions": [
        {
          "text": {
            "content": "mother",
            "beginOffset": -1
          },
          "type": "COMMON"
        }
      ]
    },
    {
      "name": "milk",
      "type": "OTHER",
      "metadata": {},
      "salience": 0.008979614,
      "mentions": [
        {
          "text": {
            "content": "milk",
            "beginOffset": -1
          },
          "type": "COMMON"
        }
      ]
    },
    {
      "name": "adopters",
      "type": "PERSON",
      "metadata": {},
      "salience": 0.008979614,
      "mentions": [
        {
          "text": {
            "content": "adopters",
            "beginOffset": -1
          },
          "type": "COMMON"
        }
      ]
    },
    {
      "name": "Bangsar",
      "type": "LOCATION",
      "metadata": {
        "mid": "/m/02b1f3",
        "wikipedia_url": "https://en.wikipedia.org/wiki/Bangsar"
      },
      "salience": 0.008568719,
      "mentions": [
        {
          "text": {
            "content": "Bangsar",
            "beginOffset": -1
          },
          "type": "PROPER"
        }
      ]
    },
    {
      "name": "All",
      "type": "OTHER",
      "metadata": {},
      "salience": 0.005741606,
      "mentions": [
        {
          "text": {
            "content": "All",
            "beginOffset": -1
          },
          "type": "COMMON"
        }
      ]
    },
    {
      "name": "intro",
      "type": "OTHER",
      "metadata": {},
      "salience": 0.004826209,
      "mentions": [
        {
          "text": {
            "content": "intro",
            "beginOffset": -1
          },
          "type": "COMMON"
        }
      ]
    },
    {
      "name": "litter",
      "type": "OTHER",
      "metadata": {},
      "salience": 0.004715881,
      "mentions": [
        {
          "text": {
            "content": "litter",
            "beginOffset": -1
          },
          "type": "COMMON"
        }
      ]
    },
    {
      "name": "tq",
      "type": "PERSON",
      "metadata": {},
      "salience": 0.0027845693,
      "mentions": [
        {
          "text": {
            "content": "tq",
            "beginOffset": -1
          },
          "type": "PROPER"
        }
      ]
    }
  ],
  "documentSentiment": {
    "magnitude": 3.7,
    "score": 0
  },
  "language": "en",
  "categories": []
}
