{
  "sentences": [
    {
      "text": {
        "content": "Both of them are female, they are lovely and active, my friend currently fostering them, but unable to keep long as she live in an apartment and the management is starting to complaint to her, so she need to find an adopter asap.",
        "beginOffset": -1
      },
      "sentiment": {
        "magnitude": 0.4,
        "score": 0.4
      }
    },
    {
      "text": {
        "content": "Both of them are siblings, they stick together all the time, if can i hope you can adopt both of them together as they no need to be seperate apart...",
        "beginOffset": -1
      },
      "sentiment": {
        "magnitude": 0.1,
        "score": -0.1
      }
    },
    {
      "text": {
        "content": "Location at cheras or ampang area, if interested pls call :)",
        "beginOffset": -1
      },
      "sentiment": {
        "magnitude": 0.6,
        "score": 0.6
      }
    },
    {
      "text": {
        "content": "I'm willing to sponsor these two puppies spaying cost once they grew up",
        "beginOffset": -1
      },
      "sentiment": {
        "magnitude": 0.6,
        "score": 0.6
      }
    }
  ],
  "tokens": [],
  "entities": [
    {
      "name": "Both",
      "type": "OTHER",
      "metadata": {},
      "salience": 0.46567628,
      "mentions": [
        {
          "text": {
            "content": "Both",
            "beginOffset": -1
          },
          "type": "COMMON"
        },
        {
          "text": {
            "content": "Both",
            "beginOffset": -1
          },
          "type": "COMMON"
        },
        {
          "text": {
            "content": "both",
            "beginOffset": -1
          },
          "type": "COMMON"
        }
      ]
    },
    {
      "name": "friend",
      "type": "PERSON",
      "metadata": {},
      "salience": 0.32354566,
      "mentions": [
        {
          "text": {
            "content": "friend",
            "beginOffset": -1
          },
          "type": "COMMON"
        }
      ]
    },
    {
      "name": "siblings",
      "type": "PERSON",
      "metadata": {},
      "salience": 0.09188333,
      "mentions": [
        {
          "text": {
            "content": "siblings",
            "beginOffset": -1
          },
          "type": "COMMON"
        }
      ]
    },
    {
      "name": "management",
      "type": "OTHER",
      "metadata": {},
      "salience": 0.025958568,
      "mentions": [
        {
          "text": {
            "content": "management",
            "beginOffset": -1
          },
          "type": "COMMON"
        }
      ]
    },
    {
      "name": "puppies",
      "type": "OTHER",
      "metadata": {},
      "salience": 0.020575514,
      "mentions": [
        {
          "text": {
            "content": "puppies",
            "beginOffset": -1
          },
          "type": "COMMON"
        }
      ]
    },
    {
      "name": "apartment",
      "type": "LOCATION",
      "metadata": {},
      "salience": 0.020129723,
      "mentions": [
        {
          "text": {
            "content": "apartment",
            "beginOffset": -1
          },
          "type": "COMMON"
        }
      ]
    },
    {
      "name": "complaint",
      "type": "OTHER",
      "metadata": {},
      "salience": 0.020129723,
      "mentions": [
        {
          "text": {
            "content": "complaint",
            "beginOffset": -1
          },
          "type": "COMMON"
        }
      ]
    },
    {
      "name": "Location",
      "type": "LOCATION",
      "metadata": {},
      "salience": 0.006784356,
      "mentions": [
        {
          "text": {
            "content": "Location",
            "beginOffset": -1
          },
          "type": "COMMON"
        }
      ]
    },
    {
      "name": "area",
      "type": "LOCATION",
      "metadata": {},
      "salience": 0.006784356,
      "mentions": [
        {
          "text": {
            "content": "area",
            "beginOffset": -1
          },
          "type": "COMMON"
        }
      ]
    },
    {
      "name": "ampang",
      "type": "LOCATION",
      "metadata": {},
      "salience": 0.006784356,
      "mentions": [
        {
          "text": {
            "content": "ampang",
            "beginOffset": -1
          },
          "type": "COMMON"
        }
      ]
    },
    {
      "name": "cost",
      "type": "OTHER",
      "metadata": {},
      "salience": 0.0047368314,
      "mentions": [
        {
          "text": {
            "content": "cost",
            "beginOffset": -1
          },
          "type": "COMMON"
        }
      ]
    },
    {
      "name": "cheras",
      "type": "LOCATION",
      "metadata": {
        "mid": "/m/09z0md",
        "wikipedia_url": "https://en.wikipedia.org/wiki/Cheras,_Kuala_Lumpur"
      },
      "salience": 0.004015793,
      "mentions": [
        {
          "text": {
            "content": "cheras",
            "beginOffset": -1
          },
          "type": "PROPER"
        }
      ]
    },
    {
      "name": "need",
      "type": "OTHER",
      "metadata": {},
      "salience": 0.0029954903,
      "mentions": [
        {
          "text": {
            "content": "need",
            "beginOffset": -1
          },
          "type": "COMMON"
        }
      ]
    }
  ],
  "documentSentiment": {
    "magnitude": 1.9,
    "score": 0.4
  },
  "language": "en",
  "categories": []
}
