{
  "sentences": [
    {
      "text": {
        "content": "If you are looking for a sweet puppy to bring sunshine into your life, this girl is the right one for you!",
        "beginOffset": -1
      },
      "sentiment": {
        "magnitude": 0.6,
        "score": 0.6
      }
    },
    {
      "text": {
        "content": "She is a very cute white pup with lots of brown patches and spots.",
        "beginOffset": -1
      },
      "sentiment": {
        "magnitude": 0.4,
        "score": 0.4
      }
    },
    {
      "text": {
        "content": "She is a healthy pup with no skin problems or other health issues.",
        "beginOffset": -1
      },
      "sentiment": {
        "magnitude": 0.3,
        "score": 0.3
      }
    },
    {
      "text": {
        "content": "She can also play 'fetch' really well and is training to &quot;sit down&quot;.",
        "beginOffset": -1
      },
      "sentiment": {
        "magnitude": 0.3,
        "score": 0.3
      }
    },
    {
      "text": {
        "content": "This sweetheart was rescued from the side of a busy main road together with her 3 siblings.",
        "beginOffset": -1
      },
      "sentiment": {
        "magnitude": 0.6,
        "score": 0.6
      }
    },
    {
      "text": {
        "content": "However, she is all alone now, as the rest have found happy homes.",
        "beginOffset": -1
      },
      "sentiment": {
        "magnitude": 0.8,
        "score": 0.8
      }
    },
    {
      "text": {
        "content": "She is looking for a forever home, where she will be loved and cared for.",
        "beginOffset": -1
      },
      "sentiment": {
        "magnitude": 0.8,
        "score": 0.8
      }
    },
    {
      "text": {
        "content": "She is extremely smart, lovable, loves to play and enjoys being cuddled.",
        "beginOffset": -1
      },
      "sentiment": {
        "magnitude": 0.9,
        "score": 0.9
      }
    },
    {
      "text": {
        "content": "Do call or a drop a text if you can give this angel a happy home!",
        "beginOffset": -1
      },
      "sentiment": {
        "magnitude": 0.8,
        "score": 0.8
      }
    }
  ],
  "tokens": [],
  "entities": [
    {
      "name": "girl",
      "type": "PERSON",
      "metadata": {},
      "salience": 0.6622377,
      "mentions": [
        {
          "text": {
            "content": "girl",
            "beginOffset": -1
          },
          "type": "COMMON"
        }
      ]
    },
    {
      "name": "puppy",
      "type": "OTHER",
      "metadata": {},
      "salience": 0.060079787,
      "mentions": [
        {
          "text": {
            "content": "puppy",
            "beginOffset": -1
          },
          "type": "COMMON"
        }
      ]
    },
    {
      "name": "life",
      "type": "OTHER",
      "metadata": {},
      "salience": 0.060079787,
      "mentions": [
        {
          "text": {
            "content": "life",
            "beginOffset": -1
          },
          "type": "COMMON"
        }
      ]
    },
    {
      "name": "sunshine",
      "type": "OTHER",
      "metadata": {},
      "salience": 0.05214726,
      "mentions": [
        {
          "text": {
            "content": "sunshine",
            "beginOffset": -1
          },
          "type": "COMMON"
        }
      ]
    },
    {
      "name": "one",
      "type": "OTHER",
      "metadata": {},
      "salience": 0.0297394,
      "mentions": [
        {
          "text": {
            "content": "one",
            "beginOffset": -1
          },
          "type": "COMMON"
        }
      ]
    },
    {
      "name": "pup",
      "type": "OTHER",
      "metadata": {},
      "salience": 0.016398905,
      "mentions": [
        {
          "text": {
            "content": "pup",
            "beginOffset": -1
          },
          "type": "COMMON"
        }
      ]
    },
    {
      "name": "lots",
      "type": "OTHER",
      "metadata": {},
      "salience": 0.011300658,
      "mentions": [
        {
          "text": {
            "content": "lots",
            "beginOffset": -1
          },
          "type": "COMMON"
        }
      ]
    },
    {
      "name": "brown patches",
      "type": "OTHER",
      "metadata": {},
      "salience": 0.011300658,
      "mentions": [
        {
          "text": {
            "content": "brown patches",
            "beginOffset": -1
          },
          "type": "COMMON"
        }
      ]
    },
    {
      "name": "spots",
      "type": "OTHER",
      "metadata": {},
      "salience": 0.011300658,
      "mentions": [
        {
          "text": {
            "content": "spots",
            "beginOffset": -1
          },
          "type": "COMMON"
        }
      ]
    },
    {
      "name": "pup",
      "type": "OTHER",
      "metadata": {},
      "salience": 0.011046352,
      "mentions": [
        {
          "text": {
            "content": "pup",
            "beginOffset": -1
          },
          "type": "COMMON"
        }
      ]
    },
    {
      "name": "sweetheart",
      "type": "OTHER",
      "metadata": {},
      "salience": 0.0076482287,
      "mentions": [
        {
          "text": {
            "content": "sweetheart",
            "beginOffset": -1
          },
          "type": "COMMON"
        }
      ]
    },
    {
      "name": "side",
      "type": "OTHER",
      "metadata": {},
      "salience": 0.0076482287,
      "mentions": [
        {
          "text": {
            "content": "side",
            "beginOffset": -1
          },
          "type": "COMMON"
        }
      ]
    },
    {
      "name": "health issues",
      "type": "OTHER",
      "metadata": {},
      "salience": 0.0076025436,
      "mentions": [
        {
          "text": {
            "content": "health issues",
            "beginOffset": -1
          },
          "type": "COMMON"
        }
      ]
    },
    {
      "name": "skin problems",
      "type": "OTHER",
      "metadata": {},
      "salience": 0.0076025436,
      "mentions": [
        {
          "text": {
            "content": "skin problems",
            "beginOffset": -1
          },
          "type": "COMMON"
        }
      ]
    },
    {
      "name": "road",
      "type": "LOCATION",
      "metadata": {},
      "salience": 0.007019709,
      "mentions": [
        {
          "text": {
            "content": "road",
            "beginOffset": -1
          },
          "type": "COMMON"
        }
      ]
    },
    {
      "name": "siblings",
      "type": "PERSON",
      "metadata": {},
      "salience": 0.007019709,
      "mentions": [
        {
          "text": {
            "content": "siblings",
            "beginOffset": -1
          },
          "type": "COMMON"
        }
      ]
    },
    {
      "name": "home",
      "type": "LOCATION",
      "metadata": {},
      "salience": 0.005902211,
      "mentions": [
        {
          "text": {
            "content": "home",
            "beginOffset": -1
          },
          "type": "COMMON"
        }
      ]
    },
    {
      "name": "angel",
      "type": "PERSON",
      "metadata": {},
      "salience": 0.003727507,
      "mentions": [
        {
          "text": {
            "content": "angel",
            "beginOffset": -1
          },
          "type": "COMMON"
        }
      ]
    },
    {
      "name": "call",
      "type": "OTHER",
      "metadata": {},
      "salience": 0.0036819992,
      "mentions": [
        {
          "text": {
            "content": "call",
            "beginOffset": -1
          },
          "type": "COMMON"
        }
      ]
    },
    {
      "name": "drop",
      "type": "OTHER",
      "metadata": {},
      "salience": 0.0036819992,
      "mentions": [
        {
          "text": {
            "content": "drop",
            "beginOffset": -1
          },
          "type": "COMMON"
        }
      ]
    },
    {
      "name": "text",
      "type": "OTHER",
      "metadata": {},
      "salience": 0.0036819992,
      "mentions": [
        {
          "text": {
            "content": "text",
            "beginOffset": -1
          },
          "type": "COMMON"
        }
      ]
    },
    {
      "name": "rest",
      "type": "PERSON",
      "metadata": {},
      "salience": 0.0033130369,
      "mentions": [
        {
          "text": {
            "content": "rest",
            "beginOffset": -1
          },
          "type": "COMMON"
        }
      ]
    },
    {
      "name": "home",
      "type": "LOCATION",
      "metadata": {},
      "salience": 0.0031984942,
      "mentions": [
        {
          "text": {
            "content": "home",
            "beginOffset": -1
          },
          "type": "COMMON"
        }
      ]
    },
    {
      "name": "homes",
      "type": "LOCATION",
      "metadata": {},
      "salience": 0.0026405966,
      "mentions": [
        {
          "text": {
            "content": "homes",
            "beginOffset": -1
          },
          "type": "COMMON"
        }
      ]
    }
  ],
  "documentSentiment": {
    "magnitude": 5.9,
    "score": 0.6
  },
  "language": "en",
  "categories": []
}
