{
  "sentences": [
    {
      "text": {
        "content": "5 adorable kittens and 1 mother cat for adoption!",
        "beginOffset": -1
      },
      "sentiment": {
        "magnitude": 0.8,
        "score": 0.8
      }
    },
    {
      "text": {
        "content": "All with white coat and long tail, except for one with tri-colour(Flower).",
        "beginOffset": -1
      },
      "sentiment": {
        "magnitude": 0.2,
        "score": 0.2
      }
    },
    {
      "text": {
        "content": "Rescued from Pasar, please text me at, I'm staying in SS2, Petaling Jaya.",
        "beginOffset": -1
      },
      "sentiment": {
        "magnitude": 0,
        "score": 0
      }
    }
  ],
  "tokens": [],
  "entities": [
    {
      "name": "kittens",
      "type": "PERSON",
      "metadata": {},
      "salience": 0.35794944,
      "mentions": [
        {
          "text": {
            "content": "kittens",
            "beginOffset": -1
          },
          "type": "COMMON"
        }
      ]
    },
    {
      "name": "mother cat",
      "type": "OTHER",
      "metadata": {},
      "salience": 0.1458744,
      "mentions": [
        {
          "text": {
            "content": "mother cat",
            "beginOffset": -1
          },
          "type": "COMMON"
        }
      ]
    },
    {
      "name": "adoption",
      "type": "OTHER",
      "metadata": {},
      "salience": 0.1458744,
      "mentions": [
        {
          "text": {
            "content": "adoption",
            "beginOffset": -1
          },
          "type": "COMMON"
        }
      ]
    },
    {
      "name": "All",
      "type": "OTHER",
      "metadata": {},
      "salience": 0.071704246,
      "mentions": [
        {
          "text": {
            "content": "All",
            "beginOffset": -1
          },
          "type": "COMMON"
        }
      ]
    },
    {
      "name": "one",
      "type": "OTHER",
      "metadata": {},
      "salience": 0.049311034,
      "mentions": [
        {
          "text": {
            "content": "one",
            "beginOffset": -1
          },
          "type": "COMMON"
        }
      ]
    },
    {
      "name": "tri-colour",
      "type": "OTHER",
      "metadata": {},
      "salience": 0.049311034,
      "mentions": [
        {
          "text": {
            "content": "tri-colour",
            "beginOffset": -1
          },
          "type": "COMMON"
        }
      ]
    },
    {
      "name": "coat",
      "type": "OTHER",
      "metadata": {},
      "salience": 0.048716944,
      "mentions": [
        {
          "text": {
            "content": "coat",
            "beginOffset": -1
          },
          "type": "COMMON"
        }
      ]
    },
    {
      "name": "tail",
      "type": "OTHER",
      "metadata": {},
      "salience": 0.048716944,
      "mentions": [
        {
          "text": {
            "content": "tail",
            "beginOffset": -1
          },
          "type": "COMMON"
        }
      ]
    },
    {
      "name": "Flower",
      "type": "OTHER",
      "metadata": {},
      "salience": 0.045297515,
      "mentions": [
        {
          "text": {
            "content": "Flower",
            "beginOffset": -1
          },
          "type": "COMMON"
        }
      ]
    },
    {
      "name": "SS2",
      "type": "OTHER",
      "metadata": {
        "mid": "/g/11clgf8bwz",
        "wikipedia_url": "https://en.wikipedia.org/wiki/SS2,_Petaling_Jaya"
      },
      "salience": 0.014175883,
      "mentions": [
        {
          "text": {
            "content": "SS2",
            "beginOffset": -1
          },
          "type": "PROPER"
        }
      ]
    },
    {
      "name": "Petaling Jaya",
      "type": "LOCATION",
      "metadata": {
        "mid": "/m/03dqts",
        "wikipedia_url": "https://en.wikipedia.org/wiki/Petaling_Jaya"
      },
      "salience": 0.014175883,
      "mentions": [
        {
          "text": {
            "content": "Petaling Jaya",
            "beginOffset": -1
          },
          "type": "PROPER"
        }
      ]
    },
    {
      "name": "Pasar",
      "type": "PERSON",
      "metadata": {},
      "salience": 0.008892305,
      "mentions": [
        {
          "text": {
            "content": "Pasar",
            "beginOffset": -1
          },
          "type": "PROPER"
        }
      ]
    }
  ],
  "documentSentiment": {
    "magnitude": 1.1,
    "score": 0.3
  },
  "language": "en",
  "categories": []
}
