{
  "sentences": [
    {
      "text": {
        "content": "Temperament: Active Diet: Mixed canned food and dry kitten food Able to use litter tray * Adopter must able to commit and provide medical care when needed * If interested to adopt, kindly give me a call (Yulie) Location: Subang Jaya",
        "beginOffset": -1
      },
      "sentiment": {
        "magnitude": 0.3,
        "score": 0.3
      }
    }
  ],
  "tokens": [],
  "entities": [
    {
      "name": "Temperament",
      "type": "OTHER",
      "metadata": {},
      "salience": 0.2379152,
      "mentions": [
        {
          "text": {
            "content": "Temperament",
            "beginOffset": -1
          },
          "type": "COMMON"
        }
      ]
    },
    {
      "name": "Diet",
      "type": "OTHER",
      "metadata": {},
      "salience": 0.2379152,
      "mentions": [
        {
          "text": {
            "content": "Diet",
            "beginOffset": -1
          },
          "type": "COMMON"
        }
      ]
    },
    {
      "name": "food",
      "type": "OTHER",
      "metadata": {},
      "salience": 0.11085441,
      "mentions": [
        {
          "text": {
            "content": "food",
            "beginOffset": -1
          },
          "type": "COMMON"
        }
      ]
    },
    {
      "name": "kitten food",
      "type": "OTHER",
      "metadata": {},
      "salience": 0.11085441,
      "mentions": [
        {
          "text": {
            "content": "kitten food",
            "beginOffset": -1
          },
          "type": "COMMON"
        }
      ]
    },
    {
      "name": "Adopter",
      "type": "PERSON",
      "metadata": {},
      "salience": 0.06816117,
      "mentions": [
        {
          "text": {
            "content": "Adopter",
            "beginOffset": -1
          },
          "type": "COMMON"
        }
      ]
    },
    {
      "name": "litter tray",
      "type": "CONSUMER_GOOD",
      "metadata": {},
      "salience": 0.06735843,
      "mentions": [
        {
          "text": {
            "content": "litter tray",
            "beginOffset": -1
          },
          "type": "COMMON"
        }
      ]
    },
    {
      "name": "care",
      "type": "OTHER",
      "metadata": {},
      "salience": 0.04824404,
      "mentions": [
        {
          "text": {
            "content": "care",
            "beginOffset": -1
          },
          "type": "COMMON"
        }
      ]
    },
    {
      "name": "call",
      "type": "OTHER",
      "metadata": {},
      "salience": 0.03658711,
      "mentions": [
        {
          "text": {
            "content": "call",
            "beginOffset": -1
          },
          "type": "COMMON"
        }
      ]
    },
    {
      "name": "Location",
      "type": "LOCATION",
      "metadata": {},
      "salience": 0.033621866,
      "mentions": [
        {
          "text": {
            "content": "Location",
            "beginOffset": -1
          },
          "type": "COMMON"
        }
      ]
    },
    {
      "name": "Yulie",
      "type": "PERSON",
      "metadata": {},
      "salience": 0.028472068,
      "mentions": [
        {
          "text": {
            "content": "Yulie",
            "beginOffset": -1
          },
          "type": "PROPER"
        }
      ]
    },
    {
      "name": "Subang Jaya",
      "type": "LOCATION",
      "metadata": {
        "wikipedia_url": "https://en.wikipedia.org/wiki/Subang_Jaya",
        "mid": "/m/054t4_"
      },
      "salience": 0.020016104,
      "mentions": [
        {
          "text": {
            "content": "Subang Jaya",
            "beginOffset": -1
          },
          "type": "PROPER"
        }
      ]
    }
  ],
  "documentSentiment": {
    "magnitude": 0.3,
    "score": 0.3
  },
  "language": "en",
  "categories": []
}
