{
  "sentences": [
    {
      "text": {
        "content": "Rei was rescued in Subang USJ 1 area.",
        "beginOffset": -1
      },
      "sentiment": {
        "magnitude": 0,
        "score": 0
      }
    },
    {
      "text": {
        "content": "She was terrified of the on-going traffic and was found hiding under the big wheels of a stationary 4WD.",
        "beginOffset": -1
      },
      "sentiment": {
        "magnitude": 0,
        "score": 0
      }
    },
    {
      "text": {
        "content": "Rei is a sociable, playful and intelligent kitten.",
        "beginOffset": -1
      },
      "sentiment": {
        "magnitude": 0.9,
        "score": 0.9
      }
    },
    {
      "text": {
        "content": "Healthy Skin, Dewormed, Super Energetic.",
        "beginOffset": -1
      },
      "sentiment": {
        "magnitude": 0.9,
        "score": 0.9
      }
    },
    {
      "text": {
        "content": "Toilet-trained to poo &amp; pee in her tray.",
        "beginOffset": -1
      },
      "sentiment": {
        "magnitude": 0.5,
        "score": -0.5
      }
    },
    {
      "text": {
        "content": "Feeds on dry + soft food twice a day.",
        "beginOffset": -1
      },
      "sentiment": {
        "magnitude": 0,
        "score": 0
      }
    },
    {
      "text": {
        "content": "She will blend in well with other cats.",
        "beginOffset": -1
      },
      "sentiment": {
        "magnitude": 0.4,
        "score": 0.4
      }
    },
    {
      "text": {
        "content": "Rei is ready to go to a new home.",
        "beginOffset": -1
      },
      "sentiment": {
        "magnitude": 0.1,
        "score": 0.1
      }
    },
    {
      "text": {
        "content": "For serious adopters only.",
        "beginOffset": -1
      },
      "sentiment": {
        "magnitude": 0.1,
        "score": -0.1
      }
    },
    {
      "text": {
        "content": "Watch Rei in actor here:",
        "beginOffset": -1
      },
      "sentiment": {
        "magnitude": 0.1,
        "score": 0.1
      }
    }
  ],
  "tokens": [],
  "entities": [
    {
      "name": "Rei",
      "type": "ORGANIZATION",
      "metadata": {
        "wikipedia_url": "https://en.wikipedia.org/wiki/Recreational_Equipment,_Inc.",
        "mid": "/m/02nx4d"
      },
      "salience": 0.48773447,
      "mentions": [
        {
          "text": {
            "content": "Rei",
            "beginOffset": -1
          },
          "type": "PROPER"
        },
        {
          "text": {
            "content": "Rei",
            "beginOffset": -1
          },
          "type": "PROPER"
        },
        {
          "text": {
            "content": "Rei",
            "beginOffset": -1
          },
          "type": "PROPER"
        },
        {
          "text": {
            "content": "Rei",
            "beginOffset": -1
          },
          "type": "PROPER"
        }
      ]
    },
    {
      "name": "area",
      "type": "LOCATION",
      "metadata": {},
      "salience": 0.16216533,
      "mentions": [
        {
          "text": {
            "content": "area",
            "beginOffset": -1
          },
          "type": "COMMON"
        }
      ]
    },
    {
      "name": "Subang USJ 1",
      "type": "LOCATION",
      "metadata": {},
      "salience": 0.09861208,
      "mentions": [
        {
          "text": {
            "content": "Subang USJ 1",
            "beginOffset": -1
          },
          "type": "PROPER"
        }
      ]
    },
    {
      "name": "traffic",
      "type": "OTHER",
      "metadata": {},
      "salience": 0.03115873,
      "mentions": [
        {
          "text": {
            "content": "traffic",
            "beginOffset": -1
          },
          "type": "COMMON"
        }
      ]
    },
    {
      "name": "wheels",
      "type": "OTHER",
      "metadata": {},
      "salience": 0.03115873,
      "mentions": [
        {
          "text": {
            "content": "wheels",
            "beginOffset": -1
          },
          "type": "COMMON"
        }
      ]
    },
    {
      "name": "kitten",
      "type": "PERSON",
      "metadata": {},
      "salience": 0.027122457,
      "mentions": [
        {
          "text": {
            "content": "kitten",
            "beginOffset": -1
          },
          "type": "COMMON"
        }
      ]
    },
    {
      "name": "Skin",
      "type": "OTHER",
      "metadata": {},
      "salience": 0.021179715,
      "mentions": [
        {
          "text": {
            "content": "Skin",
            "beginOffset": -1
          },
          "type": "COMMON"
        }
      ]
    },
    {
      "name": "4WD",
      "type": "OTHER",
      "metadata": {},
      "salience": 0.021100536,
      "mentions": [
        {
          "text": {
            "content": "4WD",
            "beginOffset": -1
          },
          "type": "COMMON"
        }
      ]
    },
    {
      "name": "tray",
      "type": "CONSUMER_GOOD",
      "metadata": {},
      "salience": 0.01939171,
      "mentions": [
        {
          "text": {
            "content": "tray",
            "beginOffset": -1
          },
          "type": "COMMON"
        }
      ]
    },
    {
      "name": "Feeds",
      "type": "OTHER",
      "metadata": {},
      "salience": 0.019348571,
      "mentions": [
        {
          "text": {
            "content": "Feeds",
            "beginOffset": -1
          },
          "type": "COMMON"
        }
      ]
    },
    {
      "name": "cats",
      "type": "OTHER",
      "metadata": {},
      "salience": 0.014577429,
      "mentions": [
        {
          "text": {
            "content": "cats",
            "beginOffset": -1
          },
          "type": "COMMON"
        }
      ]
    },
    {
      "name": "home",
      "type": "LOCATION",
      "metadata": {},
      "salience": 0.014553621,
      "mentions": [
        {
          "text": {
            "content": "home",
            "beginOffset": -1
          },
          "type": "COMMON"
        }
      ]
    },
    {
      "name": "Dewormed",
      "type": "OTHER",
      "metadata": {
        "wikipedia_url": "https://en.wikipedia.org/wiki/Deworming",
        "mid": "/m/03nnncz"
      },
      "salience": 0.0125579,
      "mentions": [
        {
          "text": {
            "content": "Dewormed",
            "beginOffset": -1
          },
          "type": "PROPER"
        }
      ]
    },
    {
      "name": "Super Energetic",
      "type": "OTHER",
      "metadata": {},
      "salience": 0.0125579,
      "mentions": [
        {
          "text": {
            "content": "Super Energetic",
            "beginOffset": -1
          },
          "type": "PROPER"
        }
      ]
    },
    {
      "name": "adopters",
      "type": "PERSON",
      "metadata": {},
      "salience": 0.010186426,
      "mentions": [
        {
          "text": {
            "content": "adopters",
            "beginOffset": -1
          },
          "type": "COMMON"
        }
      ]
    },
    {
      "name": "actor",
      "type": "PERSON",
      "metadata": {},
      "salience": 0.010173272,
      "mentions": [
        {
          "text": {
            "content": "actor",
            "beginOffset": -1
          },
          "type": "COMMON"
        }
      ]
    },
    {
      "name": "food",
      "type": "OTHER",
      "metadata": {},
      "salience": 0.0064211115,
      "mentions": [
        {
          "text": {
            "content": "food",
            "beginOffset": -1
          },
          "type": "COMMON"
        }
      ]
    }
  ],
  "documentSentiment": {
    "magnitude": 3.5,
    "score": 0.2
  },
  "language": "en",
  "categories": []
}
