{
  "sentences": [
    {
      "text": {
        "content": "Puppies rescued from the pound and ready for adoption.",
        "beginOffset": -1
      },
      "sentiment": {
        "magnitude": 0.1,
        "score": 0.1
      }
    },
    {
      "text": {
        "content": "2 males &amp; 1 female cream in colour.",
        "beginOffset": -1
      },
      "sentiment": {
        "magnitude": 0,
        "score": 0
      }
    },
    {
      "text": {
        "content": "All are friendly ,active and healthy .",
        "beginOffset": -1
      },
      "sentiment": {
        "magnitude": 0.9,
        "score": 0.9
      }
    },
    {
      "text": {
        "content": "Need a good home asap and will follow up with nuetering of the pups.",
        "beginOffset": -1
      },
      "sentiment": {
        "magnitude": 0.2,
        "score": 0.2
      }
    }
  ],
  "tokens": [],
  "entities": [
    {
      "name": "Puppies",
      "type": "OTHER",
      "metadata": {},
      "salience": 0.31630835,
      "mentions": [
        {
          "text": {
            "content": "Puppies",
            "beginOffset": -1
          },
          "type": "COMMON"
        }
      ]
    },
    {
      "name": "pound",
      "type": "OTHER",
      "metadata": {},
      "salience": 0.31630835,
      "mentions": [
        {
          "text": {
            "content": "pound",
            "beginOffset": -1
          },
          "type": "COMMON"
        }
      ]
    },
    {
      "name": "adoption",
      "type": "OTHER",
      "metadata": {},
      "salience": 0.132497,
      "mentions": [
        {
          "text": {
            "content": "adoption",
            "beginOffset": -1
          },
          "type": "COMMON"
        }
      ]
    },
    {
      "name": "colour",
      "type": "OTHER",
      "metadata": {},
      "salience": 0.04536464,
      "mentions": [
        {
          "text": {
            "content": "colour",
            "beginOffset": -1
          },
          "type": "COMMON"
        }
      ]
    },
    {
      "name": "males",
      "type": "PERSON",
      "metadata": {},
      "salience": 0.04482164,
      "mentions": [
        {
          "text": {
            "content": "males",
            "beginOffset": -1
          },
          "type": "COMMON"
        }
      ]
    },
    {
      "name": "cream",
      "type": "CONSUMER_GOOD",
      "metadata": {},
      "salience": 0.04482164,
      "mentions": [
        {
          "text": {
            "content": "cream",
            "beginOffset": -1
          },
          "type": "COMMON"
        }
      ]
    },
    {
      "name": "All",
      "type": "OTHER",
      "metadata": {},
      "salience": 0.044069197,
      "mentions": [
        {
          "text": {
            "content": "All",
            "beginOffset": -1
          },
          "type": "COMMON"
        }
      ]
    },
    {
      "name": "nuetering",
      "type": "OTHER",
      "metadata": {},
      "salience": 0.022004377,
      "mentions": [
        {
          "text": {
            "content": "nuetering",
            "beginOffset": -1
          },
          "type": "COMMON"
        }
      ]
    },
    {
      "name": "pups",
      "type": "PERSON",
      "metadata": {},
      "salience": 0.022004377,
      "mentions": [
        {
          "text": {
            "content": "pups",
            "beginOffset": -1
          },
          "type": "COMMON"
        }
      ]
    },
    {
      "name": "home",
      "type": "LOCATION",
      "metadata": {},
      "salience": 0.011800428,
      "mentions": [
        {
          "text": {
            "content": "home",
            "beginOffset": -1
          },
          "type": "COMMON"
        }
      ]
    }
  ],
  "documentSentiment": {
    "magnitude": 1.3,
    "score": 0.2
  },
  "language": "en",
  "categories": []
}
